Paper ID,Title,Primary candidate type,Secondary candidate types,Engineering subtype,Status,Patient cohorts,Statistical association,Prediction models,External validation,Bacterial perturbation,Host pathway intervention,Rescue / add-back,Cell / animal models,Method development,Microbial engineering,Materials / delivery
ITB-000785,Helicobacter pylori and non-Helicobacter pylori bacterial flora in gastric mucosal and tumour specimens of patients with primary gastric lymphoma.,Clinical statistics,,,Automatic candidate; requires manual review,"In this study, both a MG and a specific immunohistochemical stain (IMM) for H. pylori (Dako B471) were performed on sequential slides of resected material containing tumour and non-tumorous gastric mucosa from patients with primary gastric lymphoma (n = 52). | In total, 32 (61.5%) patients were H. pylori positive using IMM and 34 (65.4%) were non-H. pylori positive using MG. | In 24 out of the 34 patients, the non-H. pylori flora consisted mainly of cocci in combination with rods in 15 patients, mostly in minor quantities; in another 10 patients, high numbers of both cocci and different types of rods were present. | Most non-H. pylori bacteria were localized superficially, although in 22 patients minor quantities of non-H. pylori were also seen in the glandular lumina. | After all of the patients had been analysed, no differences in the density of H. pylori and of non-H. pylori flora were found. | Only when comparing patients who had a small-cell lymphoma with those who had a large-cell lymphoma was a significantly higher density of H. pylori found in the corpus mucosa of large-cell lymphomas and a higher prevalence of non-H. pylori was found in tumours, in antrum or corpus, of patients with large-cell lymphomas. | In conclusion, with joint evaluation using MG and a H. pylori-specific immunohistochemical stains, the proportion of H. pylori-positive gastric lymphoma patients was lower than in most previous studies but other bacteria were found in a relatively high proportion.",There is an association between Helicobacter pylori (H. pylori) and gastric mucosa-associated lymphoid tissue (MALT) and MALT lymphoma.,Not found in abstract / unknown,Not found in abstract / unknown,Not found in abstract / unknown,Not found in abstract / unknown,Not found in abstract / unknown,Not found in abstract / unknown,Not found in abstract / unknown,Not found in abstract / unknown,Not found in abstract / unknown
ITB-000787,Helicobacter pylori-dependent NF-kappa B activation in newly established Mongolian gerbil gastric cancer cell lines.,Mechanistic studies,,,Automatic candidate; requires manual review,Not found in abstract / unknown,Not found in abstract / unknown,Not found in abstract / unknown,Not found in abstract / unknown,Not found in abstract / unknown,"Rapid phosphorylation of IkappaB, Erk1/2, and AKT of these cells was observed by Interleukin-1 beta stimulation, and luciferase reporter gene assay on transcriptional activation of Nuclear Factor kappa B after challenging with either H. pylori NCTC11637 or its isogenic cagE-knockout mutant, H. pylori revealed the cagE-dependent NF-kappaB transcriptional activation.",Not found in abstract / unknown,"However, there have been no established adenocarcinoma cell lines from this model animal. | In the present study, we have established cancer cell lines from a primary gastric cancer tissue of a Mongolian gerbil. | The derived cells could be stably attached with H. pylori, revealed under a scanning electron microscope, and easily transplanted to the nude mice. | The newly established cancer cell lines from the in vivo gastric carcinogenesis model animal, the Mongolian gerbil, can be used to develop effective therapeutic strategies against gastric cancer, especially in exploring the effect of H. pylori, and thus might greatly contribute to gastric cancer prevention and treatment in humans.",Not found in abstract / unknown,Not found in abstract / unknown,Not found in abstract / unknown
ITB-000788,Annexin A4: A novel molecular marker for gastric cancer with Helicobacter pylori infection using proteomics approach.,Reviews / synthesis,,,Automatic candidate; requires manual review,"Here, we used a proteomic approach to find differentially expressed proteins between the normal and tumor tissue of gastric cancer patients infected with H. pylori. | In our results, we found annexin A4 was over-expressed in patients infected with H. pylori and was found in tumor cells, and over-expressed in gastric cancer SCM-1 cells after H. pylori infection.",Not found in abstract / unknown,Not found in abstract / unknown,Not found in abstract / unknown,Not found in abstract / unknown,Not found in abstract / unknown,Not found in abstract / unknown,Not found in abstract / unknown,Not found in abstract / unknown,Not found in abstract / unknown,Not found in abstract / unknown
ITB-000789,Helicobacter pylori infection is an independent risk factor for Runx3 methylation in gastric cancer.,Unresolved,,,Automatic candidate; requires manual review,Not found in abstract / unknown,"Then, we correlated Runx3 methylation in the cancer tissue specimens with clinicopathological factors as well as the mucosal backgrounds, such as intestinal metaplasia surrounding the cancer cells and Helicobacter pylori (H. pylori) infection. | In comparison to the clinicopathological factors, Runx3 methylation was significantly correlated with both age and tumor location. | A multivariate analysis demonstrated that age and tumor location as well as H. pylori infection were independent risk factors for Runx3 methylation.",Not found in abstract / unknown,Not found in abstract / unknown,Not found in abstract / unknown,Not found in abstract / unknown,Not found in abstract / unknown,Runx 3 expression is frequently suppressed by the promoter hypermethylation in gastric cancer cell lines and tissues.,Not found in abstract / unknown,Not found in abstract / unknown,Not found in abstract / unknown
ITB-000790,"Helicobacter pylori infection promotes methylation and silencing of trefoil factor 2, leading to gastric tumor development in mice and humans.",Mechanistic studies,,,Automatic candidate; requires manual review,Not found in abstract / unknown,"TFF2 expression is frequently lost in gastric neoplasms, but the nature of the silencing mechanism and associated impact on tumorigenesis have not been determined. | TFF2 methylation levels were inversely correlated with TFF2 messenger RNA levels and could be used to discriminate between disease-free controls, H pylori-infected, and tumor tissues.",Not found in abstract / unknown,Not found in abstract / unknown,Not found in abstract / unknown,"TFF2 expression is frequently lost in gastric neoplasms, but the nature of the silencing mechanism and associated impact on tumorigenesis have not been determined. | METHODS: We investigated the epigenetic silencing of TFF2 in gastric biopsy specimens from individuals with Helicobacter pylori-positive gastritis, intestinal metaplasia, gastric cancer, and disease-free controls. | Genome demethylation restored TFF2 expression in gastric cancer cell lines, so TFF2 silencing requires methylation.",Not found in abstract / unknown,"TFF2 function and methylation were manipulated in gastric cancer cell lines. | The effects of Tff2 deficiency on tumor growth were investigated in the gp130(F/F) mouse model of gastric cancer. | Genome demethylation restored TFF2 expression in gastric cancer cell lines, so TFF2 silencing requires methylation. | In Tff2-deficient gp130(F/F)/Tff2(-/-) mice, proliferation of mucosal cells and release of T helper cell type-1 (Th-1) 1 cytokines increased, whereas expression of gastric tumor suppressor genes and Th-2 cytokines were reduced, compared with gp130(F/F)controls. | The fundus of gp130(F/F)/Tff2(-/-) mice displayed glandular atrophy and metaplasia, indicating accelerated preneoplasia. | Experimental H pylori infection in wild-type mice reduced antral expression of Tff2 by increased promoter methylation.",Not found in abstract / unknown,Not found in abstract / unknown,Not found in abstract / unknown
ITB-000791,Mycoplasma hyorhinis infection in gastric carcinoma and its effects on the malignant phenotypes of gastric cancer cells.,Clinical statistics,,,Automatic candidate; requires manual review,"RESULTS: Mycoplasma hyorhinis infection in gastric cancer tissues was revealed and statistical analysis indicated a significant association between mycoplasma infections and lymph node metastasis, Lauren's Classification, TNM stage, and age of the patients.","Statistical analysis was used to check the association between mycoplasma infection and clinicopathologic parameters. | RESULTS: Mycoplasma hyorhinis infection in gastric cancer tissues was revealed and statistical analysis indicated a significant association between mycoplasma infections and lymph node metastasis, Lauren's Classification, TNM stage, and age of the patients. | Mycoplasma hyorhinis promoted tumor cell migration, invasion and metastasis in vitro and in vivo, which was possibly associated with the enhanced phosphorylation of EGFR and ERK1/2.",Not found in abstract / unknown,Not found in abstract / unknown,The antibody against p37 protein of Mycoplasma hyorhinis could inhibit the migration of the infected cells.,Not found in abstract / unknown,Not found in abstract / unknown,"Transwell chamber assay and metastasis assay were used to evaluate mycoplasma hyorhinis' effects on metastasis in vitro and in vivo. | Mycoplasma hyorhinis promoted tumor cell migration, invasion and metastasis in vitro and in vivo, which was possibly associated with the enhanced phosphorylation of EGFR and ERK1/2.",Not found in abstract / unknown,Not found in abstract / unknown,Not found in abstract / unknown
ITB-000792,A possible role of cIAP2 in Helicobacter pylori-associated gastric cancer.,Unresolved,,,Automatic candidate; requires manual review,Not found in abstract / unknown,Not found in abstract / unknown,Not found in abstract / unknown,Not found in abstract / unknown,Not found in abstract / unknown,Not found in abstract / unknown,Not found in abstract / unknown,"We measured the expression of cIAP2 at mRNA and protein levels in a panel of gastric cancer cell lines and human gastric cancer tissues by semi-quantitative reverse transcriptase PCR (RT-PCR), quantitative real time PCR (qPCR), immunoblotting, and immunohistochemistry. | Infection of gastric mucosa by HP enhances the expression of cIAP2 in mouse gastric tissues.",Not found in abstract / unknown,Not found in abstract / unknown,Not found in abstract / unknown
ITB-000793,Helicobacter pylori promotes epithelial-mesenchymal transition in gastric cancer by downregulating programmed cell death protein 4 (PDCD4).,Unresolved,,,Automatic candidate; requires manual review,Not found in abstract / unknown,"Helicobacter pylori, a Gram-negative, microaerophilic bacterium found in the stomach, is assumed to be associated with carcinogenesis, invasion and metastasis in digestive diseases. | Cytotoxin-associated gene A (CagA) is an oncogenic protein of H. pylori that is encoded by a Cag pathogenicity island related to the development of gastric cancer. | These changes were associated with degree of tissue malignancy.",Not found in abstract / unknown,Not found in abstract / unknown,Not found in abstract / unknown,Not found in abstract / unknown,Not found in abstract / unknown,"H. pylori may promote EMT in human gastric cancer cell lines, but the specific mechanisms are still obscure. | Thus, H. pylori CagA induced EMT in gastric cancer cells, which reveals a new signaling pathway of EMT in gastric cancer cell lines.",Not found in abstract / unknown,Not found in abstract / unknown,Not found in abstract / unknown
ITB-000796,Mycoplasma hyorhinis infection promotes NF-κB-dependent migration of gastric cancer cells.,Clinical statistics,,,Automatic candidate; requires manual review,"Chronic infection of Mycoplasma hyorhinis (M. hyorhinis) has been postulated to be associated with several types of cancer, but its effect on patients' survival and host factors mediating its infection remain unclear.","Chronic infection of Mycoplasma hyorhinis (M. hyorhinis) has been postulated to be associated with several types of cancer, but its effect on patients' survival and host factors mediating its infection remain unclear.",Not found in abstract / unknown,Not found in abstract / unknown,Not found in abstract / unknown,"M. hyorhinis infection is inhibited by siRNA-mediated knockdown of ANXA2 or EGFR, but is enhanced by expression of ectopic ANXA2 or EGFR.",Not found in abstract / unknown,Not found in abstract / unknown,Not found in abstract / unknown,Not found in abstract / unknown,Not found in abstract / unknown
ITB-000798,Ablation of osteopontin suppresses N-methyl-N-nitrosourea and Helicobacter pylori-induced gastric cancer development in mice.,Mechanistic studies,,,Automatic candidate; requires manual review,Not found in abstract / unknown,"In addition, a negative correlation was clearly identified between expression of OPN and iNOS in human gastric cancer tissues.",Not found in abstract / unknown,Not found in abstract / unknown,Not found in abstract / unknown,Wild-type (WT) and OPN knockout (KO) mice were treated with N-methyl-N-nitrosourea (MNU) and infected with H.pylori.,Not found in abstract / unknown,"Wild-type (WT) and OPN knockout (KO) mice were treated with N-methyl-N-nitrosourea (MNU) and infected with H.pylori. | Mice were killed 50 weeks after treatment, and stomach tissues were assessed by histopathological examination, immunohistochemistry, quantitative real-time RT-PCR and western blotting. | To clarify the carcinogenic effects of OPN, we also conducted an in vitro study using AGS human gastric cancer cell line and THP-1 human monocytic cell line. | The overall incidence of gastric tumors was significantly decreased in OPN KO mice compared with WT mice. | Apoptotic cell death was significantly enhanced in OPN KO mice and was accompanied by upregulation of signal transducer and activator of transcription 1 (STAT1) and inducible nitric oxide synthase (iNOS). | In vitro study, OPN suppression also caused STAT1 upregulation and iNOS overexpression in AGS and THP-1 cells, which resulted in apoptosis of AGS cells.",Not found in abstract / unknown,Not found in abstract / unknown,Not found in abstract / unknown
ITB-000799,Proteomics-Based Identification and Analysis of Proteins Associated with Helicobacter pylori in Gastric Cancer.,Unresolved,,,Automatic candidate; requires manual review,Not found in abstract / unknown,"The available evidence indicates a strong link between the virulence factor of H. pylori, cytotoxin-associated gene A (CagA), and gastric cancer.",Not found in abstract / unknown,Not found in abstract / unknown,Not found in abstract / unknown,Not found in abstract / unknown,Not found in abstract / unknown,"To further characterize H. pylori virulence, we established three cell lines by infecting the gastric cancer cell lines SGC-7901 and AGS with cagA+ H. pylori and transfecting SGC-7901 with a vector carrying the full-length cagA gene. | We detected 135 differently expressed proteins from the three cell lines using proteome technology, and 10 differential proteins common to the three cell lines were selected and identified by LC-MS/MS as well as verified by western blot: β-actin, L-lactate dehydrogenase (LDH), dihydrolipoamide dehydrogenase (DLD), pre-mRNA-processing factor 19 homolog (PRPF19), ATP synthase, calmodulin (CaM), p64 CLCP, Ran-specific GTPase-activating protein (RanGAP), P43 and calreticulin.",Not found in abstract / unknown,Not found in abstract / unknown,Not found in abstract / unknown
ITB-000800,Helicobacter pylori promotes angiogenesis depending on Wnt/beta-catenin-mediated vascular endothelial growth factor via the cyclooxygenase-2 pathway in gastric cancer.,Mechanistic studies,Clinical statistics,,Automatic candidate; requires manual review,"METHODS: To clarify the relationship between H. pylori infection and angiogenesis, we first investigated H. pylori colonization, COX-2, VEGF, beta-catenin expression, and microvessel density (MVD) in gastric cancer tissues from 106 patients. | H. pylori infection was not related to sex or age in gastric cancer patients, but correlated with the depth of tumor invasion, lymph node metastasis, and tumor-node-metastasis stage (P < 0.05) and correlated with the COX-2 expression and beta-catenin expression(P < 0.01).","Angiogenesis (i.e., the growth of new blood vessels) is closely associated with the incidence and development of gastric cancer. | Our previous study found that COX-2 stimulates gastric cancer cells to induce expression of the angiogenic growth factor VEGF through an unknown mechanism. | METHODS: To clarify the relationship between H. pylori infection and angiogenesis, we first investigated H. pylori colonization, COX-2, VEGF, beta-catenin expression, and microvessel density (MVD) in gastric cancer tissues from 106 patients. | In addition, COX-2, phospho-beta-catenin, and beta-catenin expression were measured by western blotting, and VEGF expression was measured by ELISA in H. pylori-infected SGC7901 and MKN45 human gastric cancer cells. | Furthermore, COX-2, beta-catenin, and VEGF expression, and MVD were significantly higher in H. pylori-positive gastric cancer tissues than in H. pylori-negative gastric cancer tissues (P < 0.01). | H. pylori infection was not related to sex or age in gastric cancer patients, but correlated with the depth of tumor invasion, lymph node metastasis, and tumor-node-metastasis stage (P < 0.05) and correlated with the COX-2 expression and beta-catenin expression(P < 0.01). | Further analysis revealed that H. pylori-induced VEGF expression was mediated by COX-2 via activation of the Wnt/beta-catenin pathway. | CONCLUSIONS: The COX-2/Wnt/beta-catenin/VEGF pathway plays an important role in H. pylori-associated gastric cancer development. | The COX-2/Wnt/beta-catenin pathway is therefore a novel therapeutic target for H. pylori-associated gastric cancers.",Not found in abstract / unknown,Not found in abstract / unknown,"METHODS: To clarify the relationship between H. pylori infection and angiogenesis, we first investigated H. pylori colonization, COX-2, VEGF, beta-catenin expression, and microvessel density (MVD) in gastric cancer tissues from 106 patients. | RESULTS: H. pylori colonization occurred in 36.8 % of gastric carcinoma samples.",Not found in abstract / unknown,Not found in abstract / unknown,Further cell experiments confirmed that H. pylori infection upregulated VEGF in vitro.,Not found in abstract / unknown,Not found in abstract / unknown,Not found in abstract / unknown
ITB-000801,Helicobacter Pylori Promote B7-H1 Expression by Suppressing miR-152 and miR-200b in Gastric Cancer Cells.,Clinical statistics,,,Automatic candidate; requires manual review,"Finally, B7-H1 expression was found to correlate with miR-152 and miR-200b levels in gastric tumor tissues from human patients.","The most common cause of gastric cancer is infection with helicobacter pylori (HP), but the associated molecular mechanism is not well understood.",Not found in abstract / unknown,Not found in abstract / unknown,Not found in abstract / unknown,Not found in abstract / unknown,Not found in abstract / unknown,Not found in abstract / unknown,Not found in abstract / unknown,Not found in abstract / unknown,Not found in abstract / unknown
ITB-000802,"MicroRNA-222-3p associated with Helicobacter pylori targets HIPK2 to promote cell proliferation, invasion, and inhibits apoptosis in gastric cancer.",Mechanistic studies,,,Automatic candidate; requires manual review,Not found in abstract / unknown,Not found in abstract / unknown,Not found in abstract / unknown,Not found in abstract / unknown,Not found in abstract / unknown,"After that, functional experiments indicated that miR-222-3p overexpression promoted the proliferation and invasion, while inhibiting apoptosis of SGC7901 gastric cancer cells, but miR-222-3p knockdown exhibited the opposite effects. | Also, HIPK2 knockdown induced similar effects as miR-222-3p overexpression in SGC7901 cells.",Not found in abstract / unknown,"Nude mouse experiments further suggested that HIPK2 overexpression signally attenuated the enhancing effect of miR-222-3p overexpression on cell proliferation, indicating that the effect of miR-222-3p on gastric cancer progression depends on HIPK2, at least in part.",Not found in abstract / unknown,Not found in abstract / unknown,Not found in abstract / unknown
ITB-000803,Helicobacter pylori-induced exosomal MET educates tumour-associated macrophages to promote gastric cancer progression.,Unresolved,,,Automatic candidate; requires manual review,Not found in abstract / unknown,"Helicobacter pylori (H. pylori) infection triggers chronic inflammation that has been associated with gastric cancer (GC). | Taken together, these data were the first to demonstrate H. pylori infection-induced upregulation of activated MET in exosomes and the pro-tumorigenic effect on tumour-associated macrophages.",Not found in abstract / unknown,Not found in abstract / unknown,Not found in abstract / unknown,Not found in abstract / unknown,Not found in abstract / unknown,"This included exosomal MET-mediated stimulation of proinflammatory cytokine secretion IL-1β, which subsequently promoted tumour growth and progression in vitro and in vivo.",Not found in abstract / unknown,Not found in abstract / unknown,Not found in abstract / unknown
ITB-000804,Helicobacter pylori-induced miR-135b-5p promotes cisplatin resistance in gastric cancer.,Mechanistic studies,,,Automatic candidate; requires manual review,Not found in abstract / unknown,Not found in abstract / unknown,Not found in abstract / unknown,Not found in abstract / unknown,Not found in abstract / unknown,"Furthermore, we found that miR-135b-5p is also up-regulated in gastric tumors from the trefoil factor 1-knockout mouse model.",Not found in abstract / unknown,"Furthermore, we found that miR-135b-5p is also up-regulated in gastric tumors from the trefoil factor 1-knockout mouse model. | Infection with H. pylori induced the expression of miR-135b-5p in the in vitro and in vivo models. miR-135b-5p induction was mediated by NF-κB.",Not found in abstract / unknown,Not found in abstract / unknown,Not found in abstract / unknown
ITB-000805,MicroRNA‑140 suppresses Helicobacter pylori‑positive gastric cancer growth by enhancing the antitumor immune response.,Clinical statistics,,,Automatic candidate; requires manual review,"Gastritis tissue samples from gastritis patients, and gastric cancer tissue samples from gastric cancer patients were collected for miR‑140 expression detection. miR‑140 expression was detected using reverse transcription‑quantitative polymerase chain reaction, and protein expression was measured by western blotting.","The aim of the current study was to investigate the role and molecular mechanisms of miR‑140 in Helicobacter pylori (Hp)‑associated gastric cancer, and to examine its relationship with immune function in gastric cancer. | TargetScan and dual luciferase reporter assays were used to reveal the association between miR‑140 and programmed cell death‑ligand 1 (PD‑L1). | Furthermore, it was determined that the tumor‑suppressive role of miR‑140 in gastric cancer was associated with increased cytotoxic CD8+ T cell and reduced myeloid‑derived suppressive and regulatory T cell infiltration. miR‑140 significantly prevented mammalian target of rapamycin signaling in gastric cancer cells.",Not found in abstract / unknown,Not found in abstract / unknown,Not found in abstract / unknown,Not found in abstract / unknown,Not found in abstract / unknown,In vivo experiments also revealed that miR‑140 markedly repressed tumor growth in the C57BL/6 mice.,Not found in abstract / unknown,Not found in abstract / unknown,Not found in abstract / unknown
ITB-000807,L-Plastin Promotes Gastric Cancer Growth and Metastasis in a Helicobacter pylori cagA-ERK-SP1-Dependent Manner.,Unresolved,,,Automatic candidate; requires manual review,Not found in abstract / unknown,"We further explored the regulation and function of L-plastin in H. pylori-associated gastric cancer and found that, mechanistically, H. pylori infection induced gastric cancer cells to express L-plastin via cagA-activated ERK signaling pathway to mediate SP1 binding to L-plastin promoter. | Finally, we detected the expression pattern of L-plastin in gastric cancer tissues, and found that L-plastin was increased in gastric cancer tissues and that this increase of L-plastin positively correlated with cagA + H. pylori infection status.",Not found in abstract / unknown,Not found in abstract / unknown,Not found in abstract / unknown,Not found in abstract / unknown,Not found in abstract / unknown,"Moreover, this increased L-plastin promoted gastric cancer cell proliferation and migration in vitro and facilitated the growth and metastasis of gastric cancer in vivo.",Not found in abstract / unknown,Not found in abstract / unknown,Not found in abstract / unknown
ITB-000808,Fusobacterium nucleatum colonization is associated with decreased survival of helicobacter pylori-positive gastric cancer patients.,Mechanistic studies,Clinical statistics,,Automatic candidate; requires manual review,"F. nucleatum is known to exert cytotoxic effects and play a role in the progression of colorectal cancer, though the impact of F. nucleatum colonization on gastric cancer cells and patient prognosis has not yet been examined. | A cohort of gastric cancer patients undergoing gastrectomy was recruited, and nested polymerase chain reaction was performed to detect the presence of F. nucleatum in resected cancer tissues. | Statistical analysis was performed to determine whether F. nucleatum colonization affects patient survival. | According to the clinical specimen analysis, approximately one-third of the gastric cancer patients were positive for F. nucleatum, and statistical analysis indicated that the risk for colonization increases in late-stage cancer patients. | Survival analysis demonstrated that F. nucleatum colonization was associated with poorer outcomes among patients also positive for Helicobacter pylori (H. pylori). | Cohort analysis demonstrated that F. nucleatum colonization leads to poorer prognosis in H. pylori-positive patients with late-stage gastric cancer. | Hence, combined colonization of F. nucleatum and H. pylori is a predictive biomarker for poorer survival in late-stage gastric cancer patients treated with gastrectomy.",BACKGROUND: An increased amount of Fusobacterium nucleatum (F. nucleatum) is frequently detected in the gastric cancer-associated microbiota of the Taiwanese population. | Survival analysis demonstrated that F. nucleatum colonization was associated with poorer outcomes among patients also positive for Helicobacter pylori (H. pylori).,Not found in abstract / unknown,Not found in abstract / unknown,"F. nucleatum is known to exert cytotoxic effects and play a role in the progression of colorectal cancer, though the impact of F. nucleatum colonization on gastric cancer cells and patient prognosis has not yet been examined. | Statistical analysis was performed to determine whether F. nucleatum colonization affects patient survival. | RESULTS: RNA sequencing and subsequent pathway analysis revealed a drastic interferon response induced by a high colonization load. | In contrast, deregulation of actin and its regulators was observed during prolonged incubation under a low colonization load, likely altering the mobility of gastric cancer cells. | According to the clinical specimen analysis, approximately one-third of the gastric cancer patients were positive for F. nucleatum, and statistical analysis indicated that the risk for colonization increases in late-stage cancer patients. | Survival analysis demonstrated that F. nucleatum colonization was associated with poorer outcomes among patients also positive for Helicobacter pylori (H. pylori). | CONCLUSION: F. nucleatum colonization leads to deregulation of actin dynamics and likely changes cancer cell mobility. | Cohort analysis demonstrated that F. nucleatum colonization leads to poorer prognosis in H. pylori-positive patients with late-stage gastric cancer. | Hence, combined colonization of F. nucleatum and H. pylori is a predictive biomarker for poorer survival in late-stage gastric cancer patients treated with gastrectomy.",Not found in abstract / unknown,Not found in abstract / unknown,"METHODS: Coculture of F. nucleatum with a gastric cancer cell line was performed, and changes in gene expression were investigated.",Not found in abstract / unknown,Not found in abstract / unknown,Not found in abstract / unknown
ITB-000809,Bacteria-Derived Extracellular Vesicles in Urine as a Novel Biomarker for Gastric Cancer: Integration of Liquid Biopsy and Metagenome Analysis.,Clinical statistics,,,Automatic candidate; requires manual review,The microbial composition of healthy groups and gastric cancer patient groups was significantly different in all sample types.,Not found in abstract / unknown,"We aimed to evaluate the microbial composition in gastric cancer using bacteria-derived EVs and to build a diagnostic prediction model for gastric cancer with the metagenome data. | Among the diagnostic prediction models for gastric cancer, the urine-based model showed the highest performance when compared to that of stool or serum.",Not found in abstract / unknown,Not found in abstract / unknown,Not found in abstract / unknown,Not found in abstract / unknown,Not found in abstract / unknown,Not found in abstract / unknown,Not found in abstract / unknown,Not found in abstract / unknown
ITB-000810,Dysbiosis of Gastric Mucosal Fungal Microbiota in the Gastric Cancer Microenvironment.,Clinical statistics,,,Automatic candidate; requires manual review,"METHODS: Gastric fungal microbiome profiling was performed with internal transcribed spacer (ITS) rDNA sequencing in primary tumor and corresponding paired normal mucosal tissues from 61 GC patients. | Twenty-seven of the 61 GC patients showed positive Solicoccozyma expression in tumors. | Solicoccozyma was considered a gastric fungal marker to classify stage I and stage II-IV GC patients with an area under the receiver-operating curve (AUC) of 0.7061, as well as to classify the nerve invasive and nonnerve invasive tumors from GC patients with an AUC of 0.6978.","BACKGROUND: Microbes have been shown to contribute to gastric cancer (GC), gastric bacteria and viruses are associated with gastric carcinogenesis. | Solicoccozyma-positive expression in tumors was associated with the Bormann classification and nerve invasion. | Functional prediction indicated that the positive expression of Solicoccozyma in tumors was associated with the amino acid- and carbohydrate-related metabolic pathways in GC.","Solicoccozyma was considered a gastric fungal marker to classify stage I and stage II-IV GC patients with an area under the receiver-operating curve (AUC) of 0.7061, as well as to classify the nerve invasive and nonnerve invasive tumors from GC patients with an AUC of 0.6978.",Not found in abstract / unknown,Not found in abstract / unknown,Not found in abstract / unknown,Not found in abstract / unknown,Not found in abstract / unknown,Not found in abstract / unknown,Not found in abstract / unknown,Not found in abstract / unknown
ITB-000811,Genetic mutation and tumor microbiota determine heterogenicity of tumor immune signature: Evidence from gastric and colorectal synchronous cancers.,Unresolved,,,Automatic candidate; requires manual review,Not found in abstract / unknown,"Both colorectal and gastric cancer are lethal solid-tumor malignancies, leading to the majority of cancer-associated deaths worldwide.",Not found in abstract / unknown,Not found in abstract / unknown,Not found in abstract / unknown,Not found in abstract / unknown,Not found in abstract / unknown,Not found in abstract / unknown,Not found in abstract / unknown,Not found in abstract / unknown,Not found in abstract / unknown
ITB-000812,The composition and functional profile of the microbial communities in human gastric cancer tissues and adjacent normal tissues.,Clinical statistics,,,Automatic candidate; requires manual review,"In this study, we aimed to compare the microbial community composition and the predicted functional profile in paired cancer and adjacent normal tissues of gastric cancer patients. | Cancer tissues and adjacent normal tissues were collected from 10 patients with gastric cancer under endoscopy, and genomic DNA was extracted. | In conclusion, there is a significant difference in the composition of the mucosa-related microbial communities between cancer tissues and adjacent normal tissues in patients with gastric cancer.","Moreover, those taxa enriched in cancer tissues are associated with the synthesis and degradation of ketone bodies.",Not found in abstract / unknown,Not found in abstract / unknown,Not found in abstract / unknown,Not found in abstract / unknown,Not found in abstract / unknown,Not found in abstract / unknown,Not found in abstract / unknown,Not found in abstract / unknown,Not found in abstract / unknown
ITB-000813,Overexpression of HOXA-AS2 LncRNA in Patients with Gastric Cancer and Its Association with Helicobacter pylori Infection.,Clinical statistics,,,Automatic candidate; requires manual review,"The present study was designed to assess the difference of HOXA-AS2 gene expression levels in cancerous tissues as compared to marginal noncancerous tissues of gastric cancer patients. | METHODS: Fifty pairs of cancerous and marginal noncancerous tissue of gastric cancer patients were collected in the present study. | RESULTS: The HOXA-AS2 expression was significantly elevated in cancerous tissues as compared to marginal noncancerous tissues in gastric cancer patients (p < 0.0001). | CONCLUSION: With regard to the overexpression of HOXA-AS2 in gastric cancer tissues, the mentioned gene may serve as an oncogenic lncRNA in gastric cancer patients. | Moreover, HOXA-AS2 can act as a potential biomarker in molecular targeted therapies to recognize and treat gastric cancer patients.","Furthermore, the association between HOXA-AS2 expression and the clinicopathological features as well as the function of HOXA-AS2 biomarkers was evaluated. | Analysis of gene expression data revealed that there was a significant association between an increased HOXA-AS2 gene expression and clinicopathological features such as tumor size ˃ 5 cm (p = 0.009), lymph node metastasis (p = 0.028), and H. pylori infection (p = 0.011).","The results of ROC analysis indicated that HOXA-AS2 with AUC, sensitivity, and specificity of 0.816, 92%, and 70%, respectively, can act as a potential biomarker (CI 95% = 0.7297-0.9023).",Not found in abstract / unknown,Not found in abstract / unknown,Not found in abstract / unknown,Not found in abstract / unknown,Not found in abstract / unknown,Not found in abstract / unknown,Not found in abstract / unknown,Not found in abstract / unknown
ITB-000814,Differential Expression of α-Enolase in Clinical Gastric Tissues and Cultured Normal/Cancer Cells in Response to Helicobacter pylori Infection and cagA Transfection.,Clinical statistics,,,Automatic candidate; requires manual review,"Results: A total of 172 gastric specimens were collected from 142 patients, the former comprising chronic superficial gastritis (CSG), precancerous diseases (PCDs, including atrophic gastritis, intestinal metaplasia and dysplasia) and gastric cancer (GC) cases.","Conclusions: This report reveals that ENO1 expression is associated with H. pylori infection, cagA transfection, co-culture duration, multiplicity of infection, gastric normal/cancerous cell lines and cellular differentiation.",Not found in abstract / unknown,Not found in abstract / unknown,Not found in abstract / unknown,Not found in abstract / unknown,Not found in abstract / unknown,"Conclusions: This report reveals that ENO1 expression is associated with H. pylori infection, cagA transfection, co-culture duration, multiplicity of infection, gastric normal/cancerous cell lines and cellular differentiation.",Not found in abstract / unknown,Not found in abstract / unknown,Not found in abstract / unknown
ITB-000815,Effects of Helicobacter pylori on the expression of the FTO gene and its biological role in gastric cancer.,Clinical statistics,,,Automatic candidate; requires manual review,"Patient survival rate was significantly decreased in patients with high expression levels of FTO. | In conclusion, the data suggests that Hp infection leads to upregulation of the FTO gene, which may be related to patient survival rate, tumor staging and other pathological parameters of patients with gastric cancer.","The fat mass and obesity-associated (FTO) gene is associated with the development and progression of various cancer types such as glioma, leukemia, breast cancer and colorectal cancer. | It was also demonstrated that FTO expression was associated with several pathological parameters, such as tumor stage, metastasis stage and the American Joint Committee on Cancer stage. | The FTO gene was positively correlated with 16,601 genes in gastric cancer and negatively correlated with 3,623 genes. | Gene Ontology enrichment analysis demonstrated that FTO was significantly enriched in the regulation of gene expression and oxidative RNA demethylase activity, and it was associated with components such as the RNA N6-methyladenosine methyltransferase complex and nuclear speckle.",Not found in abstract / unknown,Not found in abstract / unknown,"In addition, knockdown of the FTO gene inhibited the migration and invasion of Hp-infected cells.","In addition, knockdown of the FTO gene inhibited the migration and invasion of Hp-infected cells.",Not found in abstract / unknown,Not found in abstract / unknown,Not found in abstract / unknown,Not found in abstract / unknown,Not found in abstract / unknown
ITB-000816,Uncovering the special microbiota associated with occurrence and progression of gastric cancer by using RNA-sequencing.,Technical methods,,,Automatic candidate; requires manual review,Not found in abstract / unknown,"Interestingly, Acinetobacter, Pasteurella, Streptomyces, Chlamydia, and Lysobacter, showed a significant increase trend during tumor development and formed strong intra/inter-correlations among them or with other genera.",Not found in abstract / unknown,Not found in abstract / unknown,Not found in abstract / unknown,Not found in abstract / unknown,Not found in abstract / unknown,Not found in abstract / unknown,"In order to remove the false positive results, core taxa were defined and characterized.",Not found in abstract / unknown,Not found in abstract / unknown
ITB-000817,"Shotgun Metagenomics of Gastric Biopsies Reveals Compositional and Functional Microbiome Shifts in High- and Low-Gastric-Cancer-Risk Populations from Colombia, South America.",Clinical statistics,,,Automatic candidate; requires manual review,"In this study, we used WMS to survey the microbiome in extracted DNA from antral gastric biopsy samples from Colombian patients residing in the high-risk gastric cancer town Túquerres (n = 10, H. pylori-positive = 7) and low-risk town of Tumaco (n = 10, H. pylori-positive = 6).",This study shows WMS has the potential to characterize the taxonomy and function of the gastric microbiome as risk factors for H. pylori-associated gastric disease.,Not found in abstract / unknown,Not found in abstract / unknown,Not found in abstract / unknown,Not found in abstract / unknown,Not found in abstract / unknown,Not found in abstract / unknown,Not found in abstract / unknown,Not found in abstract / unknown,Not found in abstract / unknown
ITB-000818,DNA Methylation-Mediated Overexpression of CXCL1 in Helicobacter pylori-Induced Gastric Cancer: In Silico- and In Vitro-Based Identification of a Potential Biomarker for Carcinogenesis.,Unresolved,,,Automatic candidate; requires manual review,Not found in abstract / unknown,"Given the high global prevalence and mortality associated with gastric cancer, and its known causal link with Helicobacter pylori infection, it is important to have a biomarker to identify malignant transformation at early stages.",Not found in abstract / unknown,Not found in abstract / unknown,Not found in abstract / unknown,Not found in abstract / unknown,Not found in abstract / unknown,In silico analysis of publicly available datasets and in vitro experiments were performed.,Not found in abstract / unknown,Not found in abstract / unknown,Not found in abstract / unknown
ITB-000821,GDF6 in gastric cancer upregulated by helicobacter pylori induces epithelial-mesenchymal translation via the TGF-β/SMAD3 signaling pathway.,Mechanistic studies,Clinical statistics,,Automatic candidate; requires manual review,"OBJECTIVE: To investigate the association between Helicobacter pylori infection and GDF6 expression in gastric cancer patients, and to determine its influence on prognosis and resistance to capecitabine. | METHODS: Tumor and adjacent non-tumor tissues were collected from 148 gastric cancer patients who underwent surgery in our department from October 2019 to June 2022. | Of these patients, 78 tested positive for Helicobacter pylori and 70 tested negative. | Patient prognosis was monitored via follow-up.","OBJECTIVE: To investigate the association between Helicobacter pylori infection and GDF6 expression in gastric cancer patients, and to determine its influence on prognosis and resistance to capecitabine. | RESULTS: GDF6 expression in gastric cancer tissues was significantly correlated with cancer grading and staging (P<0.05). | Kaplan-Meier survival analysis indicated that high GDF6 expression was associated with poor survival prognosis. | CONCLUSION: Helicobacter pylori infection is associated with increased GDF6 expression in gastric cancer tissue, correlating with poor survival prognosis.",Not found in abstract / unknown,Not found in abstract / unknown,Not found in abstract / unknown,"HGC27 cells exhibiting high GDF6 expression and BGC823 cells with low expression were used to create GDF6-silenced and overexpressed cell lines. | Overexpressed GDF6 enhanced the proliferation, migration, and invasion abilities of gastric cancer cells, while silencing GDF6 yielded opposite results.",Not found in abstract / unknown,Western blotting analyzed GDF6 expression in common gastric cancer cell lines. | HGC27 cells exhibiting high GDF6 expression and BGC823 cells with low expression were used to create GDF6-silenced and overexpressed cell lines.,Not found in abstract / unknown,Not found in abstract / unknown,Not found in abstract / unknown
ITB-000822,Gut microbiome-derived butyrate inhibits the immunosuppressive factors PD-L1 and IL-10 in tumor-associated macrophages in gastric cancer.,Clinical statistics,,,Automatic candidate; requires manual review,"We investigated the intestinal microbiome of GC patients and attempted to reverse the immunosuppression of the immune and cancer cells of GC patients through the modulation of microbiome metabolites. | We evaluated the levels of programmed death-ligand 1 (PD-L1) and interleukin (IL)-10 in the peripheral blood immunocytes of GC patients. | Cancer tissues were obtained from patients who underwent surgical resection of GC, and stained sections of cancer tissues were visualized via confocal microscopy. | The intestinal microbiome was analyzed using stool samples of healthy individuals and GC patients. | Patient-derived avatar model was developed by injecting peripheral blood mononuclear cells (PBMCs) from advanced GC (AGC) patients into NSG mice, followed by injection of AGS cells. | PD-L1 and IL-10 had higher expression levels in immune cells of GC patients than in those of healthy controls. | The levels of immunosuppressive factors were increased in the immune and tumor cells of tumor tissues of GC patients. | The abundances of Faecalibacterium and Bifidobacterium in the intestinal flora were lower in GC patients than in healthy individuals. | In addition, the PBMCs of AGC patients showed increased levels of immunosuppressive factors in the avatar mouse model. | Restoration of the intestinal microbiome and its metabolic functions inhibit tumor growth and reverse the immunosuppression due to increased PD-L1 and IL-10 levels in PBMCs and tumor cells of GC patients.",Not found in abstract / unknown,Not found in abstract / unknown,Not found in abstract / unknown,Not found in abstract / unknown,Not found in abstract / unknown,Not found in abstract / unknown,"Patient-derived avatar model was developed by injecting peripheral blood mononuclear cells (PBMCs) from advanced GC (AGC) patients into NSG mice, followed by injection of AGS cells. | In addition, the PBMCs of AGC patients showed increased levels of immunosuppressive factors in the avatar mouse model. | Butyrate inhibited tumor growth in mice.",Not found in abstract / unknown,Not found in abstract / unknown,Not found in abstract / unknown
ITB-000823,Integrin-Linked Kinase in the Development of Gastric Tumors Induced by Helicobacter pylori: Regulation and Prevention Potential.,Mechanistic studies,,,Automatic candidate; requires manual review,Not found in abstract / unknown,BACKGROUND: Integrin-linked kinase (ILK) is crucial in solid tumors by regulating the Hippo-Yes-associated protein 1 (YAP) pathway.,Not found in abstract / unknown,Not found in abstract / unknown,Not found in abstract / unknown,"MATERIALS AND METHODS: GES-1 cells with stable Ilk knockdown and overexpression and a mouse carcinogenesis model for H. pylori infection were constructed. | RESULTS: In this study, stable Ilk knockdown cells exhibited significantly higher phosphorylated levels of MST1, LATS1, and YAP, as well as increased YAP in the nuclei of GES-1 cells.",Not found in abstract / unknown,"MATERIALS AND METHODS: GES-1 cells with stable Ilk knockdown and overexpression and a mouse carcinogenesis model for H. pylori infection were constructed. | And ILK, the phosphorylated mammalian STE20-like protein kinase 1 (MST1), large tumor suppressor 1 (LATS1; S909, T1079), and YAP (S109, S127) were detected in cells, and mice by western blotting, as well as fluorescence intensity of YAP were assayed by immunofluorescence. | YAP downstream genes Igfbp4 and Ctgf, the pathological changes and tumor necrosis factor alpha (TNF-α), interleukin-6 (IL-6), interleukin-1beta (IL-1β), and nitric oxide (NO) levels in mice gastric tissues were detected by real-time PCR, H&E, and ELISA assays. | H. pylori infection led to decreased ILK levels in gastric epithelial cells but increased ILK levels in gastric cancer cell lines (MGC803, SGC7901) and gastric cancer tissues in mice. | Treatment with the ILK inhibitor OST-T315 elevated the phosphorylated MST, LATS1, and YAP levels, and inhibited the mRNA levels of Igfbp4 and Ctgf at 44, 48 week-aged mice.",Not found in abstract / unknown,Not found in abstract / unknown,Not found in abstract / unknown
ITB-000824,Live bacteria found in gastric cancer tumor tissue.,Unresolved,,,Automatic candidate; requires manual review,Not found in abstract / unknown,Not found in abstract / unknown,Not found in abstract / unknown,Not found in abstract / unknown,Not found in abstract / unknown,Not found in abstract / unknown,Not found in abstract / unknown,Not found in abstract / unknown,Not found in abstract / unknown,Not found in abstract / unknown,Not found in abstract / unknown
ITB-000825,Yin Yang 1 activates JAK-STAT3-mediated epithelial-mesenchymal transition in Helicobacter pylori-induced gastric cancer progression.,Mechanistic studies,,,Automatic candidate; requires manual review,Not found in abstract / unknown,"However, the role of YY1 in the inflammatory transformation associated with H. pylori-induced gastric cancer remains unclear. | Kaplan-Meier survival curves indicated that high YY1 expression correlated with a poor prognosis.",Not found in abstract / unknown,Not found in abstract / unknown,Not found in abstract / unknown,YY1 knockdown or pharmacological inhibition reversed EMT and suppressed gastric cancer cell proliferation and metastasis.,Not found in abstract / unknown,"METHODS: H. pylori bacteria were cocultured with GSE1 cells, AGS cells, and SGC7901 cells, as well as in infected and xenograft mouse models. | The role of YY1 in gastric cancer cell proliferation was further evaluated through in vitro and in vivo assays. | In vivo and in vitro experiments demonstrated that H. pylori infection promoted phosphorylation of JAK2 and STAT3, thereby activating the EMT pathway, in which YY1 played a key role.",Not found in abstract / unknown,Not found in abstract / unknown,Not found in abstract / unknown
ITB-000826,NLRP3 inflammasome expression affects immune cell infiltration and clinical prognosis in Helicobacter pylori infection‑associated gastric cancer.,Clinical statistics,,,Automatic candidate; requires manual review,"High‑throughput RNA‑sequencing expression data from The Cancer Genome Atlas (TCGA) were analyzed. | Additionally, TIMER2.0 and Kaplan‑Meier Plotter were used to analyze the differential expression of NLRP3 mRNA in various tumors, the effect of H. pylori infection on gene expression, and the association between NLRP3 and clinical prognosis among patients with GC. | TCGA data revealed that the expression levels of NLRP3 in GC tissues were increased compared with those in normal tissues (P<0.05), which was further validated in clinical samples. | High NLRP3 expression also promoted the infiltration of CD3+ and CD206+ cells, which significantly affected the survival rate of patients with GC. | The immune infiltration of regulatory T lymphocytes was associated with better survival benefits for patients with GC; however, M2 macrophage infiltration was not conducive to the survival of patients with GC.","While H. pylori infection is associated with GC development its mechanisms are still being studied. | The aim of the present study was to examine the differences between H. pylori infection‑induced GC and non‑infected tissues, and to investigate the correlation between nucleotide‑binding oligomerization domain, leucine rich repeat and pyrin domain containing 3 (NLRP3) inflammasome expression and immune cell infiltration in GC, thus providing a theoretical basis for clinical prognosis and immunotherapy. | Additionally, TIMER2.0 and Kaplan‑Meier Plotter were used to analyze the differential expression of NLRP3 mRNA in various tumors, the effect of H. pylori infection on gene expression, and the association between NLRP3 and clinical prognosis among patients with GC. | In GC immune infiltration, NLRP3 expression was revealed to be associated with natural killer cell, whereas it was negatively correlated with regulatory T cells and CD8+ T cells. | These findings indicated that NLRP3 may promote the polarization of tumor‑associated macrophages towards the M2 phenotype. | The immune infiltration of regulatory T lymphocytes was associated with better survival benefits for patients with GC; however, M2 macrophage infiltration was not conducive to the survival of patients with GC. | Furthermore, survival analysis showed that high expression of NLRP3 was associated with a poorer 5‑year overall survival, progression‑free survival and post‑progression survival rates.",Not found in abstract / unknown,Not found in abstract / unknown,Not found in abstract / unknown,Not found in abstract / unknown,Not found in abstract / unknown,Not found in abstract / unknown,Not found in abstract / unknown,Not found in abstract / unknown,Not found in abstract / unknown
ITB-000827,Integrated multi-omics profiling reveals phenotype- and tissue-specific host-microbiota interactions in paired tumor and peritumoral tissues of advanced gastric cancer patients from Northwest China.,Clinical statistics,,,Automatic candidate; requires manual review,"Herein, we employed trasncriptomic and shotgun metagenomic sequencing on paired tumoral and peritumoal mucosal tissues from 88 AGC patients in Northwest China.","In contrast, peritumoral tissues showed 493 up-regulated DEGs primarily associated with metabolic processes. | Correlation analysis between the 8870 DEGs and seven differentially abundant bacterial species (e.g., Serratia surfactantfaciens, Pseudomonas protegens, Prevotella jejuni, and Streptococcus infantis) revealed 13199 significant correlations. | Functionally, the correlated DEGs were involved in ECM structure, cell cycle progression, immune and inflammatory responses, cellular proliferation and differentiation, and metabolic processes.",Not found in abstract / unknown,Not found in abstract / unknown,Not found in abstract / unknown,Not found in abstract / unknown,Not found in abstract / unknown,Not found in abstract / unknown,Not found in abstract / unknown,Not found in abstract / unknown,Not found in abstract / unknown
ITB-000829,Sex-biased intratumoral microbiome influences tumor molecular and immune landscape and disease outcomes.,Clinical statistics,,,Automatic candidate; requires manual review,"We identify and validate 22 taxa with consistent sex-biased abundance, including in real-world cohort.","These microbes show cancer-type- and microbe-specific associations with tumor transcriptomes, oncogenic pathways, and immune cell infiltration. | In gastric cancer, intratumoral Epstein-Barr virus is enriched in males and associated with higher CD8+ T cell infiltration and improved survival.",Not found in abstract / unknown,Not found in abstract / unknown,Not found in abstract / unknown,Not found in abstract / unknown,Not found in abstract / unknown,Not found in abstract / unknown,Not found in abstract / unknown,Not found in abstract / unknown,Not found in abstract / unknown
ITB-000878,A microbial chromatin remodeler drives gastric cancer progression and immune evasion by reprogramming the host epigenome.,Mechanistic studies,Clinical statistics,,Automatic candidate; requires manual review,SA is enriched in GC patient tumors and drives tumor growth in mice.,SA extracellular vesicles (saEVs) translocate the bacterial chromatin remodeler saSNF2 into host cells. saSNF2 partners with host transcription factor TEAD1-through its ATPase activity and participation in BRG1/BRM-associated factor (BAF) complex assembly-to activate oncogenic transcription.,Not found in abstract / unknown,Not found in abstract / unknown,Not found in abstract / unknown,Pharmacological inhibition of ZDHHC11 reverses immune evasion and synergizes with anti-PD-1 checkpoint blockade.,Not found in abstract / unknown,"SA is enriched in GC patient tumors and drives tumor growth in mice. | This transkingdom interaction upregulates the palmitoyltransferase ZDHHC11, which stabilizes PD-L1 via palmitoylation to establish an immunosuppressive niche, while amplifying other TEAD1 target genes to fuel tumor progression. saEVs promote tumor growth and limit CD8+ T cell infiltration in vivo.",Not found in abstract / unknown,Not found in abstract / unknown,Not found in abstract / unknown
ITB-000885,Tumor-derived Prevotella intermedia aggravates gastric cancer by enhancing Perilipin 3 expression.,Clinical statistics,,,Automatic candidate; requires manual review,"The abundance of P. intermedia exhibited correlations with tumor differentiation (p = 0.006), perineural invasion (p = 0.004), omentum majus invasion (p = 0.040), and the survival duration of GC patients (p = 0.042).","The abundance of P. intermedia exhibited correlations with tumor differentiation (p = 0.006), perineural invasion (p = 0.004), omentum majus invasion (p = 0.040), and the survival duration of GC patients (p = 0.042). | The supernatant derived from tumor-associated P. intermedia bolstered the proliferation, clone formation, migration, and invasion of GC cells.",Not found in abstract / unknown,Not found in abstract / unknown,Not found in abstract / unknown,The functionality of perilipin 3 (PLIN3) was subsequently confirmed using shRNA. | Knockdown of PLIN3 mitigated the malignancy instigated by P. intermedia in GC cells.,Not found in abstract / unknown,Not found in abstract / unknown,Not found in abstract / unknown,Not found in abstract / unknown,Not found in abstract / unknown
ITB-000890,"Detection of Helicobacter pylori in gastric cancer tissue through histopathology, immunohistochemistry and real-time reverse transcription-PCR.",Unresolved,,,Automatic candidate; requires manual review,Not found in abstract / unknown,"Results:H. pylori was detected in 167/287 through H-E, 140/288 through IHC and 175/288 through RT-PCR, and positive-status were associated (p < 0.001).",Not found in abstract / unknown,Not found in abstract / unknown,Not found in abstract / unknown,Not found in abstract / unknown,Not found in abstract / unknown,Not found in abstract / unknown,Not found in abstract / unknown,Not found in abstract / unknown,Not found in abstract / unknown
ITB-000892,Differential MicroRNA Expression Between Gastric Cancer Tissue and Non-cancerous Gastric Mucosa According to Helicobacter pylori Status.,Clinical statistics,,,Automatic candidate; requires manual review,"METHODS: Total RNA was extracted from the cancerous regions of formalin-fixed, paraffin-embedded tissues of H. pylori-positive (n = 8) or H. pylori-negative (n = 8) patients with an intestinal type of gastric cancer. | Validation analysis was performed using TaqMan miRNA assays for biopsy samples from 107 patients consisted of control and gastric cancer with or without H. pylori.",Not found in abstract / unknown,Not found in abstract / unknown,Not found in abstract / unknown,Not found in abstract / unknown,Not found in abstract / unknown,Not found in abstract / unknown,Not found in abstract / unknown,Not found in abstract / unknown,Not found in abstract / unknown,Not found in abstract / unknown
ITB-000894,"Evaluating the presence of Mycoplasma hyorhinis, Fusobacterium nucleatum, and Helicobacter pylori in biopsies of patients with gastric cancer.",Clinical statistics,,,Automatic candidate; requires manual review,"METHODS: Using a commercial kit, DNA were extracted from 120 gastric samples embedded in paraffin: 80 from patients with gastric cancer and 40 from cancer free patients, dating from 2006 to 2016.","BACKGROUND: Gastric cancer is the third leading cause of cancer-related deaths worldwide and has been associated with infections that may promote tumour progression. | Accordingly, we analysed the presence of Mollicutes, Mycoplasma hyorhinis, Fusobacterium nucleatum and Helicobacter pylori in gastric cancer tissues and evaluated their correlation with clinicopathological factors. | RESULTS: Mollicutes were detected in the case and control groups (12% and 2.5%) and correlated with the papillary histologic pattern (P = 0.003), likely due to cell transformation promoted by Mollicutes. | H. pylori was detected at higher loads in the case compared to the control group (8% and 22%, P = 0.008) and correlated with metastasis (P = 0.024), lymphatic invasion (P = 0.033), tumour of diffused type (P = 0.028), and histopathological grading G1/G2 (P = 0.008). | It increased the cancer risk factor (P = 0.045, OR = 10.562, CI95% = 1.057-105.521), and correlated with old age (P = 0.030) and tumour size (P = 0.053).",Not found in abstract / unknown,Not found in abstract / unknown,Not found in abstract / unknown,Not found in abstract / unknown,Not found in abstract / unknown,Not found in abstract / unknown,Not found in abstract / unknown,Not found in abstract / unknown,Not found in abstract / unknown
ITB-000895,"Evaluation of the relationship between dietary factors, CagA-positive Helicobacter pylori infection, and RUNX3 promoter hypermethylation in gastric cancer tissue.",Clinical statistics,,,Automatic candidate; requires manual review,"METHODS: Gastric cancer tissue samples were collected from 184 South Korean patients. | All patients were interviewed following a semi-quantitative food frequency questionnaire. | RESULTS: Overall, 164 patients (89.1%) were positive for H. pylori DNA, with the CagA gene detected in 59 (36%) of these H. pylori-positive samples. | In all, 106 (57.6%) patients with gastric cancer demonstrated CpG island hypermethylation at the RUNX3 promoter. | A high consumption of eggs may increase the risk of RUNX3 methylation in gastric cancer patients, having a mean OR of 2.15 (range, 1.14-4.08). | A significantly increased OR of 4.28 (range, 1.19-15.49) was observed with a high consumption of nuts in patients with CagA-positive H. pylori infection.","The odds ratios (ORs) and 95%CI associated with RUNX3 promoter hypermethylation status were estimated for each of the food groups, lifestyle factors, and the interaction between dietary and lifestyle factors with CagA status of H. pylori infection.",Not found in abstract / unknown,Not found in abstract / unknown,Not found in abstract / unknown,Not found in abstract / unknown,Not found in abstract / unknown,Not found in abstract / unknown,Not found in abstract / unknown,Not found in abstract / unknown,Not found in abstract / unknown
ITB-000898,Helicobacter pylori infection as an independent prognostic factor for locally advanced gastric cancer patients treated with adjuvant chemotherapy after curative resection.,Clinical statistics,,,Automatic candidate; requires manual review,"A few studies reported the association between negative Helicobacter pylori infection and poor clinical outcome in resected gastric cancer patients. | We investigated the H. pylori infection status and its association with the clinical outcome in 274 locally advanced gastric cancer patients (American Joint Committee on Cancer stage IB: 25, II: 82, IIIA: 80, IIIB: 39 and IV: 48) who underwent adjuvant chemotherapy after curative resection (≥ D2 dissection). | Eighty-one patients received 5-fluorouracil (5-FU) and doxorubicin-based chemotherapy, while 193 patients underwent 5-FU, mitomycin-C and polysaccharide-K chemotherapy. | In univariate analysis, patients with H. pylori negative status (108 patients) demonstrated significantly poor 10-year overall survival (OS) compared to those with H. pylori-positive status (166 patients; 21.3% vs. 71.1%, p 54 years, p < 0.0001), advanced stage (stage III or IV, p = 0.001), and Borrmann type IV (p = 0.027). | H. pylori-negative patients may need careful follow-up after curative resection.","A few studies reported the association between negative Helicobacter pylori infection and poor clinical outcome in resected gastric cancer patients. | We investigated the H. pylori infection status and its association with the clinical outcome in 274 locally advanced gastric cancer patients (American Joint Committee on Cancer stage IB: 25, II: 82, IIIA: 80, IIIB: 39 and IV: 48) who underwent adjuvant chemotherapy after curative resection (≥ D2 dissection).",Not found in abstract / unknown,Not found in abstract / unknown,Not found in abstract / unknown,Not found in abstract / unknown,Not found in abstract / unknown,Not found in abstract / unknown,Not found in abstract / unknown,Not found in abstract / unknown,Not found in abstract / unknown
ITB-000907,SATB1 expression in gastric mucosa in relation to Helicobacter pylori infection and family history of gastric cancer.,Clinical statistics,,,Automatic candidate; requires manual review,"The aim of the study was to investigate the expression level of the SATB1 gene in gastric mucosa of dyspeptic patients in relation to the H. pylori infection, the family history of gastric cancer (FHGC), and histopathological changes. | MATERIAL AND METHODS: The study comprised 64 patients with dyspeptic symptoms. | Group I - 28 control patients (10 H.pylori positive) without the FHGC. | Group II - 36 patients (16 H. pylori positive) with the FHGC. | In corpus samples of group II patients, the amount of SATB1 mRNA was higher than in antrum samples, regardless of H. pylori infection. | The presence of bacterium resulted in the elevated SATB1 expression in corpus samples of group II patients only, while the genetic factor down-regulated SATB1 gene in the antrum samples of the H. pylori negative individuals.",Not found in abstract / unknown,Not found in abstract / unknown,Not found in abstract / unknown,Not found in abstract / unknown,Not found in abstract / unknown,Not found in abstract / unknown,Not found in abstract / unknown,Not found in abstract / unknown,Not found in abstract / unknown,Not found in abstract / unknown
ITB-000909,The Effect of Helicobacter pylori on Gastric Cancer Treated with Adjuvant Chemotherapy After Curative Resection.,Clinical statistics,,,Automatic candidate; requires manual review,"We investigated the H. pylori infection status and its association with the pathologic features and clinical outcomes in stage III gastric cancer patients treated with adjuvant therapy after curative resection. | Between 2004 and 2009, the records of 76 consecutive patients were retrospectively reviewed. | Of the 76 patients, 16 patients (21.1 %) were confirmed for H. pylori infection. | Twenty-three patients received chemotherapy and remainder received chemoradiotherapy. | During this period, 88.2 % patients had experienced tumor recurrence, and 85.5 % patients had died. | Recurrence was observed in 87.5 % patients and in 88.3 % patients in H. pylori-positive and H. pylori-negative patients, respectively (P = 0.92). | Disease-free survival was 28.4 ± 7.9 months and overall survival was 31.5 ± 7.4 months in H. pylori-positive patients compared with 28.3 ± 3.7 and 33.2 ± 3.4 months, respectively, in H. pylori-negative patients.",Helicobacter pylori has been associated with diverse pathologies of varying severity. | We investigated the H. pylori infection status and its association with the pathologic features and clinical outcomes in stage III gastric cancer patients treated with adjuvant therapy after curative resection.,Not found in abstract / unknown,Not found in abstract / unknown,Not found in abstract / unknown,Not found in abstract / unknown,Not found in abstract / unknown,Not found in abstract / unknown,Not found in abstract / unknown,Not found in abstract / unknown,Not found in abstract / unknown
ITB-000919,Photo-triggered engineered microbes achieving dual epigenetic immunomodulation for gastric cancer.,Microbial therapeutics,,Genetic / synthetic microbial engineering,Automatic candidate; requires manual review,Not found in abstract / unknown,Not found in abstract / unknown,Not found in abstract / unknown,Not found in abstract / unknown,Not found in abstract / unknown,"One of the earliest and most common changes seen in cancer is abnormal DNA methylation at CpG sites, which may encourage tumor development by silencing tumor suppressor gene transcription.",Not found in abstract / unknown,Not found in abstract / unknown,Not found in abstract / unknown,"To address this, we developed a light-triggered engineered microbe, AM@Ec, utilizing Escherichia coli (MG1655) as a carrier that selectively targets the tumor microenvironment (TME). | In summary, this study introduces an innovative diagnostic and therapeutic 808 nm NIR laser irradiation-triggered engineered microbe that establishes an efficient delivery platform for DNMT1 inhibitors and iMXene, activating epigenetic immunity and paving the way for the broad application of epigenetic regulation in solid tumor treatment.",Not found in abstract / unknown
ITB-000504,Association between Tumor Microbiome and Hypoxia across Anatomic Subsites of Head and Neck Cancers.,Clinical statistics,,,Automatic candidate; requires manual review,"Our study analyzed the HNSCC tumor samples from The Cancer Genome Atlas (TCGA) to investigate the relationship between different HNSCC tumor subsites, hypoxia, and local tumor microbiome composition. | Results: A total of 357 patients were included [Oral cavity (OC) = 226, Oropharynx (OPx) = 53, and Larynx/Hypopharynx (LHPx) = 78], of which 12.8%, 71.7%, and 10.3%, respectively, were HPV positive. | Materials/Methods: Tumor RNAseq samples from TCGA were processed, and the R package “tmesig” was used to calculate gene expression signature, including the Buffa hypoxia (BH) score, a validated hypoxia signature using 52 hypoxia-regulated genes. | Further studies focusing on an association between microbiome, hypoxia, and patient outcomes are warranted.","However, the association between the upper aerodigestive microbiome and head and neck squamous cell carcinoma (HNSCC) is not well established. | Hypoxia is a modifiable factor associated with poor radiation response. | There was no significant correlation between hypoxia and HPV status. | Pseudomonas sp. in OC, Actinomyces sp. and Sulfurimonas sp. in OPx, and Filifactor, Pseudomonas and Actinomyces sp. in LHPx had the strongest association with the hypoxia score. | Further studies focusing on an association between microbiome, hypoxia, and patient outcomes are warranted.",Not found in abstract / unknown,Not found in abstract / unknown,Not found in abstract / unknown,Not found in abstract / unknown,Not found in abstract / unknown,Not found in abstract / unknown,Not found in abstract / unknown,Not found in abstract / unknown,Not found in abstract / unknown
ITB-000505,Tumour microbiota structure predicts hypopharyngeal carcinoma recurrence and metastasis.,Clinical statistics,,,Automatic candidate; requires manual review,This study aimed to investigate the role of the tumour microbiota in the disease-free survival (DFS) of HPSCC patients. | MATERIALS AND METHODS: Formalin-fixed paraffin-embedded (FFPE) tumour tissues were collected from 103 patients with HPSCC for 16S rRNA sequencing. | We analysed the tumour microbiota in HPSCC patients with recurrence/metastasis and nonrecurrence/metastasis. | CONCLUSION: Our study demonstrated the relationship between tumour microbiota and recurrence and metastasis in patients with HPSCC.,"The linear predictor score (LPS) was calculated based on the Cox regression model to assess the risk of recurrence and metastasis. | Eubacterium_coprostanoligenes_group (hazard ratio [HR] = 0.289, 95% confidence interval [CI] 0.137-0.608, p= 0.001) and Prevotella (HR = 3.744, 95% CI 1.439-9.738, p= 0.007) were independent predictors of DFS.",The predicting classifier for recurrence and metastasis risk yielded an area under the curve (AUC) of 0.838 at 3 years and 0.860 at 5 years.,Not found in abstract / unknown,Not found in abstract / unknown,Not found in abstract / unknown,Not found in abstract / unknown,Not found in abstract / unknown,Not found in abstract / unknown,Not found in abstract / unknown,Not found in abstract / unknown
ITB-000001,Microbial dysbiosis is associated with human breast cancer,Clinical statistics,,,Automatic candidate; requires manual review,"Therefore, we investigated the potential role of microbiota in breast cancer by next-generation sequencing using breast tumor tissue and paired normal adjacent tissue from the same patient.","The relative abundances of these two bacterial species were inversely correlated in paired normal breast tissue but not in tumor tissue, indicating that dysbiosis is associated with breast cancer. | Interestingly, bacterial DNA load correlated inversely with advanced disease, a finding that could have broad implications in diagnosis and staging of breast cancer.",Not found in abstract / unknown,Not found in abstract / unknown,Not found in abstract / unknown,Not found in abstract / unknown,Not found in abstract / unknown,Not found in abstract / unknown,Not found in abstract / unknown,Not found in abstract / unknown,Not found in abstract / unknown
ITB-000003,The Microbiome of Aseptically Collected Human Breast Tissue in Benign and Malignant Disease,Unresolved,,,Automatic candidate; requires manual review,Not found in abstract / unknown,"Malignancy correlated with enrichment in taxa of lower abundance including the genera Fusobacterium, Atopobium, Gluconacetobacter, Hydrogenophaga and Lactobacillus.",Not found in abstract / unknown,Not found in abstract / unknown,Not found in abstract / unknown,Not found in abstract / unknown,Not found in abstract / unknown,Not found in abstract / unknown,Not found in abstract / unknown,Not found in abstract / unknown,Not found in abstract / unknown
ITB-000004,The Microbiota of Breast Tissue and Its Association with Breast Cancer,Clinical statistics,,,Automatic candidate; requires manual review,"Women with breast cancer had higher relative abundances of Bacillus, Enterobacteriaceae and Staphylococcus Escherichia coli (a member of the Enterobacteriaceae family) and Staphylococcus epidermidis, isolated from breast cancer patients, were shown to induce DNA double-stranded breaks in HeLa cells using the histone-2AX (H2AX) phosphorylation (γ-H2AX) assay. | Higher relative abundances of bacteria that had the ability to cause DNA damage in vitro were detected in breast cancer patients, as was a decrease in some lactic acid bacteria, known for their beneficial health effects, including anticarcinogenic properties.",Not found in abstract / unknown,Not found in abstract / unknown,Not found in abstract / unknown,Not found in abstract / unknown,Not found in abstract / unknown,Not found in abstract / unknown,"Higher relative abundances of bacteria that had the ability to cause DNA damage in vitro were detected in breast cancer patients, as was a decrease in some lactic acid bacteria, known for their beneficial health effects, including anticarcinogenic properties.",Not found in abstract / unknown,Not found in abstract / unknown,Not found in abstract / unknown
ITB-000005,A comprehensive analysis of breast cancer microbiota and host gene expression,Clinical statistics,,,Automatic candidate; requires manual review,"We utilized The Cancer Genome Atlas, (TCGA) breast cancer data to perform a novel experiment utilizing unmapped and mapped RNA sequencing read evidence to minimize laboratory costs and effort. | In summary, further unraveling this complicated interplay should enable us to better diagnose and treat breast cancer patients.","Further, geneset enrichment suggests Listeria spp to be associated with the expression profiles of genes involved with epithelial to mesenchymal transitions. | Moreover, evidence suggests H. influenza may reside in the surrounding stromal material and was significantly associated with the proliferative pathways: G2M checkpoint, E2F transcription factors, and mitotic spindle assembly.",Not found in abstract / unknown,Not found in abstract / unknown,Not found in abstract / unknown,Not found in abstract / unknown,Not found in abstract / unknown,Not found in abstract / unknown,Not found in abstract / unknown,Not found in abstract / unknown,Not found in abstract / unknown
ITB-000006,Neoadjuvant Chemotherapy Shifts Breast Tumor Microbiota Populations to Regulate Drug Responsiveness and the Development of Metastasis,Clinical statistics,,,Automatic candidate; requires manual review,Patients with breast cancer that present with locally advanced disease often undergo neoadjuvant chemotherapy to reduce tumor size prior to surgery to allow breast conservation or limit axillary lymph node dissection. | Primary breast tumors from patients who developed distant metastases displayed increased tumoral abundance of Brevundimonas and Staphylococcus. | Further studies with a larger patient cohort may provide greater insights into the role of microbiota in therapeutic outcome and develop novel bacterial biomarkers that could predict distant metastases.,Not found in abstract / unknown,Not found in abstract / unknown,Not found in abstract / unknown,Not found in abstract / unknown,Not found in abstract / unknown,Not found in abstract / unknown,Not found in abstract / unknown,Not found in abstract / unknown,Not found in abstract / unknown,Not found in abstract / unknown
ITB-000007,The human tumor microbiome is composed of tumor type-specific intracellular bacteria,Clinical statistics,,,Automatic candidate; requires manual review,"We also noted correlations between intratumor bacteria or their predicted functions with tumor types and subtypes, patients' smoking status, and the response to immunotherapy.","We also noted correlations between intratumor bacteria or their predicted functions with tumor types and subtypes, patients' smoking status, and the response to immunotherapy.",Not found in abstract / unknown,Not found in abstract / unknown,Not found in abstract / unknown,Not found in abstract / unknown,Not found in abstract / unknown,Not found in abstract / unknown,Not found in abstract / unknown,Not found in abstract / unknown,Not found in abstract / unknown
ITB-000008,Breast cancer colonization by Fusobacterium nucleatum accelerates tumor growth and metastatic progression,Mechanistic studies,,,Automatic candidate; requires manual review,Not found in abstract / unknown,Fusobacterium nucleatum is an oral anaerobe recently found to be prevalent in human colorectal cancer (CRC) where it is associated with poor treatment outcome.,Not found in abstract / unknown,Not found in abstract / unknown,"Intravascularly inoculated Fap2-expressing F. nucleatum ATCC 23726 specifically colonize mice mammary tumors, whereas Fap2-deficient bacteria are impaired in tumor colonization. | Inoculation with F. nucleatum suppresses accumulation of tumor infiltrating T cells and promotes tumor growth and metastatic progression, the latter two of which can be counteracted by antibiotic treatment.",Not found in abstract / unknown,Not found in abstract / unknown,"In mice, hematogenous F. nucleatum can colonize CRC tissue using its lectin Fap2, which attaches to tumor-displayed Gal-GalNAc. | Intravascularly inoculated Fap2-expressing F. nucleatum ATCC 23726 specifically colonize mice mammary tumors, whereas Fap2-deficient bacteria are impaired in tumor colonization.",Not found in abstract / unknown,Not found in abstract / unknown,Not found in abstract / unknown
ITB-000010,Comparative analysis of racial differences in breast tumor microbiome,Clinical statistics,,,Automatic candidate; requires manual review,"Analysis of Triple Negative Breast cancer (TNBC) and Triple Positive Breast Cancer (TPBC) tissues for microbiota composition revealed significant differences in relative abundance of specific taxa at both phylum and genus levels between WNH and BNH women cohorts. | In contrast, the WNH cohort had an inverse pattern for the Shannon index, when TNBC tumor tissue was compared to the matched NAT. | Unweighted Principle Coordinates Analysis (PCoA) revealed a distinct clustering of tumor and NAT microbiota in both BNH and WNH cohorts.",Not found in abstract / unknown,Not found in abstract / unknown,Not found in abstract / unknown,Not found in abstract / unknown,Not found in abstract / unknown,Not found in abstract / unknown,Not found in abstract / unknown,Not found in abstract / unknown,Not found in abstract / unknown,Not found in abstract / unknown
ITB-000011,Human breast microbiome correlates with prognostic features and immunological signatures in breast cancer,Clinical statistics,,,Automatic candidate; requires manual review,"METHODS: Using 16S rRNA gene sequencing, we characterized the microbiome of human breast tissue in a total of 221 patients with breast cancer, 18 individuals predisposed to breast cancer, and 69 controls.","We performed bioinformatic analyses using a DADA2-based pipeline and applied linear models with White's t or Kruskal-Wallis H-tests with Benjamini-Hochberg multiple testing correction to identify taxonomic groups associated with prognostic clinicopathologic features. | Notably, Anaerococcus, Caulobacter, and Streptococcus, which were major bacterial hubs in benign tissue networks, were absent from cancer-associated tissue networks. | In addition, Propionibacterium and Staphylococcus, which were depleted in tumors, showed negative associations with oncogenic immune features; Streptococcus and Propionibacterium also correlated positively with T-cell activation-related genes. | CONCLUSIONS: This study, the largest to date comparing healthy versus cancer-associated breast microbiomes using fresh-frozen surgical specimens and immune correlates, provides insight into microbial profiles that correspond with prognostic clinicopathologic features in breast cancer.",Not found in abstract / unknown,Not found in abstract / unknown,Not found in abstract / unknown,Not found in abstract / unknown,Not found in abstract / unknown,Not found in abstract / unknown,Not found in abstract / unknown,Not found in abstract / unknown,Not found in abstract / unknown
ITB-000013,Tumor-resident intracellular microbiota promotes metastatic colonization in breast cancer,Mechanistic studies,,,Automatic candidate; requires manual review,Not found in abstract / unknown,Not found in abstract / unknown,Not found in abstract / unknown,Not found in abstract / unknown,"During metastatic colonization, intratumor bacteria carried by circulating tumor cells promoted host-cell survival by enhancing resistance to fluid shear stress by reorganizing actin cytoskeleton.",Not found in abstract / unknown,Not found in abstract / unknown,"Here, we explored the functional significance of these intratumor bacteria, primarily using a murine spontaneous breast-tumor model MMTV-PyMT. | We further showed that intratumor administration of selected bacteria strains isolated from tumor-resident microbiota promoted metastasis in two murine tumor models with significantly different levels of metastasis potential.",Not found in abstract / unknown,Not found in abstract / unknown,Not found in abstract / unknown
ITB-000014,Exploring breast tissue microbial composition and the association with breast cancer risk factors,Clinical statistics,,,Automatic candidate; requires manual review,METHODS: The study cohorts included 403 cancer-free women (who donated normal breast tissue cores) and 76 breast cancer patients (who donated tumor and/or adjacent normal tissue samples).,"We also conducted a correlation analysis between the microbiome and known breast cancer risk factors. | Abundances of the bacterial taxa Acetotobacter aceti, Lactobacillus vini, Lactobacillus paracasei, and Xanthonomas sp. were associated with age (p < 0.0001), racial background (p < 0.0001), and parity (p < 0.0001).",Breast cancer risk score was assessed using the Tyrer-Cuzick risk model.,Not found in abstract / unknown,Not found in abstract / unknown,Not found in abstract / unknown,Not found in abstract / unknown,Not found in abstract / unknown,Not found in abstract / unknown,Not found in abstract / unknown,Not found in abstract / unknown
ITB-000018,Microbiota enterotoxigenic Bacteroides fragilis-secreted BFT-1 promotes breast cancer cell stemness and chemoresistance through its functional receptor NOD1,Clinical statistics,,,Automatic candidate; requires manual review,"Here, we evaluated the microbiota composition of breast tumors and found that enterotoxigenic Bacteroides fragilis (ETBF) was highly enriched in the tumors of patients who did not respond to taxane-based neoadjuvant chemotherapy.",Not found in abstract / unknown,Not found in abstract / unknown,Not found in abstract / unknown,Not found in abstract / unknown,Not found in abstract / unknown,Not found in abstract / unknown,Not found in abstract / unknown,Not found in abstract / unknown,Not found in abstract / unknown,Not found in abstract / unknown
ITB-000019,Microbiota of human breast tissue,Unresolved,,,Automatic candidate; requires manual review,Not found in abstract / unknown,Not found in abstract / unknown,Not found in abstract / unknown,Not found in abstract / unknown,Not found in abstract / unknown,Not found in abstract / unknown,Not found in abstract / unknown,Not found in abstract / unknown,Not found in abstract / unknown,Not found in abstract / unknown,Not found in abstract / unknown
ITB-000020,Distinct microbiological signatures associated with triple negative breast cancer,Unresolved,,,Automatic candidate; requires manual review,Not found in abstract / unknown,"Thus, knowing the specific viruses and microbial agents associated with a cancer type may provide insights into cause, diagnosis and treatment. | We utilized a pan-pathogen array technology to identify the microbial signatures associated with triple negative breast cancer (TNBC).",Not found in abstract / unknown,Not found in abstract / unknown,Not found in abstract / unknown,Not found in abstract / unknown,Not found in abstract / unknown,Not found in abstract / unknown,Not found in abstract / unknown,Not found in abstract / unknown,Not found in abstract / unknown
ITB-000022,Study of Microbiomes in Aseptically Collected Samples of Human Breast Tissue Using Needle Biopsy and the Potential Role of in situ Tissue Microbiomes for Promoting Malignancy,Clinical statistics,,,Automatic candidate; requires manual review,"We assessed microbiomes of aseptically collected human breast tissue samples in this study, using needle biopsy from patients with benign and malignant tumors of different histological grading, using 16S rRNA gene amplicon sequencing. | This is consistent with previous studies, and our results identified distinct microbiome profiles in breast tissues from women with cancer as compared to women with benign breast disease in Chinese cohorts. | Further large-cohort investigation of the breast cancer microbiome and its potential mechanism in breast cancer development are essential.",Recent findings of microbiome variation between benign and malignant disease provides a rationale for exploring microbiomes associated with cancer during tumor progression. | The specific correlation of these potential microbial biomarkers and indicated pathways with advanced disease could have broad implications in the diagnosis and staging of breast cancer.,Not found in abstract / unknown,Not found in abstract / unknown,Not found in abstract / unknown,Not found in abstract / unknown,Not found in abstract / unknown,Not found in abstract / unknown,Not found in abstract / unknown,Not found in abstract / unknown,Not found in abstract / unknown
ITB-000023,Characterization of human breast tissue microbiota from core needle biopsies through the analysis of multi hypervariable 16S-rRNA gene regions,Unresolved,,,Automatic candidate; requires manual review,Not found in abstract / unknown,"Breast microbiota compositions are not well understood, and a few recent reports have begun to explore the correlation between breast tissue dysbiosis and cancer. | Finally, the presence of the Ralstonia genus is associated with breast tissue.",Not found in abstract / unknown,Not found in abstract / unknown,Not found in abstract / unknown,Not found in abstract / unknown,Not found in abstract / unknown,Not found in abstract / unknown,Not found in abstract / unknown,Not found in abstract / unknown,Not found in abstract / unknown
ITB-000024,"Distinct microbial communities that differ by race, stage, or breast-tumor subtype in breast tissues of non-Hispanic Black and non-Hispanic White women",Unresolved,,,Automatic candidate; requires manual review,Not found in abstract / unknown,Growing evidence highlights an association between an imbalance in the composition and abundance of bacteria in the breast tissue (referred as microbial dysbiosis) and breast cancer in women.,Not found in abstract / unknown,Not found in abstract / unknown,Not found in abstract / unknown,Not found in abstract / unknown,Not found in abstract / unknown,Not found in abstract / unknown,Not found in abstract / unknown,Not found in abstract / unknown,Not found in abstract / unknown
ITB-000025,A Procarcinogenic Colon Microbe Promotes Breast Tumorigenesis and Metastatic Progression and Concomitantly Activates Notch and β-Catenin Axes,Unresolved,,,Automatic candidate; requires manual review,Not found in abstract / unknown,Not found in abstract / unknown,Not found in abstract / unknown,Not found in abstract / unknown,"Mammary gland as well as gut colonization with enterotoxigenic Bacteroides fragilis (ETBF), which secretes B. fragilis toxin (BFT), rapidly induces epithelial hyperplasia in the mammary gland. | Intriguingly, gut or breast duct colonization with ETBF strongly induces growth and metastatic progression of tumor cells implanted in mammary ducts, in contrast to nontoxigenic Bacteroides fragilis. | SIGNIFICANCE: B. fragilis is an inhabitant of breast tissue, and gut or mammary duct colonization with ETBF triggers epithelial hyperplasia and augments breast cancer growth and metastasis.",Not found in abstract / unknown,Not found in abstract / unknown,Not found in abstract / unknown,Not found in abstract / unknown,Not found in abstract / unknown,Not found in abstract / unknown
ITB-000026,Diet Alters Entero-Mammary Signaling to Regulate the Breast Microbiome and Tumorigenesis,Clinical statistics,,,Automatic candidate; requires manual review,"In a double-blind placebo-controlled clinical trial of patients with breast cancer administered fish oil supplements before primary tumor resection, dietary intervention modulated the microbiota in tumors and normal breast tissue. | SIGNIFICANCE: This study demonstrates that diet shifts the microbiome in the gut and the breast tumor microenvironment to affect tumorigenesis, and oral dietary interventions can modulate the tumor microbiota in patients with breast cancer.","In mice, HFD or fecal transplant from animals on HFD reduced expression of TJ-associated genes in the gut and mammary gland. | Furthermore, infecting breast cancer cells with an HFD-derived microbiome increased proliferation, implicating tumor-associated bacteria in cancer signaling.",Not found in abstract / unknown,Not found in abstract / unknown,Not found in abstract / unknown,Not found in abstract / unknown,Not found in abstract / unknown,"To address this, we performed fecal transplants between mice on control or high-fat diets (HFD) and recorded mammary tumor outcomes in a chemical carcinogenesis model. | In vitro models of the normal breast epithelium showed that LPS disrupts tight junctions (TJ) and compromises epithelial permeability. | In mice, HFD or fecal transplant from animals on HFD reduced expression of TJ-associated genes in the gut and mammary gland.",Not found in abstract / unknown,Not found in abstract / unknown,Not found in abstract / unknown
ITB-000027,"Microbiome composition indicate dysbiosis and lower richness in tumor breast tissues compared to healthy adjacent paired tissue, within the same women",Clinical statistics,,,Automatic candidate; requires manual review,"METHODS: The aim of this work was to characterize the breast tissue microbiome in 34 women affected by BC using an NGS-based method, and analyzing the tumoral and the adjacent non-tumoral tissue of each patient. | A comparison of different results on similar studies seems not to assess a universal microbiome signature, but single ones depending on the environmental cohorts' locations.","In fact, its imbalance has been associated to various human diseases including cancer although a consequential cause-effect phenomenon has never been proven. | CONCLUSIONS: Our study provides information about the breast tissue microbial composition, as compared with very closely adjacent healthy tissue (paired samples within the same woman); the differences found are such to have possible diagnostic and therapeutic implications; further studies are necessary to clarify if the differences found in the breast tissue microbiome are simply an association or a concausative pathogenetic effect in BC.",Not found in abstract / unknown,Not found in abstract / unknown,Not found in abstract / unknown,Not found in abstract / unknown,Not found in abstract / unknown,Not found in abstract / unknown,Not found in abstract / unknown,Not found in abstract / unknown,Not found in abstract / unknown
ITB-000028,tRNA Queuosine Modification Enzyme Modulates the Growth and Microbiome Recruitment to Breast Tumors,Mechanistic studies,,,Automatic candidate; requires manual review,Not found in abstract / unknown,Not found in abstract / unknown,Not found in abstract / unknown,Not found in abstract / unknown,Not found in abstract / unknown,RESULTS: We generated single clones of QTRT1-knockout breast cancer MCF7 cells using Double Nickase Plasmid. | We also established a QTRT1-knockdown breast MDA-MB-231 cell line.,Not found in abstract / unknown,"We also established a QTRT1-knockdown breast MDA-MB-231 cell line. | The impacts of QTRT1 deletion or reduction on cell proliferation and migration in vitro were evaluated using cell culture, while the regulations on tumor growth in vivo were evaluated using a xenograft BALB/c nude mouse model. | We found that QTRT1 deficiency in human breast cancer cells could change the functions of regulation genes, which are critical in cell proliferation, tight junction formation, and migration in human breast cancer cells in vitro and a breast tumor mouse model in vivo. | We identified that several core bacteria, such as Lachnospiraceae, Lactobacillus, and Alistipes, were markedly changed in mice post injection with breast cancer cells.",Not found in abstract / unknown,Not found in abstract / unknown,Not found in abstract / unknown
ITB-000029,Divergent tumor immunity determined by bacteria-cancer cell engagement,Clinical statistics,,,Automatic candidate; requires manual review,"Clinically, the bacteria invasion signature we have developed is associated with poor prognosis in patients with breast cancer.","Clinically, the bacteria invasion signature we have developed is associated with poor prognosis in patients with breast cancer.",Not found in abstract / unknown,Not found in abstract / unknown,Not found in abstract / unknown,Not found in abstract / unknown,Not found in abstract / unknown,Not found in abstract / unknown,Not found in abstract / unknown,Not found in abstract / unknown,Not found in abstract / unknown
ITB-000030,Concomitant analyses of intratumoral microbiota and genomic features reveal distinct racial differences in breast cancer,Unresolved,,,Automatic candidate; requires manual review,Not found in abstract / unknown,"Interestingly, unique racially associated genomic nodes are found in the breast tumors from Asian, Black and white women.",Not found in abstract / unknown,Not found in abstract / unknown,Not found in abstract / unknown,Not found in abstract / unknown,Not found in abstract / unknown,Not found in abstract / unknown,Not found in abstract / unknown,Not found in abstract / unknown,Not found in abstract / unknown
ITB-000031,Tumor-colonizing Pseudoalteromonas elyakovii metabolically reprograms the tumor microenvironment and promotes breast ductal carcinoma,Clinical statistics,,,Automatic candidate; requires manual review,"With the tumor microbiome as the focus, the enrichment of Pseudoalteromonas elyakovii features accelerates the disease progression in patients with ductal carcinoma of the breast.","UNLABELLED: The correlation between the microbiota found in tumors and tumor development is being progressively understood, specifically regarding its involvement in the initiation and advancement of tumors.",Not found in abstract / unknown,Not found in abstract / unknown,Not found in abstract / unknown,Not found in abstract / unknown,Not found in abstract / unknown,Not found in abstract / unknown,Not found in abstract / unknown,Not found in abstract / unknown,Not found in abstract / unknown
ITB-000032,Race-related host and microbe transcriptomic signatures in triple-negative breast cancer,Clinical statistics,,,Automatic candidate; requires manual review,"Integrative analyses revealed that high expression of human SPDYE2B gene was associated with Hafnia abundance and decreased DFS, highlighting complex host-microbe interactions in TNBC patients.","Integrative analyses revealed that high expression of human SPDYE2B gene was associated with Hafnia abundance and decreased DFS, highlighting complex host-microbe interactions in TNBC patients.",Not found in abstract / unknown,Not found in abstract / unknown,Not found in abstract / unknown,Not found in abstract / unknown,Not found in abstract / unknown,Not found in abstract / unknown,Not found in abstract / unknown,Not found in abstract / unknown,Not found in abstract / unknown
ITB-000033,A pro-carcinogenic oral microbe internalized by breast cancer cells promotes mammary tumorigenesis,Mechanistic studies,,,Automatic candidate; requires manual review,Not found in abstract / unknown,"Focusing on dysbiosis, our metagenomic analysis shows overabundance of an oral pathogenic microbe F. nucleatum and co-habitation of associated biofilm forming oral microbes in cancerous breast.",Not found in abstract / unknown,Not found in abstract / unknown,"Mammary gland colonization with F. nucleatum results in the development of metaplastic lesions accompanied with inflammation, DNA damage and hyper-proliferation in healthy mice.",Not found in abstract / unknown,Not found in abstract / unknown,"Mammary gland colonization with F. nucleatum results in the development of metaplastic lesions accompanied with inflammation, DNA damage and hyper-proliferation in healthy mice. | Exhibiting the impact of circulating F. nucleatum introduced via hematogenous route, breast tumor bearing mice show accelerated tumor growth and metastatic progression.",Not found in abstract / unknown,Not found in abstract / unknown,Not found in abstract / unknown
ITB-000034,Ferroptosis-based nano-assembly enhanced breast cancer therapy by inhibiting intratumor bacteria,Unresolved,,,Automatic candidate; requires manual review,Not found in abstract / unknown,"Collectively, DFTV improves the antitumor efficacy by targeting G+ in breast tumors, offering novel insights into overcoming the limitations associated with the lack of intratumoral antibacterial therapy in clinical breast cancer treatment protocols.",Not found in abstract / unknown,Not found in abstract / unknown,Not found in abstract / unknown,Not found in abstract / unknown,Not found in abstract / unknown,Not found in abstract / unknown,Not found in abstract / unknown,Not found in abstract / unknown,Not found in abstract / unknown
ITB-000037,Spermine Oxidase Serves as a Key Functional Node in Microbial Dysbiosis-Induced Breast Carcinogenesis,Clinical statistics,,,Automatic candidate; requires manual review,This work implicates the IL6/TNFα-SMOX-DDR axis as a functional mediator of the oncogenic effects of pathogenic bacteria and proposes SMOX inhibitors as an intervention strategy for treating patients with breast cancer with microbial dysbiosis.,"SIGNIFICANCE: Overabundance of opportunistic pathogens elevates SMOX activity via proinflammatory cytokines to accelerate breast cancer progression, which can be targeted with pharmacological inhibitors of SMOX to significantly inhibit microbiota-associated carcinogenesis.",Not found in abstract / unknown,Not found in abstract / unknown,Not found in abstract / unknown,"SIGNIFICANCE: Overabundance of opportunistic pathogens elevates SMOX activity via proinflammatory cytokines to accelerate breast cancer progression, which can be targeted with pharmacological inhibitors of SMOX to significantly inhibit microbiota-associated carcinogenesis.",Not found in abstract / unknown,Not found in abstract / unknown,Not found in abstract / unknown,Not found in abstract / unknown,Not found in abstract / unknown
ITB-000057,Microbiota composition in bilateral healthy breast tissue and breast tumors,Unresolved,,,Automatic candidate; requires manual review,Not found in abstract / unknown,We aimed to determine whether microbiota composition differs between these groups and whether certain bacterial taxa may be associated with breast tumors.,Not found in abstract / unknown,Not found in abstract / unknown,Not found in abstract / unknown,Not found in abstract / unknown,Not found in abstract / unknown,Not found in abstract / unknown,Not found in abstract / unknown,Not found in abstract / unknown,Not found in abstract / unknown
ITB-000058,Biopsy bacterial signature can predict patient tissue malignancy,Clinical statistics,,,Automatic candidate; requires manual review,Fresh tissue biopsies were obtained from breast cancer patients and subjected to 16S rRNA gene sequencing.,Not found in abstract / unknown,"Leave-one-out cross-validation of the predictive model confirmed the ability to identify malignant breast tissue from its bacterial signature with 84.78% accuracy, with a corresponding area under the receiver operating characteristic curve of 0.888.",Not found in abstract / unknown,Not found in abstract / unknown,Not found in abstract / unknown,Not found in abstract / unknown,Not found in abstract / unknown,Not found in abstract / unknown,Not found in abstract / unknown,Not found in abstract / unknown
ITB-000059,Integrated spatial multi-omics profiling of Fusobacterium nucleatum in breast cancer unveils its role in tumour microenvironment modulation and cancer progression,Mechanistic studies,Clinical statistics,,Automatic candidate; requires manual review,"Using 5R 16S rRNA gene sequencing and RNAscope FISH/CISH on patients' tissue, we identified significant spatial heterogeneity in intratumoral microbiota, with Fusobacterium nucleatum (F. nucleatum) predominantly localized in tumour cell-rich areas.","Tumour-associated microbiota are integral components of the tumour microenvironment (TME). | By intersecting these datasets, VEGFD and PAK1 emerged as critical upregulated proteins in F. nucleatum-positive regions, showing strong positive correlations with MAPK pathway proteins.",Not found in abstract / unknown,Not found in abstract / unknown,"GeoMx digital spatial profiling (DSP) revealed that regions colonized by F. nucleatum exhibit significant influence on the expression of RNAs and proteins involved in proliferation, migration and invasion. | In conclusion, intratumoral microbiota in breast cancer exhibit significant spatial heterogeneity, with F. nucleatum colonization markedly altering tumour cell protein expression to promote progression and migration. | F. nucleatum colonization alters the expression of key proteins involved in tumour progression and migration.","Moreover, the upregulation of VEGFD and PAK1 by F. nucleatum was confirmed in co-culture experiments, and their knockdown significantly reduced F. nucleatum-induced proliferation and migration.",Not found in abstract / unknown,In vitro studies indicated that co-culture with F. nucleatum significantly stimulates the proliferation and migration of breast cancer cells.,Not found in abstract / unknown,Not found in abstract / unknown,Not found in abstract / unknown
ITB-000060,Breast tumor microbiome regulates anti-tumor immunity and T cell-associated metabolites,Clinical statistics,,,Automatic candidate; requires manual review,"In a cohort of 46 breast cancer patients, Staphylococcus was the only bacterial genus whose intratumoral abundance positively correlated with cytotoxic CD8+ T cell markers and innate-like T cell signatures, including multiple KLR-family receptors. | Analysis of an independent cohort of 314 treatment-naïve patients further showed that the association between intratumoral Staphylococcus, heightened CD8+ T cell activity, and the KLR-associated innate-like T cell program was specific to triple-negative breast cancer (TNBC).","In a cohort of 46 breast cancer patients, Staphylococcus was the only bacterial genus whose intratumoral abundance positively correlated with cytotoxic CD8+ T cell markers and innate-like T cell signatures, including multiple KLR-family receptors. | Several metabolites were significantly associated with CD8+ TILs, among which NADH, γ-glutamyltryptophan, and γ-glutamylglutamate differed between Staphylococcus-positive and Staphylococcus-negative tumors. | Analysis of an independent cohort of 314 treatment-naïve patients further showed that the association between intratumoral Staphylococcus, heightened CD8+ T cell activity, and the KLR-associated innate-like T cell program was specific to triple-negative breast cancer (TNBC). | Together, these findings identify a link between low-biomass intratumoral bacteria and local anti-tumor immunity, and highlight Staphylococcus and TIL-associated metabolites as potential biomarkers and therapeutic targets for breast cancer immunotherapy.",Not found in abstract / unknown,Not found in abstract / unknown,Not found in abstract / unknown,Not found in abstract / unknown,Not found in abstract / unknown,"In TNBC mouse models, direct intratumoral injection of Staphylococcus aureus depleted intratumoral NAD metabolites and suppressed tumor growth by activating CD8+ TILs.",Not found in abstract / unknown,Not found in abstract / unknown,Not found in abstract / unknown
ITB-000062,Identification of intratumoral bacteria that enhance breast tumor metastasis,Clinical statistics,,,Automatic candidate; requires manual review,"Using these bacteria, we performed de novo sequencing and tested for the presence of genes that were unique to the bacterium isolated from metastatic tumors in a patient population to provide a proof-of-concept for identifying how specific bacterial functions are associated with the metastatic process in cancer independent of bacterial species. | IMPORTANCE: Metastasis is a major barrier to long-term survival for cancer patients, and therapeutic options for patients with aggressive, metastatic forms of breast cancer remain limited. | We tested for the presence of these bacterial genes in patient tumor samples and found they were more likely to be associated with mortality.","UNLABELLED: The central, mortality-associated hallmark of cancer is the process of metastasis. | It is increasingly recognized that bacteria influence multiple facets of cancer progression, but the extent to which tumor microenvironment-associated bacteria control metastasis in cancer is poorly understood. | To identify tumor-associated bacteria and their role in metastasis, we utilized established murine models of non-metastatic and metastatic breast tumors to identify bacteria capable of driving metastatic disease. | Using these bacteria, we performed de novo sequencing and tested for the presence of genes that were unique to the bacterium isolated from metastatic tumors in a patient population to provide a proof-of-concept for identifying how specific bacterial functions are associated with the metastatic process in cancer independent of bacterial species. | We tested for the presence of these bacterial genes in patient tumor samples and found they were more likely to be associated with mortality.",Not found in abstract / unknown,Not found in abstract / unknown,Not found in abstract / unknown,Not found in abstract / unknown,Not found in abstract / unknown,"To identify tumor-associated bacteria and their role in metastasis, we utilized established murine models of non-metastatic and metastatic breast tumors to identify bacteria capable of driving metastatic disease.",Not found in abstract / unknown,Not found in abstract / unknown,Not found in abstract / unknown
ITB-000063,"Exploring the Relationship between MicroRNAs, Intratumoral Microbiota, and Breast Cancer Progression in Patients with and without Metastasis",Clinical statistics,,,Automatic candidate; requires manual review,"In this study, we aimed to elucidate the interplay between intratumoral microbiota composition, miRNA expression profiles, and their collective influence on metastasis development in BC patients by employing 16S rRNA sequencing and qPCR methodologies. | Our findings revealed an increase in the expression of miR-149-5p, miR-20b-5p, and miR-342-5p in metastatic breast cancer (Met-BC) patients. | The Met-BC patients exhibited heightened microbial richness and diversity, primarily attributed to diverse pathogenic bacteria. | Taxonomic analysis identified several pathogenic and pro-inflammatory species enriched in Met-BC, contrasting with non-metastatic breast cancer (NonMet-BC) patients, which displayed an enrichment in potential probiotic and anti-inflammatory species. | Notably, we identified and verified a baseline prognostic signature for metastasis in BC patients, with its clinical relevance further validated by its impact on overall survival. | The development of a prognostic signature holds promise for metastasis risk assessment, paving the way for personalized interventions and improved clinical outcomes in BC patients.",Not found in abstract / unknown,"Notably, we identified and verified a baseline prognostic signature for metastasis in BC patients, with its clinical relevance further validated by its impact on overall survival. | The development of a prognostic signature holds promise for metastasis risk assessment, paving the way for personalized interventions and improved clinical outcomes in BC patients.",Not found in abstract / unknown,Not found in abstract / unknown,Not found in abstract / unknown,Not found in abstract / unknown,Not found in abstract / unknown,Not found in abstract / unknown,Not found in abstract / unknown,Not found in abstract / unknown
ITB-000064,Intratumoral microbiota predicts the response to neoadjuvant chemoimmunotherapy in triple-negative breast cancer,Clinical statistics,,,Automatic candidate; requires manual review,"BACKGROUND: Neoadjuvant immunotherapy combined with chemotherapy (Chemo-IM) is associated with significantly improved pathological complete response (pCR) rates and long-term survival outcomes in patient with early-stage triple-negative breast cancer (TNBC). | However, only a small proportion of patients benefit from the addition of immunotherapy. | Here, we explored and confirmed the role of intratumoral microbiota in screening patients with TNBC who are likely to benefit from neoadjuvant Chemo-IM. | METHODS: Patients with previously untreated, non-metastatic TNBC receiving neoadjuvant Chemo-IM were enrolled. | RESULTS: A total of 89 female patients with early-stage TNBC treated by neoadjuvant Chemo-IM were enrolled. | CONCLUSIONS: Intratumoral microbiota may serve as a strong and specific predictor of the response of patients with early-stage TNBC to neoadjuvant Chemo-IM.","BACKGROUND: Neoadjuvant immunotherapy combined with chemotherapy (Chemo-IM) is associated with significantly improved pathological complete response (pCR) rates and long-term survival outcomes in patient with early-stage triple-negative breast cancer (TNBC). | Moreover, correlations between the intratumor microbiota and the TME were explored. | Intriguingly, scRNA-seq revealed significantly increased T cell infiltration and decreased tumor-associated macrophage infiltration into tumors in the pCR group. | Moreover, intratumoral microbiota load was positively associated with CD4+CXCL13+ T cell infiltration and negatively associated with CD68+SPP1+ macrophage infiltration.",Not found in abstract / unknown,Not found in abstract / unknown,Not found in abstract / unknown,Not found in abstract / unknown,Not found in abstract / unknown,Not found in abstract / unknown,Not found in abstract / unknown,Not found in abstract / unknown,Not found in abstract / unknown
ITB-000065,Tumor Microenvironment Can Predict Chemotherapy Response of Patients with Triple-Negative Breast Cancer Receiving Neoadjuvant Chemotherapy,Clinical statistics,,,Automatic candidate; requires manual review,"Therefore, we attempted to reveal the role of the tumor microbiome in patients with TNBC receiving neoadjuvant chemotherapy. | MATERIALS AND METHODS: We collected TNBC patient RNA-sequencing samples from the Gene Expression Omnibus and extracted microbiome count data. | We calculated the immune cell fraction with CIBERSORTx and conducted survival analysis using the Cancer Genome Atlas patient data. | CONCLUSION: Our study demonstrated that the microbiome analysis of tumor tissue can predict chemotherapy response of patients with TNBC.","Correlations between the microbiome and immune cell compositions were analyzed and a prediction model was constructed to estimate drug response. | In correlation analysis, Geosporobacter ferrireducens, Streptococcus sanguinis, and resting natural killer cells were the most correlated factors in the pCR, whereas Nitrosospira briensis, Plantactinospora sp.",Correlations between the microbiome and immune cell compositions were analyzed and a prediction model was constructed to estimate drug response.,Not found in abstract / unknown,Not found in abstract / unknown,Not found in abstract / unknown,Not found in abstract / unknown,Not found in abstract / unknown,Not found in abstract / unknown,Not found in abstract / unknown,Not found in abstract / unknown
ITB-000103,A Target-And-Activate Magnetic Resonance Imaging Strategy for Precision Imaging of Intratumoral Bacteria and Screening Antibiotics to Suppress Breast Cancer Metastasis.,Unresolved,,,Automatic candidate; requires manual review,Not found in abstract / unknown,"This probe requires dual-specificity for activation: targeting lipoteichoic acid on Gram-positive bacteria, then being cleaved by tumor-associated matrix metalloproteinase-2. | Upon dual activation, the probe triggers in situ self-assembly into nanofibers on bacteria, prolonging rotational correlation time and amplifying T1 relaxivity from 9.03 to 16.51 mM-1 s-1 (1.41 T). | MRI signal intensity showed a linear correlation with bacterial load (R = 0.96), achieving a detection limit of 6 × 104 CFU.",Not found in abstract / unknown,Not found in abstract / unknown,Not found in abstract / unknown,Not found in abstract / unknown,Not found in abstract / unknown,"In murine models, our probe provided highly specific visualization of intratumoral Staphylococcus aureus, outperforming clinical Gd-DTPA and a targeting-only control by ∼4.7-fold and ∼2-fold in ΔCNR, respectively.",Not found in abstract / unknown,Not found in abstract / unknown,Not found in abstract / unknown
ITB-000105,pH-responsive sparfloxacin/Fe(3+) nanoparticles eradicate intratumoral bacteria and activate ferroptosis for enhanced antitumor immunotherapy in breast cancer.,Microbial therapeutics,,Materials / delivery design,Automatic candidate; requires manual review,Not found in abstract / unknown,"Furthermore, the PEPCA@SPA/Fe3+ NPs formulation well synergized with α-CD47 immunotherapy to activate antitumor immunity by promoting the maturation of dendritic cells (DCs), inducing M1 polarization of tumor-associated macrophages (TAMs), down-regulating regulatory T cells (Tregs) and enhancing cytotoxic T cells.",Not found in abstract / unknown,Not found in abstract / unknown,Not found in abstract / unknown,Not found in abstract / unknown,Not found in abstract / unknown,Not found in abstract / unknown,Not found in abstract / unknown,Not found in abstract / unknown,"To simultaneously eliminate intratumoral bacteria and induce tumor cell death, we developed pH-sensitive nanoparticles (PEPCA@SPA/Fe3+ NPs) by encapsulating sparfloxacin (SPA)-ferric ion (Fe3+) nanoparticles (NPs) within an amphiphilic polyethylene glycol-poly (cinnamyl aldehyde) (PEPCA) copolymer assembly."
ITB-000107,Potential role of intratumoral Fusobacterium nucleatum and interleukin-1 beta in breast cancer cell growth.,Clinical statistics,,,Automatic candidate; requires manual review,"METHODS: Breast cancer tissues were obtained from clinical patients and analyzed for the microbiome composition using 16S rDNA sequencing and qPCR. | Breast cancer cell lines and patient-derived cancer cells were infected with different strains of F. nucleatum, followed by different analyses.","Both serum and intratumoral cytokine levels were measured to assess their correlation with intratumoral F. nucleatum. | RESULTS: Our results identified a higher abundance of F. nucleatum in breast cancer tissue compared to adjacent normal breast tissue, which strongly correlated with intratumoral IL-1β levels. | In vitro studies confirmed this correlation, demonstrating that infection of breast cancer cells with F. nucleatum promotes tumor growth.",Not found in abstract / unknown,Not found in abstract / unknown,Not found in abstract / unknown,Not found in abstract / unknown,Not found in abstract / unknown,"Breast cancer cell lines and patient-derived cancer cells were infected with different strains of F. nucleatum, followed by different analyses. | In vitro studies confirmed this correlation, demonstrating that infection of breast cancer cells with F. nucleatum promotes tumor growth.",Not found in abstract / unknown,Not found in abstract / unknown,Not found in abstract / unknown
ITB-000109,"Cell Line-Dependent Internalization, Persistence, and Immunomodulatory Effects of Staphylococcus aureus in Triple-Negative Breast Cancer.",Unresolved,,,Automatic candidate; requires manual review,Not found in abstract / unknown,Emerging evidence indicates that tumor-associated bacteria may shape immune signaling and alter immunotherapy outcomes.,Not found in abstract / unknown,Not found in abstract / unknown,Not found in abstract / unknown,Not found in abstract / unknown,Not found in abstract / unknown,"Methods: Using eFluor450-labeled S. aureus for flow cytometry, gentamicin protection assays, CFU quantification, and transmission electron microscopy, we assessed bacterial uptake and persistence in six TNBC cell lines and a non-tumorigenic control.",Not found in abstract / unknown,Not found in abstract / unknown,Not found in abstract / unknown
ITB-000110,Characterization of intra-tumoral microbiota from transcriptomic sequencing of Asian breast cancer.,Clinical statistics,,,Automatic candidate; requires manual review,"In this study, we characterized the intra-tumoral microbiota of 883 Malaysian breast cancer patients using transcriptomic data from bulk tumours and investigated their association with clinical variables and immune scores. | We found that the tumour microbiome was not associated with breast cancer molecular subtype, cancer stage, tumour grade, or patient age, but was weakly associated with immune scores. | We also found that the tumour microbiome was associated with immune scores in our cohort using random forest models, suggesting the possibility of an interaction between the tumour microbiome and the tumour immune microenvironment in Asian breast cancer.","Likewise, it has been suggested that the intra-tumoral microbiome may be associated with specific features of cancer such as tumour progression and metastasis. | In this study, we characterized the intra-tumoral microbiota of 883 Malaysian breast cancer patients using transcriptomic data from bulk tumours and investigated their association with clinical variables and immune scores. | We found that the tumour microbiome was not associated with breast cancer molecular subtype, cancer stage, tumour grade, or patient age, but was weakly associated with immune scores. | We also found that the tumour microbiome was associated with immune scores in our cohort using random forest models, suggesting the possibility of an interaction between the tumour microbiome and the tumour immune microenvironment in Asian breast cancer.",Not found in abstract / unknown,Not found in abstract / unknown,Not found in abstract / unknown,Not found in abstract / unknown,Not found in abstract / unknown,Not found in abstract / unknown,Not found in abstract / unknown,Not found in abstract / unknown,Not found in abstract / unknown
ITB-000111,Intratumoral Microbiome-related MRI Model for Predicting Breast Cancer Shrinkage Pattern Following Neoadjuvant Therapy.,Clinical statistics,,,Automatic candidate; requires manual review,"Background Patients with breast cancer exhibit different tumor shrinkage patterns (TSPs) after neoadjuvant therapy (NAT), making accurate TSP prediction essential for breast-conserving surgery planning. | Materials and Methods This retrospective study included patients with breast cancer who underwent NAT followed by surgery at 12 institutions between July 2015 and April 2023. | Patients were allocated to training (n = 671), internal validation (n = 335), and external validation (n = 1243) sets.",Not found in abstract / unknown,"Models were validated across molecular subtypes and tumor stages using receiver operating characteristic curves, confusion matrices, and diagnostic metrics. | The fusion model outperformed single-time point models in the internal validation set (area under the receiver operating characteristic curve [AUC], 0.89 vs 0.80-0.83; all P < .05) and external validation set (AUC, 0.87 vs 0.74-0.81; all P < .001), remaining robust across molecular subtypes (AUC range, 0.85-0.91) and tumor stages (AUC range, 0.84-0.89).","Patients were allocated to training (n = 671), internal validation (n = 335), and external validation (n = 1243) sets. | The three-dimensional U-Net achieved Dice coefficients of 0.96, 0.92, and 0.91 on pre-NAT MRI scans and 0.96, 0.90, and 0.88 on mid-NAT MRI scans in the training, internal validation, and external validation sets, respectively. | The fusion model outperformed single-time point models in the internal validation set (area under the receiver operating characteristic curve [AUC], 0.89 vs 0.80-0.83; all P < .05) and external validation set (AUC, 0.87 vs 0.74-0.81; all P < .001), remaining robust across molecular subtypes (AUC range, 0.85-0.91) and tumor stages (AUC range, 0.84-0.89).",Not found in abstract / unknown,Not found in abstract / unknown,Not found in abstract / unknown,Not found in abstract / unknown,Not found in abstract / unknown,Not found in abstract / unknown,Not found in abstract / unknown
ITB-000112,A Nano-Strategy for Advanced Triple-Negative Breast Cancer Therapy by Regulating Intratumoral Microbiota.,Microbial therapeutics,,Materials / delivery design,Automatic candidate; requires manual review,Not found in abstract / unknown,Not found in abstract / unknown,Not found in abstract / unknown,Not found in abstract / unknown,Not found in abstract / unknown,Not found in abstract / unknown,Not found in abstract / unknown,"Verified both in vitro and in vivo, DD@FEL effectively exerts a cytotoxic effect on TNBC cells, delays the growth of primary TNBC, and attenuates the development of its lung metastasis, providing a promising therapeutic strategy to control both orthotopic and metastatic TNBC.",Not found in abstract / unknown,Not found in abstract / unknown,"Herein, a multifunctional nanoplatform (DD@FEL) is prepared by combining antibiotic doxycycline (DOXY) that can combat intratumoral microbiota and the chemotherapeutic drug doxorubicin (DOX) in ergosterol-originated liposome. | Specially, ergosterol is utilized as a substitute for cholesterol in liposomes to exert pharmacological activity."
ITB-000113,Intratumoral microbiota-aided fusion radiomics model for predicting tumor response to neoadjuvant chemoimmunotherapy in triple-negative breast cancer.,Clinical statistics,,,Automatic candidate; requires manual review,"However, reliable biomarkers for identifying patients who are likely to benefit from NACI are lacking. | This study aims to develop an intratumoral microbiota-aided radiomics model for predicting pathological complete response (pCR) in patients with TNBC. | RESULTS: A total of 124 patients are enrolled, with 88 in the training set and 36 in the validation set. | Tumors from patients who achieves pCR present a significantly greater intratumoral microbiota load than tumors from patients who achieve non-pCR (p < 0.05). | Clinically, the fusion model distinguishes patients who achieve pCR from those who do not with an accuracy of 77.8%. | CONCLUSIONS: Our intratumoral microbiota-aided radiomics model could serve as a powerful and noninvasive tool for predicting the response of patients with early-stage TNBC to NACI.","Additionally, tumors in non-pCR group exhibit greater infiltration of tumor-associated SPP1+ macrophages, which is negatively correlated with the microbiota load.","The fusion model achieves the highest AUC of 0.945 in the training set, outperforming pre-NACI (AUC = 0.875) and post-NACI (AUC = 0.917) models. | In the validation set, this model maintains a superior AUC of 0.873, surpassing those of pre-NACI (AUC = 0.769) and post-NACI (AUC = 0.802) models.","On the basis of treatment response (pCR or non-pCR) and intratumoral microbiota scoring, we select key radiomics features and construct a fusion model integrating multi-timepoint (pre-NACI and post-NACI) MRI to predict the efficacy of immunotherapy, followed by independent external validation.",Not found in abstract / unknown,Not found in abstract / unknown,Not found in abstract / unknown,Not found in abstract / unknown,Not found in abstract / unknown,Not found in abstract / unknown,Not found in abstract / unknown
ITB-000114,Locally producing antibacterial peptide to deplete intratumoral pathogen for preventing metastatic breast cancer.,Unresolved,,,Automatic candidate; requires manual review,Not found in abstract / unknown,"Here, with an experimental model, we demonstrated that intratumoral F.n induced BC aggressiveness by transcriptionally activating Epithelial-mesenchymal transition-associated genes. | Given the fact that cancer-associated fibroblasts (CAFs) are abundant in BC and located near blood vessels, we report an optogenetic system that drives CAF to in situ produce human antibacterial peptide LL37, with the characteristics of biosafety and freely intercellular trafficking, for depleting intratumoral F.n, leading to a 72.1% reduction in lung metastatic nodules number without affecting the balance of the systemic flora.",Not found in abstract / unknown,Not found in abstract / unknown,Not found in abstract / unknown,Not found in abstract / unknown,Not found in abstract / unknown,Not found in abstract / unknown,Not found in abstract / unknown,Not found in abstract / unknown,Not found in abstract / unknown
ITB-000116,Intra-tumoral sphingobacterium multivorum promotes triple-negative breast cancer progression by suppressing tumor immunosurveillance.,Mechanistic studies,Clinical statistics,,Automatic candidate; requires manual review,METHODS: 16S rDNA gene sequencing was used to analyze the cancerous and paracancerous tissues from breast cancer patients.,"Moreover, S. multivorum diminished the therapeutic efficacy of αPD-1 mAb, which was associated with the increase of regulatory T cell (Treg) infiltration, and decrese of the CD8+ T cell infiltration.",Not found in abstract / unknown,Not found in abstract / unknown,"The mouse models of bearing 4T1 cell tumors were employed to assess the influence of bacterial colonization on tumor growth. | Intra-tumoral colonization of Sphingobacterium multivorum (S. multivorum) promoted tumor progression in 4T1 tumor-bearing mice. | Targeted metabolomics revealed a conspicuous reduction of propionylcarnitine in tumors colonized by S. multivorum Furthermore, the combination of metabolite propionylcarnitine and S. multivorum shown to suppress tumor growth compared that in S. multivorum alone in vivo.",Not found in abstract / unknown,Not found in abstract / unknown,"The mouse models of bearing 4T1 cell tumors were employed to assess the influence of bacterial colonization on tumor growth. | Comparative metabolite profiling in mice tumors was conducted using targeted metabolomics. | Intra-tumoral colonization of Sphingobacterium multivorum (S. multivorum) promoted tumor progression in 4T1 tumor-bearing mice. | Targeted metabolomics revealed a conspicuous reduction of propionylcarnitine in tumors colonized by S. multivorum Furthermore, the combination of metabolite propionylcarnitine and S. multivorum shown to suppress tumor growth compared that in S. multivorum alone in vivo.",Not found in abstract / unknown,Not found in abstract / unknown,Not found in abstract / unknown
ITB-000117,Intratumoral Stenotrophomonas Maltophilia in Breast Cancer: Unraveling the Interplay with Hormone Receptors and Impact on Tumor Immunity.,Clinical statistics,,,Automatic candidate; requires manual review,This study aimed to explore the impact of intratumoral microorganisms in conjunction with hormone receptors on the tumor microenvironment and their potential role in predicting patient prognosis. | Kaplan-Meier survival analysis was employed to identify bacteria associated with patient survival. | These insights contribute to the understanding of microbial influences on the tumor microenvironment and suggest potential pathways for improving patient prognosis through microbiota modulation.,"Kaplan-Meier survival analysis was employed to identify bacteria associated with patient survival. | Notably, tumor-infiltrating immune cells, particularly CD8+ T cells, exhibited a positive association with the presence of SMA. | Experimental validation with clinically isolated SMA further confirmed its positive correlation with CD8+ T cell activation.",Not found in abstract / unknown,Not found in abstract / unknown,Not found in abstract / unknown,Not found in abstract / unknown,Not found in abstract / unknown,"Further, a humanized immune system mouse model bearing breast cancer xenografts was used to evaluate the effects of Stenotrophomonas maltophilia (SMA) on tumor growth and CD8+ T cell infiltration. | In vivo findings demonstrated that SMA inhibited tumor growth and promoted CD8+ T cell infiltration, highlighting the complex interactions between intratumoral microbiota and tumor immunity in breast cancer.",Not found in abstract / unknown,Not found in abstract / unknown,Not found in abstract / unknown
ITB-000118,Biomimetic Nanovehicle-Enabled Targeted Depletion of Intratumoral Fusobacterium nucleatum Synergizes with PD-L1 Blockade against Breast Cancer.,Microbial therapeutics,,Materials / delivery design,Automatic candidate; requires manual review,Not found in abstract / unknown,Not found in abstract / unknown,Not found in abstract / unknown,Not found in abstract / unknown,Not found in abstract / unknown,Not found in abstract / unknown,Not found in abstract / unknown,"This ultimately remodels the ITME, improving the therapeutic efficacy of the PD-L1 blocker with a tumor inhibition rate of over 90% and significantly extending the median survival of 4T1 tumor-bearing mice.",Not found in abstract / unknown,Not found in abstract / unknown,"To prevent an imbalance in the systemic microbiota caused by antibiotic administration, we designed a biomimetic nanovehicle for on-site antibiotic delivery inspired by F.n homing to BC. | Additionally, ferritin-nanocaged doxorubicin was coloaded into this nanovehicle, as immunogenic chemotherapy has shown potential for synergy with ICB. | It has been demonstrated that this biomimetic nanovehicle can be precisely homed to BC and efficiently eliminate intratumoral F.n without disrupting the diversity and abundance of systemic microbiota."
ITB-000119,Transforming Intratumor Bacteria into Immunopotentiators to Reverse Cold Tumors for Enhanced Immuno-chemodynamic Therapy of Triple-Negative Breast Cancer.,Microbial therapeutics,,Materials / delivery design,Automatic candidate; requires manual review,Not found in abstract / unknown,"Meanwhile, intratumoral F. nucleatum was killed by metronidazole, resulting in the release of pathogen-associated molecular patterns (PAMPs).",Not found in abstract / unknown,Not found in abstract / unknown,Fusobacterium nucleatum (F. nucleatum) was found to be colonized in triple-negative breast tumors and was responsible for the immunosuppressive tumor microenvironment and tumor metastasis.,Not found in abstract / unknown,Not found in abstract / unknown,Not found in abstract / unknown,Not found in abstract / unknown,Not found in abstract / unknown,"Herein, we constructed a bacteria-derived outer membrane vesicle (OMV)-coated nanoplatform that precisely targeted tumor tissues for dual killing of F. nucleatum and cancer cells, thus transforming intratumor bacteria into immunopotentiators in immunotherapy of TNBC. | The as-prepared nanoparticles efficiently induced immunogenic cell death through a Fenton-like reaction, resulting in enhanced immunogenicity."
ITB-000120,Fusobacterium nucleatum-derived small extracellular vesicles facilitate tumor growth and metastasis via TLR4 in breast cancer.,Clinical statistics,,,Automatic candidate; requires manual review,"METHODS: Ten normal and 20 cancerous breast tissues were harvested to investigate the gDNA expression of F. nucleatum and its relation with the clinical characteristics of BC patients. | RESULTS: The F. nucleatum gDNA levels of breast tissues in BC patients were significantly higher than those in normal subjects, and positively associated with tumor size and metastasis.","RESULTS: The F. nucleatum gDNA levels of breast tissues in BC patients were significantly higher than those in normal subjects, and positively associated with tumor size and metastasis.",Not found in abstract / unknown,Not found in abstract / unknown,Not found in abstract / unknown,Not found in abstract / unknown,Not found in abstract / unknown,"In vivo experiments were performed to verify its role in tumor growth and liver metastasis. | Furthermore, in vivo study verified the contributive role of Fn-EVs in tumor growth and metastasis of BC, which might rely on its regulation of TLR4.",Not found in abstract / unknown,Not found in abstract / unknown,Not found in abstract / unknown
ITB-000121,Fusobacterium nucleatum promotes PD-L1 expression in cancer cells to evade CD8(+) T cell killing in breast cancer.,Unresolved,,,Automatic candidate; requires manual review,Not found in abstract / unknown,Not found in abstract / unknown,Not found in abstract / unknown,Not found in abstract / unknown,Not found in abstract / unknown,Not found in abstract / unknown,Rescue experiments using NF-κB inhibitors suggested that Fn treatment mediated NF-κB signaling and fostered PD-L1 expression in cancer cells.,Not found in abstract / unknown,Not found in abstract / unknown,Not found in abstract / unknown,Not found in abstract / unknown
ITB-000122,Fusobacterium nucleatum promotes metastasis of breast cancer via the miR-21-3p/FOXO3 axis.,Mechanistic studies,,,Automatic candidate; requires manual review,Not found in abstract / unknown,Not found in abstract / unknown,Not found in abstract / unknown,Not found in abstract / unknown,Not found in abstract / unknown,"Gene knockdown of miR-21-3p was utilized to assess its role in F. nucleatum-mediated epithelial-mesenchymal transition and cell migration. | Additionally, the effect of silencing FOXO3 on F. nucleatum-induced cell migration was examined. | RESULTS: Both in vitro and in vivo experiments showed that F. nucleatum infection did not affect cell proliferation but significantly enhanced EMT and migration. miR-21-3p was significantly upregulated after infection, and silencing it reduced F. nucleatum-induced migration. | FOXO3 was identified as a downstream target of miR-21-3p, and silencing FOXO3 further enhanced cell migration.",Not found in abstract / unknown,"In vitro and in vivo infection models were established using the isolated bacteria. | RESULTS: Both in vitro and in vivo experiments showed that F. nucleatum infection did not affect cell proliferation but significantly enhanced EMT and migration. miR-21-3p was significantly upregulated after infection, and silencing it reduced F. nucleatum-induced migration.",Not found in abstract / unknown,Not found in abstract / unknown,Not found in abstract / unknown
ITB-000123,Dual Targeting Biomimetic Nanoplatform Eradicates Oncogenic Bacteria While Reinvigorating Anti-Tumor Immunity in Breast Cancer.,Microbial therapeutics,,Materials / delivery design,Automatic candidate; requires manual review,Not found in abstract / unknown,Not found in abstract / unknown,Not found in abstract / unknown,Not found in abstract / unknown,"In Fn-colonized TNBC models, CiTB exhibited superior tumor accumulation and suppression as well as significant median survival length extension (from 23 to 44.5 days).",Not found in abstract / unknown,Not found in abstract / unknown,Not found in abstract / unknown,Not found in abstract / unknown,Not found in abstract / unknown,"To exploit this unique dual-functionality, we developed a biomimetic system (CiTB) using hybrid membranes from engineered T cells and Fn to wrap CLT-loaded PLGA nanoparticles."
ITB-000124,A Metal Chelation Therapy to Effectively Eliminate Breast Cancer and Intratumor Bacteria While Suppressing Tumor Metastasis by Copper Depletion and Zinc Ions Surge.,Unresolved,,,Automatic candidate; requires manual review,Not found in abstract / unknown,Not found in abstract / unknown,Not found in abstract / unknown,Not found in abstract / unknown,Not found in abstract / unknown,Not found in abstract / unknown,Not found in abstract / unknown,Not found in abstract / unknown,Not found in abstract / unknown,Not found in abstract / unknown,Not found in abstract / unknown
ITB-000245,Mutagenic activity of tumor-associated macrophages in Salmonella typhimurium strains TA98 and TA 100.,Unresolved,,,Automatic candidate; requires manual review,Not found in abstract / unknown,Not found in abstract / unknown,Not found in abstract / unknown,Not found in abstract / unknown,Not found in abstract / unknown,Not found in abstract / unknown,Not found in abstract / unknown,"Suspensions of cells from a series of strain BALB/cfC3H mouse mammary tumors, and adherent and nonadherent cells from the tumors, were tested for their ability to increase the mutation rate of Salmonella typhimurium tester strains TA98 and TA100.",Not found in abstract / unknown,Not found in abstract / unknown,Not found in abstract / unknown
ITB-000246,Expression of a recombinant breast tumor-associated mucin fusion protein in Escherichia coli exposes the tumor-specific epitope.,Unresolved,,,Automatic candidate; requires manual review,Not found in abstract / unknown,Not found in abstract / unknown,Not found in abstract / unknown,Not found in abstract / unknown,Not found in abstract / unknown,Not found in abstract / unknown,Not found in abstract / unknown,The antisera against this recombinant mucin fusion protein recognized all breast tumor cell lines we tested.,Not found in abstract / unknown,Not found in abstract / unknown,Not found in abstract / unknown
ITB-000247,Nucleoside-catabolizing enzymes in mycoplasma-infected tumor cell cultures compromise the cytostatic activity of the anticancer drug gemcitabine.,Unresolved,,,Automatic candidate; requires manual review,"Because it has been reported that some commensal mycoplasma species (including M. hyorhinis) preferentially colonize tumor tissue in cancer patients, our findings suggest that the presence of mycoplasmas in the tumor microenvironment could be a limiting factor for the anticancer efficiency of dFdC-based chemotherapy.","Additionally, mycoplasma-derived pyrimidine nucleoside phosphorylase (PyNP) activity indirectly potentiated deamination of dFdC: the natural pyrimidine nucleosides uridine, 2'-deoxyuridine and thymidine inhibited mycoplasma-associated dFdC deamination but were efficiently catabolized (removed) by mycoplasma PyNP.",Not found in abstract / unknown,Not found in abstract / unknown,Not found in abstract / unknown,Not found in abstract / unknown,Not found in abstract / unknown,"Accordingly, a significantly decreased antitumor effect of dFdC was observed in mice bearing M. hyorhinis-infected murine mammary FM3A tumors compared with uninfected tumors.",Not found in abstract / unknown,Not found in abstract / unknown,Not found in abstract / unknown
ITB-000249,The Human OncoBiome Database: A Database of Cancer Microbiome Datasets,Unresolved,,,Automatic candidate; requires manual review,Not found in abstract / unknown,Not found in abstract / unknown,Not found in abstract / unknown,Not found in abstract / unknown,Not found in abstract / unknown,Not found in abstract / unknown,Not found in abstract / unknown,Not found in abstract / unknown,Not found in abstract / unknown,Not found in abstract / unknown,Not found in abstract / unknown
ITB-000250,Identifying the Landscape of Intratumoral Microbes via a Single Cell Transcriptomic Analysis,Technical methods,Clinical statistics,,Automatic candidate; requires manual review,We additionally find evidence for the reactivation of herpesvirus in the plasma cells of a patient with basal cell carcinoma after immune checkpoint blockade therapy.,Not found in abstract / unknown,Not found in abstract / unknown,Not found in abstract / unknown,Not found in abstract / unknown,Not found in abstract / unknown,Not found in abstract / unknown,Not found in abstract / unknown,"We developed a computational pipeline, CSI-Microbes (computational identification of Cell-type-Specific Intracellular Microbes), to identify cell-type-specific intracellular microbes from single cell RNA-seq (scRNA-seq) data.",Not found in abstract / unknown,Not found in abstract / unknown
ITB-000252,Microbiota of Breast Tissue and Its Potential Association with Regional Recurrence of Breast Cancer in Korean Women.,Clinical statistics,,,Automatic candidate; requires manual review,"Recent studies have reported dysbiosis of the microbiome in breast tissue collected from patients with breast cancer and the association between the microbiota and disease progression. | Here, to determine the potential role of microbiota in breast tumor tissue, we analyzed 141 tissue samples based on three different tissue types (tumor, adjacent normal, and lymph node tissues) from the same patients with breast cancer in Korea. | Although further studies would be recommended to validate our results, this study could expand our understanding on the breast tissue microbiota, and the results might be applied to develop novel prediction methods and treatments for patients with breast cancer.","Recent studies have reported dysbiosis of the microbiome in breast tissue collected from patients with breast cancer and the association between the microbiota and disease progression. | However, the microbiota could be divided into two cluster types, even within the same tissue type, and the clinicopathologic factors were differently correlated in the two cluster types.",Not found in abstract / unknown,Not found in abstract / unknown,Not found in abstract / unknown,Not found in abstract / unknown,Not found in abstract / unknown,Not found in abstract / unknown,Not found in abstract / unknown,Not found in abstract / unknown,Not found in abstract / unknown
ITB-000253,Elevated bile acid metabolism and microbiome are associated with suppressed cell proliferation and better survival in breast cancer.,Clinical statistics,,,Automatic candidate; requires manual review,"We hypothesized that bile acid metabolism reflects its accumulation and is associated with certain microbiomes, breast cancer biology, and patient survival. | Transcriptomic and clinicopathological information of a total of 6050 patients in three large open primary breast cancer cohorts (GSE96058, METABRIC, TCGA) and 16S rRNA gene sequence microbiome data of breast cancer tissues in TCGA were analyzed by high and low bile acid metabolism scores calculated by gene set variation analysis (GSVA). | Breast cancers with high bile acid metabolism had a significantly improved survival across all three cohorts. | Metabolic pathways related to the production and regulation of bile acids were consistently enriched in high bile acid metabolism groups across all cohorts.","We hypothesized that bile acid metabolism reflects its accumulation and is associated with certain microbiomes, breast cancer biology, and patient survival. | On the other hand, the low bile acid metabolism group was associated with higher Ki67 expression and Nottingham histological grade, as well as enrichment of cell proliferation-related gene sets. | Surprisingly, almost all Hallmark cell proliferation-associated gene sets were highly enriched in all three microorganisms that were abundant in the low bile acid metabolism group. | In conclusion, microorganisms abundant in the breast tumor microenvironment with low bile acid metabolism are associated with aggressive cancer biology, including increased cell proliferation and poor survival.",Not found in abstract / unknown,Not found in abstract / unknown,Not found in abstract / unknown,Not found in abstract / unknown,Not found in abstract / unknown,Not found in abstract / unknown,Not found in abstract / unknown,Not found in abstract / unknown,Not found in abstract / unknown
ITB-000255,Lipopolysaccharide from the commensal microbiota of the breast enhances cancer growth: role of S100A7 and TLR4.,Unresolved,,,Automatic candidate; requires manual review,Not found in abstract / unknown,Analysis of human breast cancer samples also highlighted the inverse correlation between S100A7 and TLR4 expression.,Not found in abstract / unknown,Not found in abstract / unknown,Not found in abstract / unknown,Not found in abstract / unknown,Not found in abstract / unknown,"In this study, we used an immune-competent orthotopic breast cancer mouse model to explore the existence of a unique and independent bacterial microbiota in breast tumors. | The treatment of breast cancer cells with LPS increased the expression of S100A7 in breast cancer cells in vitro.",Not found in abstract / unknown,Not found in abstract / unknown,Not found in abstract / unknown
ITB-000256,In situ imaging for tumor microbiome interactions via imaging mass cytometry on single-cell level.,Unresolved,,,Automatic candidate; requires manual review,Not found in abstract / unknown,"Further analysis revealed that on the single-cell level, Gram-negative bacteria have a significant correlation with CD8 + T-cells only in HER2+ breast cancer, while PKCD, ER, PR and Ki67 are correlated with Gram-negative bacteria in the other three subtypes of breast cancers. | On the cell population level, in TNBC, CD19 expression intensity is up-regulated by approximately 25% in bacteria-enriched cells, while for HER2+, Luminal A and Luminal B breast cancers, the intensity of biomarkers associated with the malignancy, metastasis and proliferation of cancer cells (PKCD, ISG15 and IFI6) is down-regulated by 29%-38%.",Not found in abstract / unknown,Not found in abstract / unknown,Not found in abstract / unknown,Not found in abstract / unknown,Not found in abstract / unknown,Not found in abstract / unknown,Not found in abstract / unknown,Not found in abstract / unknown,Not found in abstract / unknown
ITB-000257,Characterization of the Metabolome of Breast Tissues from Non-Hispanic Black and Non-Hispanic White Women Reveals Correlations between Microbial Dysbiosis and Enhanced Lipid Metabolism Pathways in Triple-Negative Breast Tumors.,Clinical statistics,,,Automatic candidate; requires manual review,"Breast tumor tissues were collected from 15 patients with TNBC, 12 patients with less aggressive luminal A-type (Luminal) breast cancer, and 24 healthy controls for comparison using UHPLC-tandem mass spectrometry.",Random forest analysis revealed a unique biochemical signature associated with elevated lipid metabolites and lower levels of microbial-derived metabolites important in controlling inflammation and immune responses in breast tumor tissues.,Not found in abstract / unknown,Not found in abstract / unknown,Not found in abstract / unknown,Not found in abstract / unknown,Not found in abstract / unknown,Not found in abstract / unknown,Not found in abstract / unknown,Not found in abstract / unknown,Not found in abstract / unknown
ITB-000258,A hybrid bacterium with tumor-associated macrophage polarization for enhanced photothermal-immunotherapy.,Unresolved,,,Automatic candidate; requires manual review,Not found in abstract / unknown,"Remodeling the tumor microenvironment through reprogramming tumor-associated macrophages (TAMs) and increasing the immunogenicity of tumors via immunogenic cell death (ICD) have been emerging as promising anticancer immunotherapy strategies. | It also enables to overcome the intratumoral heterogeneity and obtain abundant tumor-associated antigens by coupling tumor penetration of the B.b with photothermal effect of the QDs, resulting in an enhanced immune effect.",Not found in abstract / unknown,Not found in abstract / unknown,Not found in abstract / unknown,Not found in abstract / unknown,Not found in abstract / unknown,"To overcome these dilemmas, a hybrid bacterium with tumor targeting and penetration, TAM polarization, and photothermal conversion capabilities is developed for improving antitumor immunotherapy in vivo.",Not found in abstract / unknown,Not found in abstract / unknown,Not found in abstract / unknown
ITB-000260,Identification of a novel cancer microbiome signature for predicting prognosis of human breast cancer patients.,Clinical statistics,,,Automatic candidate; requires manual review,"BACKGROUND: Prognosis of breast cancer (BC) patients differs considerably and identifying reliable prognostic biomarker(s) is imperative. | With evidence that the microbiome plays a critical role in the response to cancer therapies, we aimed to identify a cancer microbiome signature for predicting the prognosis of BC patients. | METHODS: The TCGA BC microbiome data (TCGA-BRCA-microbiome) was downloaded from cBioPortal. | RESULTS: Among 1406 genera, the abundances of 94 genera were significantly associated with BC patient OS in TCGA-BRCA-microbiome dataset. | Patients in low-risk group significantly prolong OS and PFS as compared to those in high-risk group.","Univariate and multivariate Cox regression analyses were used to examine association of microbial abundance with overall survival (OS) and to identify a microbial signature for creating a prognostic scoring model. | RESULTS: Among 1406 genera, the abundances of 94 genera were significantly associated with BC patient OS in TCGA-BRCA-microbiome dataset.","The performance of the scoring model was assessed by the area under the ROC curve (AUC). | Nomograms using the microbial signature, clinical factors, and molecular subtypes were established to predict OS and progression-free survival (PFS). | From that set we identified a 15-microbe prognostic signature and developed a 15-microbial abundance prognostic scoring (MAPS) model. | The integration of MAPS into nomograms significantly improved prognosis prediction.",Not found in abstract / unknown,Not found in abstract / unknown,Not found in abstract / unknown,Not found in abstract / unknown,Not found in abstract / unknown,Not found in abstract / unknown,Not found in abstract / unknown,Not found in abstract / unknown
ITB-000261,The Relationship of Tumor Microbiome and Oral Bacteria and Intestinal Dysbiosis in Canine Mammary Tumor.,Unresolved,,,Automatic candidate; requires manual review,Not found in abstract / unknown,Not found in abstract / unknown,Not found in abstract / unknown,Not found in abstract / unknown,Not found in abstract / unknown,Not found in abstract / unknown,Not found in abstract / unknown,Not found in abstract / unknown,Not found in abstract / unknown,Not found in abstract / unknown,Not found in abstract / unknown
ITB-000262,Integrating bulk and single-cell RNA sequencing data reveals the relationship between intratumor microbiome signature and host metabolic heterogeneity in breast cancer.,Clinical statistics,,,Automatic candidate; requires manual review,"METHODS: 1085 breast cancer patients with normalized intratumor microbial abundance data and 32 single-cell RNA sequencing samples were retrieved from public datasets. | Metabolism-related microbial scores were calculated to predict overall survival in patients with breast cancer. | CONCLUSIONS: Overall, the exploratory study shed light on the potential role of the metabolism-related microbiome in breast cancer patients.","Furthermore, we applied Scissor method to identify microbe-associated cell subpopulations from single-cell data. | Then, we conducted comprehensive bioinformatic analyses to explore the association between host and microbe in breast cancer. | RESULTS: Here, we found that the metabolic status of breast cancer cells was highly plastic, and some microbial genera were significantly correlated with cancer metabolic activity. | Furthermore, the microbial abundance of the specific genus was associated with gene mutation due to possible microbe-mediated mutagenesis. | The infiltrating immune cell compositions, including regulatory T cells and activated NK cells, were significantly associated with the metabolism-related intratumor microbes, as indicated in the Mantel test analysis.",Not found in abstract / unknown,Not found in abstract / unknown,Not found in abstract / unknown,Not found in abstract / unknown,Not found in abstract / unknown,Not found in abstract / unknown,Not found in abstract / unknown,Not found in abstract / unknown,Not found in abstract / unknown
ITB-000263,Integrating current analyses of the breast cancer microbiome.,Unresolved,,,Automatic candidate; requires manual review,Not found in abstract / unknown,"Many cancer types have significant associations with their resident microbial communities-emerging evidence suggests that breast cancers also interact with the local tissue-associated microbiota. | In the re-analysis for The Microbiota of Breast Tissue and Its Association with Breast Cancer by Urbaniak et al., there were 18 taxa identified as statistically significant.",Not found in abstract / unknown,Not found in abstract / unknown,Not found in abstract / unknown,Not found in abstract / unknown,Not found in abstract / unknown,Not found in abstract / unknown,Not found in abstract / unknown,Not found in abstract / unknown,Not found in abstract / unknown
ITB-000264,Intra-tumoral microbial community profiling and associated metabolites alterations of TNBC.,Unresolved,,,Automatic candidate; requires manual review,Not found in abstract / unknown,"Notably, Turicibacter, a microbe associated with cancer response, exhibited a significantly higher abundance in TNBC. | Furthermore, we observed significant correlations between the intra-tumoral microbiome, clinicopathological characteristics, and human epidermal growth factor receptor-2 expression(HER2). | Three microbial taxa (Cytophagaceae, Conexibacteraceae, and Flavobacteriaceae) were associated with tumor-infiltrating lymphocytes(TILs), which are indicative of antitumor immunity. | This study creatively utilized FFPE tissue samples to assess intra-tumoral microbial communities and their related metabolic correlations, presenting avenues for the identification of novel diagnostic biomarkers, the development of therapeutic strategies, and the early clinical diagnosis of TNBC.",Not found in abstract / unknown,Not found in abstract / unknown,Not found in abstract / unknown,Not found in abstract / unknown,Not found in abstract / unknown,Not found in abstract / unknown,Not found in abstract / unknown,Not found in abstract / unknown,Not found in abstract / unknown
ITB-000265,Intratumoral microbiome is driven by metastatic site and associated with immune histopathological parameters: An ancillary study of the SHIVA clinical trial.,Clinical statistics,,,Automatic candidate; requires manual review,"METHODS: Seventy-nine patients with breast, lung, or colorectal cancer and available biopsy samples from lymph node, lung, or liver site, treated in the SHIVA01 trial were analysed. | Patients with lower intratumoral microbiome richness had shorter overall survival (p = 0.03) and progression-free survival (p = 0.02) in multivariate analysis.","We assessed the association between microbiome composition, clinicopathological characteristics, and outcomes. | RESULTS: Microbial richness (Chao1 index), evenness (Shannon index) and beta-diversity (Bray Curtis distance) were associated with biopsy site (p = 0.0001, p = 0.03 and p < 0.0001, respectively) but not with primary tumour type (p = 0.52, p = 0.54 and p = 0.82, respectively). | Furthermore, microbial richness was inversely associated with tumour-infiltrating lymphocytes (TILs, p = 0.02), and PD-L1 expression on immune cells (p = 0.03), or assessed by Tumor Proportion Score (TPS, p = 0.02) or Combined Positive Score (CPS, p = 0.04). | Beta-diversity was also associated with these parameters (p < 0.05). | Patients with lower intratumoral microbiome richness had shorter overall survival (p = 0.03) and progression-free survival (p = 0.02) in multivariate analysis. | CONCLUSION: Biopsy site, rather than primary tumour type, was strongly associated with microbiome diversity. | Immune histopathological parameters such as PD-L1 expression and TILs were significantly associated with alpha and beta-diversity supporting the cancer-microbiome-immune axis hypothesis.",Not found in abstract / unknown,Not found in abstract / unknown,Not found in abstract / unknown,Not found in abstract / unknown,Not found in abstract / unknown,Not found in abstract / unknown,Not found in abstract / unknown,Not found in abstract / unknown,Not found in abstract / unknown
ITB-000266,Constitutive Expression of a Cytotoxic Anticancer Protein in Tumor-Colonizing Bacteria.,Unresolved,,,Automatic candidate; requires manual review,Not found in abstract / unknown,"RNA analysis revealed that tumor-associated E. coli activated rrnB operon genes encoding the rRNA building block of ribosome needed most during the exponential stage of growth, whereas those in the RES expressed substantially decreased levels of this gene and were cleared soon presumably by innate immune systems.",Not found in abstract / unknown,Not found in abstract / unknown,Not found in abstract / unknown,Not found in abstract / unknown,Not found in abstract / unknown,"Gallinarum) with defective ppGpp synthesis after intravenous injection into tumor-bearing mice (~108 colony forming units/animal). | The construct exerted anticancer effects on mice grafted with mouse colon (CT26) or breast (4T1) tumor cells without any notable adverse effects, suggesting that constitutive expression of cytotoxic anticancer protein from rrnB P1 occurred only in tumor tissue.",Not found in abstract / unknown,Not found in abstract / unknown,Not found in abstract / unknown
ITB-000268,Reduction of Staphylococcus epidermidis in the mammary tumor microbiota induces antitumor immunity and decreases breast cancer aggressiveness.,Clinical statistics,,,Automatic candidate; requires manual review,"Notably, an Amp-like signature, based on genes differentially expressed in murine tumors, identified breast cancer patients with better prognosis and high immune infiltration that correlated with a bacteria response signature.","Notably, an Amp-like signature, based on genes differentially expressed in murine tumors, identified breast cancer patients with better prognosis and high immune infiltration that correlated with a bacteria response signature.",Not found in abstract / unknown,Not found in abstract / unknown,Not found in abstract / unknown,Not found in abstract / unknown,Not found in abstract / unknown,"We found that aerosolized antibiotics decrease murine mammary tumor growth and strongly limit lung metastasis. | Notably, an Amp-like signature, based on genes differentially expressed in murine tumors, identified breast cancer patients with better prognosis and high immune infiltration that correlated with a bacteria response signature.",Not found in abstract / unknown,Not found in abstract / unknown,Not found in abstract / unknown
ITB-000270,Relationship between tumor microbiota transcriptional activity and gene expression in breast cancer.,Clinical statistics,,,Automatic candidate; requires manual review,METHODS: Sections of formalin-fixed paraffin-embedded (FFPE) tissue were prepared from the breast tumors of 70 patients and were subjected to microarray analysis to identify gene expression profiles.,"Pearson's correlation coefficient was used for calculating the correlation between microbial relative activity and gene expression. | In ER-negative samples (triple-negative and ER-/HER2+), 479 genes, including the breast carcinogenesis genes phospholipase A2, histone cluster 2, Crk-like, and cyclin D1, were significantly positive associated with the activity of Lactobacillus. | CONCLUSION: This was the first study to clarify an association between the breast tumor microbiota transcriptional activity and the expression of carcinogenesis genes in ER-negative breast cancer.",Not found in abstract / unknown,Not found in abstract / unknown,Not found in abstract / unknown,Not found in abstract / unknown,Not found in abstract / unknown,Not found in abstract / unknown,Not found in abstract / unknown,Not found in abstract / unknown,Not found in abstract / unknown
ITB-000272,Human Breast Tissue Microbiota Reveals Unique Microbial Signatures that Correlate with Prognostic Features in Adult Ethiopian Women with Breast Cancer.,Unresolved,,,Automatic candidate; requires manual review,Not found in abstract / unknown,"However, the extent to which inter-individual differences in the makeup of microbiota are associated with clinical and histopathological outcomes in Ethiopian women has not been studied. | The goal of our study was to profile the microbiome in breast tumor and normal adjacent to tumor (NAT) tissues of the same donor and to identify associations between microbial composition and abundance and clinicopathological factors in Ethiopian women with BC. | Specifically, the genus Burkholderia more strongly correlated with aggressive triple negative (TNBC) and basal-like breast tumors. | The genera Alkanindiges, Anoxybacillus, Leifsonia, and Exiguobacterium most strongly correlated with HER2-E tumors. | Luminal A and luminal B tumors also correlated with Anoxybacillus but not as strongly as HER2-E tumors. | A relatively higher abundance of the genus Citrobacter most significantly correlated with advanced-stage breast tumors compared to early-stage tumors. | This is the first study to report an association between breast microbial dysbiosis and clinicopathological factors in Ethiopian women.",Not found in abstract / unknown,Not found in abstract / unknown,Not found in abstract / unknown,Not found in abstract / unknown,Not found in abstract / unknown,Not found in abstract / unknown,Not found in abstract / unknown,Not found in abstract / unknown,Not found in abstract / unknown
ITB-000273,Case report: Primary CDK4/6 inhibitor and endocrine therapy in locally advanced breast cancer and its effect on gut and intratumoral microbiota.,Clinical statistics,,,Automatic candidate; requires manual review,"The authors report a clinical case of a postmenopausal female patient with an invasive breast carcinoma of the right breast, Luminal B-like, staged as cT4cN3M0 (IIIB). | Since the lesion was considered primarily inoperable, the patient started letrozole and ribociclib. | The final staging was ypT3ypN2aM0, R1, and the patient started adjuvant letrozole and radiotherapy. | The patient's gut microbiota was analyzed throughout the disease course and therapeutic approach, evidencing a shift in gut microbial dominance from Firmicutes to Bacteroidetes and a loss of microbial diversity following 6 months of systemic therapy.",Not found in abstract / unknown,Not found in abstract / unknown,Not found in abstract / unknown,Not found in abstract / unknown,Not found in abstract / unknown,Not found in abstract / unknown,Not found in abstract / unknown,Not found in abstract / unknown,Not found in abstract / unknown,Not found in abstract / unknown
ITB-000276,Multi-omics analysis elucidates the relationship between intratumor microbiome and host immune heterogeneity in breast cancer.,Clinical statistics,,,Automatic candidate; requires manual review,"The clinical information, microbiome data, transcriptomics data of The Cancer Genome Atlas Breast Invasive Carcinoma (TCGA-BRCA) patients were obtained from Kraken-TCGA-Raw-Data and TCGA portal. | Based on consensus clustering analysis, BC patients were categorized into two immune subtypes, referred to as immune-enriched and immune-deficient subtypes.","The core tumor-infiltrating immune cell was identified using univariate Cox regression analysis. | An intratumor microbiome-based prognostic signature consisting of four prognostic IRIMs (Acidibacillus, Succinimonas, Lachnoclostridium, and Pseudogulbenkiania) was constructed using the Cox proportional-hazard model, and it had great prognostic value. | The prognostic IRIMs were correlated with immune gene expression and the sensitivity of chemotherapy drugs, specifically tamoxifen and docetaxel. | The critical IRIMs were correlated with prognosis, tumor-infiltrating immune cell abundance, and immunotherapeutic efficacy in BC. | This study identified the critical immune-related intratumor microbiome (Acidibacillus, Succinimonas, Lachnoclostridium, and Pseudogulbenkiania), which were correlated with prognosis, tumor-infiltrating immune cell abundance, and immunotherapeutic efficacy in breast cancer and might be the novel target to regulate immunotherapy in BC.","An intratumor microbiome-based prognostic signature consisting of four prognostic IRIMs (Acidibacillus, Succinimonas, Lachnoclostridium, and Pseudogulbenkiania) was constructed using the Cox proportional-hazard model, and it had great prognostic value.",Not found in abstract / unknown,Not found in abstract / unknown,Not found in abstract / unknown,Not found in abstract / unknown,Not found in abstract / unknown,Not found in abstract / unknown,Not found in abstract / unknown,Not found in abstract / unknown
ITB-000277,Whole-Tumor Clearing and Imaging of Intratumor Microbiota in Three Dimensions with miCDaL Strategy.,Mechanistic studies,,,Automatic candidate; requires manual review,Not found in abstract / unknown,Not found in abstract / unknown,Not found in abstract / unknown,Not found in abstract / unknown,"Notably, immune infiltrates, including T cells and NK cells, and tertiary lymphoid structures are conspicuously absent in bacteria-colonized regions.",Not found in abstract / unknown,Not found in abstract / unknown,"By incorporating an immunostaining protocol, 3D imaging of the immunologic microenvironment is achieved in both murine and human mammary tumors that is previously assumed to be bacteria-free.",Not found in abstract / unknown,Not found in abstract / unknown,Not found in abstract / unknown
ITB-000278,Engineered probiotic-mediated intratumoral delivery and controlled release of bacterial collagenase for cancer therapy.,Unresolved,,,Automatic candidate; requires manual review,Not found in abstract / unknown,"Elevated collagen levels within breast tumors are strongly associated with tumor progression and present a barrier to effective therapeutic agent penetration within the tumor microenvironment (TME), leading to poor clinical outcomes.",Not found in abstract / unknown,Not found in abstract / unknown,Not found in abstract / unknown,Not found in abstract / unknown,Not found in abstract / unknown,"The introduction of collagenase-expressing bacteria, in conjunction with therapeutic immunotoxin, reduced collagen fiber levels within the TME, resulting in inhibited tumor growth and prolonged survival in a murine model of breast cancer. | Remarkably, synergistic antitumor effects were observed in mice treated with this combination therapy.",Not found in abstract / unknown,Not found in abstract / unknown,Not found in abstract / unknown
ITB-000279,Dual‐Targeted Biomimetic Hybrid Nanovesicles for Tumor Microenvironment Reprogramming and Intratumoral Bacteria Eradication in Triple‐Negative Breast Cancer,Microbial therapeutics,,Materials / delivery design,Automatic candidate; requires manual review,Not found in abstract / unknown,Not found in abstract / unknown,Not found in abstract / unknown,Not found in abstract / unknown,"Upon laser irradiation, DPI@HMV‐RS17 showed excellent antitumor effects in the F. nucleatum ‐colonized 4T1 breast tumor models through the close synergy among each component, which not only inhibited tumor growth but also prevented lung metastasis and tumor recurrence, providing new insights and potential application prospects in boosting the immunotherapy of bacteria‐colonized tumors.",Not found in abstract / unknown,Not found in abstract / unknown,Not found in abstract / unknown,Not found in abstract / unknown,Not found in abstract / unknown,"Herein, the F. nucleatum ‐4T1 hybrid cell membrane vesicle (HMV) functional lipid nanoparticles is developed and decorated them with antitumor RS17 peptide, which are designed to codelivery chemotherapeutic drug doxorubicin, photosensitizer IR820, and immunomodulator polymetformin (DPI@HMV‐RS17)."
ITB-000281,Microbial community profiles in breast cancer and normal adjacent tissues: associations with clinicopathological characteristics.,Clinical statistics,,,Automatic candidate; requires manual review,METHODS: Tumor and normal adjacent tissue (NAT) samples from 31 BC patients were analyzed by 16S rRNA sequencing targeting five variable regions.,This study aims to characterize BC-associated microbiota via 16S ribosomal RNA (rRNA) sequencing to explore potential pathogenic mechanisms and support early diagnosis and personalized treatment. | Differential microbial taxa were identified using the Wilcoxon signed-rank test and linear discriminant analysis effect size (LEfSe).,Not found in abstract / unknown,Not found in abstract / unknown,Not found in abstract / unknown,Not found in abstract / unknown,Not found in abstract / unknown,Not found in abstract / unknown,Not found in abstract / unknown,Not found in abstract / unknown,Not found in abstract / unknown
ITB-000283,Endocrine-targeting therapies shift the breast microbiome to reduce estrogen receptor-α breast cancer risk.,Unresolved,,,Automatic candidate; requires manual review,Not found in abstract / unknown,"Human tumor samples revealed that LTA-positive bacteria negatively correlated with Ki67, suggesting that endocrine therapies influence tumor-associated microbiota to regulate proliferation.",Not found in abstract / unknown,Not found in abstract / unknown,Not found in abstract / unknown,Not found in abstract / unknown,Not found in abstract / unknown,"Using 16S sequencing, we found that tamoxifen alters β-diversity and increases Firmicutes abundance, including Lactobacillus spp., in mammary glands (MGs) of mice and non-human primates. | In B6.MMTV-PyMT mice, intra-nipple probiotic bacteria injections reduced tumorigenesis, altered metabolic gene expression, and decreased tumor proliferation.",Not found in abstract / unknown,Not found in abstract / unknown,Not found in abstract / unknown
ITB-000284,A polyvalent vaccine for selectively killing tumor-associated bacteria to prevent cancer metastasis.,Mechanistic studies,,,Automatic candidate; requires manual review,Not found in abstract / unknown,"Overall, this study validates the potential of nanovaccines in modulating the intratumoral microbiome for tumor therapy and highlights tumor-associated bacterial infections as potential promising antitumor targets.",Not found in abstract / unknown,Not found in abstract / unknown,"Unexpectedly, vaccinated infected mice showed even slower tumor metastasis than uninfected mice.",Not found in abstract / unknown,Not found in abstract / unknown,"Unexpectedly, vaccinated infected mice showed even slower tumor metastasis than uninfected mice.",Not found in abstract / unknown,Not found in abstract / unknown,Not found in abstract / unknown
ITB-000285,Neutrophil-Camouflaged Stealth Liposomes for Photothermal-Induced Tumor Immunotherapy Through Intratumoral Bacterial Activation.,Microbial therapeutics,,Materials / delivery design,Automatic candidate; requires manual review,Not found in abstract / unknown,"This study aimed to develop a neutrophil-based liposome delivery system designed for dual-targeted elimination of tumor cells and F. nucleatum, while simultaneously upregulating pathogen-associated molecular patterns and damage-associated molecular patterns to potentiate tumor immunotherapy.",Not found in abstract / unknown,Not found in abstract / unknown,Not found in abstract / unknown,Not found in abstract / unknown,Not found in abstract / unknown,"In vitro cellular experiments revealed that PD/GA-LPs exhibited enhanced internalization by neutrophils, followed by extracellular trap-mediated release, ultimately significantly inhibiting tumor cell proliferation and inducing immunogenic cell death. | During in vivo treatment, PD/GA-LPs exhibited targeted tumor accumulation, where F. nucleatum-driven PD reduction activated near-infrared-responsive photothermal ablation.",Not found in abstract / unknown,Not found in abstract / unknown,"This study aimed to develop a neutrophil-based liposome delivery system designed for dual-targeted elimination of tumor cells and F. nucleatum, while simultaneously upregulating pathogen-associated molecular patterns and damage-associated molecular patterns to potentiate tumor immunotherapy. | Methods: The liposomes (PD/GA-LPs) loaded with the perylene diimide complex (PD) and gambogic acid (GA) were fabricated via the extrusion method."
ITB-000287,Distinct Breast Tissue Microbiota Profiles in Early-Stage Breast Cancer: A Prospective Study in Turkish Women.,Clinical statistics,,,Automatic candidate; requires manual review,"Results: A total of 22 patients with early-stage breast cancer were included (mean age 58.3 ± 12.7 years, mean BMI 28.9 ± 3.1 kg/m2).",No consistent associations were identified between fecal and breast tissue microbiota.,Not found in abstract / unknown,Not found in abstract / unknown,Not found in abstract / unknown,Not found in abstract / unknown,Not found in abstract / unknown,Not found in abstract / unknown,Not found in abstract / unknown,Not found in abstract / unknown,Not found in abstract / unknown
ITB-000288,Targeted eradication of intratumoral Fusobacterium nucleatum via a cascade-responsive biomimetic nanoplatform for stemness reversal and chemotherapy potentiation,Microbial therapeutics,,Materials / delivery design,Automatic candidate; requires manual review,Not found in abstract / unknown,Not found in abstract / unknown,Not found in abstract / unknown,Not found in abstract / unknown,Not found in abstract / unknown,Not found in abstract / unknown,Not found in abstract / unknown,Not found in abstract / unknown,Not found in abstract / unknown,Not found in abstract / unknown,"Here, we develop breast cancer cell membrane-cloaked calcium-phosphate nanoparticles (C/D-B-CaP@M) that sequentially deliver clindamycin phosphate (CDP) and doxorubicin (DOX). | A smart pH/ROS cascade-responsive biomimetic nanoplatform kills intratumoral Fusobacterium nucleatum firstly to revert tumor cell stemness, and then unleashes chemotherapy for precision breast cancer therapy."
ITB-000289,Eliminating intratumoral bacteria with cGAS-STING-activating nanodrug-bacteria biohybrids potentiates cancer immunotherapy.,Unresolved,,,Automatic candidate; requires manual review,Not found in abstract / unknown,Not found in abstract / unknown,Not found in abstract / unknown,Not found in abstract / unknown,Not found in abstract / unknown,Not found in abstract / unknown,Not found in abstract / unknown,Not found in abstract / unknown,Not found in abstract / unknown,Not found in abstract / unknown,Not found in abstract / unknown
ITB-000290,Intratumoral Staphylococcus pseudintermedius Promotes Proliferation and Migration of CMT-U27 Cells Through the TLR2/PI3K/Akt Signaling Pathway.,Unresolved,,,Automatic candidate; requires manual review,Not found in abstract / unknown,"Collectively, these findings indicate that intratumoral Staphylococcus pseudintermedius promotes the proliferation and migration of CMT-U27 cells through activation of the TLR2/PI3K/Akt pathway, highlighting a functional link between tumor-associated bacteria and cancer progression.",Not found in abstract / unknown,Not found in abstract / unknown,Not found in abstract / unknown,Not found in abstract / unknown,Not found in abstract / unknown,Not found in abstract / unknown,Not found in abstract / unknown,Not found in abstract / unknown,Not found in abstract / unknown
ITB-000291,Chemo-immunotherapeutic potential of Lactobacillus rhamnosus GG and its bioengineering for cancer therapy.,Microbial therapeutics,,Materials / delivery design,Automatic candidate; requires manual review,Not found in abstract / unknown,"Both LGG and its secretions exhibited potent cytotoxicity against various tumor cell lines, associated with mitochondrial dysfunction and apoptosis, likely due to acidification of the surrounding environment.",Not found in abstract / unknown,Not found in abstract / unknown,Not found in abstract / unknown,Not found in abstract / unknown,Not found in abstract / unknown,"Both LGG and its secretions exhibited potent cytotoxicity against various tumor cell lines, associated with mitochondrial dysfunction and apoptosis, likely due to acidification of the surrounding environment.",Not found in abstract / unknown,Not found in abstract / unknown,"To enhance its therapeutic efficacy, we further developed a biohybrid system by conjugating paclitaxel-loaded poly (lactic-co-glycolic acid) nanoparticles to LGG (PTX-NPs-LGG), enabling both targeted chemotherapy and bacteriotherapy. | Additionally, a thermo-sensitive hydrogel was employed for peritumoral delivery, ensuring sustained release and localized activity."
ITB-000292,Bimetallic nanozymes with galvanic cell effects eradicate intratumoral bacteria and tumor cells to overcome drug resistance and potentiate antitumor immune responses for tumor therapy.,Unresolved,,,Automatic candidate; requires manual review,Not found in abstract / unknown,"Here, we developed bimetallic Copper-Tin nanozymes (CuSn nanozymes) with a galvanic cell effect to overcome bacteria-associated challenges, overcome drug resistance, and enhance cancer therapy.",Not found in abstract / unknown,Not found in abstract / unknown,Not found in abstract / unknown,Not found in abstract / unknown,Not found in abstract / unknown,Not found in abstract / unknown,Not found in abstract / unknown,Not found in abstract / unknown,Not found in abstract / unknown
ITB-000857,Intracellular Fusobacterium nucleatum infection increases METTL3-mediated m6A methylation to promote the metastasis of esophageal squamous cell carcinoma.,Clinical statistics,,,Automatic candidate; requires manual review,METHODS: The abundance of Fn in patient tissues was determined by qPCR.,INTRODUCTION: The tumor-associated microbiota plays a vital role in cancer development. | METTL3 expression was positively associated with Fn abundance in ESCC tissues.,Not found in abstract / unknown,Not found in abstract / unknown,Not found in abstract / unknown,Not found in abstract / unknown,Not found in abstract / unknown,"METTL3 function was evaluated in vitro by colony formation and cell migration assays. | Moreover, METTL3 overexpression promoted ESCC cells proliferation, migration in vivo and in vitro.",Not found in abstract / unknown,Not found in abstract / unknown,Not found in abstract / unknown
ITB-000873,Colonization of experimental murine breast tumours by Escherichia coli K-12 significantly alters the tumour microenvironment.,Mechanistic studies,,,Automatic candidate; requires manual review,Not found in abstract / unknown,"In addition, E. coli K-12 colonization led to the redistribution of tumour-associated macrophages, forming a granulation tissue around bacterial colonies, and also to an increase in TNFalpha and matrix metalloproteinase 9 expression.",Not found in abstract / unknown,Not found in abstract / unknown,"Here, we analysed the effect of Escherichia coli K-12 colonization on the tumour microenvironment by immunohistochemistry and fluorescence microscopy in the murine 4T1 breast carcinoma model. | We described the colonization of tumour-bearing mice, as well as the spatiotemporal distribution of E. coli K-12 in the 4T1 tumour tissue over a period of 14 days. | The colonization resulted within 3 days in large avascular necrotic tissue, redistribution of hypoxic areas and an enhanced collagen IV deposition within the colonized tumour tissue, which changed the tumoral perfusion of systemically injected immunoglobulins. | In addition, E. coli K-12 colonization led to the redistribution of tumour-associated macrophages, forming a granulation tissue around bacterial colonies, and also to an increase in TNFalpha and matrix metalloproteinase 9 expression. | Colonization of 4T1 tumours by E. coli K-12 resulted in strong reduction of pulmonary metastatic events.",Not found in abstract / unknown,Not found in abstract / unknown,"Here, we analysed the effect of Escherichia coli K-12 colonization on the tumour microenvironment by immunohistochemistry and fluorescence microscopy in the murine 4T1 breast carcinoma model. | We described the colonization of tumour-bearing mice, as well as the spatiotemporal distribution of E. coli K-12 in the 4T1 tumour tissue over a period of 14 days.",Not found in abstract / unknown,Not found in abstract / unknown,Not found in abstract / unknown
ITB-000912,Uncovering Microbial Composition in Human Breast Cancer Primary Tumour Tissue Using Transcriptomic RNA-seq.,Unresolved,,,Automatic candidate; requires manual review,Not found in abstract / unknown,Not found in abstract / unknown,Not found in abstract / unknown,Not found in abstract / unknown,Not found in abstract / unknown,Not found in abstract / unknown,Not found in abstract / unknown,Not found in abstract / unknown,Not found in abstract / unknown,Not found in abstract / unknown,Not found in abstract / unknown
ITB-000923,A Mechanophenotyping chip for high-throughput detection of metastatic bacteria-infected circulating tumor cells.,Unresolved,,,Automatic candidate; requires manual review,Not found in abstract / unknown,Not found in abstract / unknown,Not found in abstract / unknown,Not found in abstract / unknown,Not found in abstract / unknown,Not found in abstract / unknown,Not found in abstract / unknown,"The platform demonstrates an average single-cell capture efficiency of 95.42% and specificity of 85.34% in discriminating infected versus non-infected breast cancer cells, validated through parallel in vivo metastatic assays.",Not found in abstract / unknown,Not found in abstract / unknown,Not found in abstract / unknown
ITB-000766,Association between the presence of bacterial 16S RNA in prostate specimens taken during transurethral resection of prostate and subsequent risk of prostate cancer (Sweden).,Clinical statistics,,,Automatic candidate; requires manual review,"OBJECTIVE: To study bacterial 16S RNA in archival prostate samples from 352 patients with benign prostate hyperplasia (BPH) and evaluate whether the presence of bacterial DNA was different in those who later developed prostate cancer (n = 171) and in the matched controls that did not progress to cancer (n = 181). | Sequence analysis revealed Propionibacterium acnes as the predominant microorganism (23% of 16S RNA positive patients). | The second most frequent isolate-Escherichia coli was found in 12 (12%) patients. | The other isolates included Pseudomonas sp. (3 patients), Actinomyces sp. (2), Streptococcus mutans (1), Corynebacterium sp. (2), Nocardioides sp. (1), Rhodococcus sp. (1) Veillonella sp. (2).","The presence of P. acnes in the prostate was associated with prostate cancer development (OR 2.17, 95% CI 0.77-6.95).",Not found in abstract / unknown,Not found in abstract / unknown,Not found in abstract / unknown,Not found in abstract / unknown,Not found in abstract / unknown,Not found in abstract / unknown,Not found in abstract / unknown,Not found in abstract / unknown,Not found in abstract / unknown
ITB-000767,Characterisation of microbial communities within aggressive prostate cancer tissues.,Unresolved,,,Automatic candidate; requires manual review,Not found in abstract / unknown,"BACKGROUND: An infectious aetiology for prostate cancer has been conjectured for decades but the evidence gained from questionnaire-based and sero-epidemiological studies is weak and inconsistent, and a causal association with any infectious agent is not established. | Further studies, specifically designed to detect associations between the disease phenotype and aetiological agents, are required.",Not found in abstract / unknown,Not found in abstract / unknown,Not found in abstract / unknown,Not found in abstract / unknown,Not found in abstract / unknown,Not found in abstract / unknown,Not found in abstract / unknown,Not found in abstract / unknown,Not found in abstract / unknown
ITB-000768,Influence of Intratumor Microbiome on Clinical Outcome and Immune Processes in Prostate Cancer.,Clinical statistics,,,Automatic candidate; requires manual review,"However, there is a subset of patients in which the once-indolent PC becomes metastatic and eventually, fatal.","Using large-scale RNA-sequencing data and corresponding clinical data, we correlated the abundance of microbes to immune pathways and PC risk factors, identifying specific microbes that either significantly deter or contribute to cancer aggressiveness. | These include Listeria monocytogenes, Methylobacterium radiotolerans JCM 2831, Xanthomonas albilineans GPE PC73, and Bradyrhizobium japonicum, which are negatively correlated with Gleason score, Tumor-Node-Metastasis (TNM) stage, prostate-specific antigen (PSA) level, and Androgen Receptor (AR) expression, respectively. | We also identified microbes that contribute to tumor growth and are positively correlated with genomic alterations, dysregulated immune-associated (IA) genes, and prostate cancer stem cells (PCSC) genes.",Not found in abstract / unknown,Not found in abstract / unknown,Not found in abstract / unknown,Not found in abstract / unknown,Not found in abstract / unknown,Not found in abstract / unknown,Not found in abstract / unknown,Not found in abstract / unknown,Not found in abstract / unknown
ITB-000769,"Microbiota of Urine, Glans and Prostate Biopsies in Patients with Prostate Cancer Reveals a Dysbiosis in the Genitourinary System.",Clinical statistics,,,Automatic candidate; requires manual review,"The results indicated that α-diversity (number and abundance of genera) was lower in prostate and glans, and higher in urine from patients with PCa, compared to non-PCa patients. | The different genera of the bacterial community found in urine was significantly different in PCa patients compared to non-PCa patients, but they did not differ in glans and prostate. | Linear discriminant analysis (LDA) effect size (LEfSe) analysis revealed significantly higher levels of the genera Streptococcus, Prevotella, Peptoniphilus, Negativicoccus, Actinomyces, Propionimicrobium, and Facklamia in urine of PCa patients, whereas Methylobacterium/Methylorubrum, Faecalibacterium, and Blautia were more abundant in the non-PCa patients.",Not found in abstract / unknown,Not found in abstract / unknown,Not found in abstract / unknown,Not found in abstract / unknown,Not found in abstract / unknown,Not found in abstract / unknown,Not found in abstract / unknown,Not found in abstract / unknown,Not found in abstract / unknown,Not found in abstract / unknown
ITB-000770,Influence of diabetes on microbiome in prostate tissues of patients with prostate cancer.,Clinical statistics,,,Automatic candidate; requires manual review,"BACKGROUND: Although microbiota in prostatic tissues of patients with prostate cancer have been studied, results of different studies have been inconsistent. | RESULTS: Alteration of the microbiome in prostate tissues was detected only in patients with diabetes. | The microbiome in malignant tissues of patients with diabetes was influenced by pathologic stages.",Not found in abstract / unknown,Not found in abstract / unknown,Not found in abstract / unknown,Not found in abstract / unknown,Not found in abstract / unknown,Not found in abstract / unknown,Not found in abstract / unknown,Not found in abstract / unknown,Not found in abstract / unknown,Not found in abstract / unknown
ITB-000771,Association of Intratumoral Microbiota Modulation with Prostate Cancer Progression: A Microbiome Analysis of Prostatic Tissue.,Clinical statistics,,,Automatic candidate; requires manual review,"This study analyzed the microbiome of prostate cancer tissues from patients with localized prostate cancer (LPC, stages 1-2) and advanced prostate cancer (APC, stages 3-4) to determine its association with cancer progression.","This study analyzed the microbiome of prostate cancer tissues from patients with localized prostate cancer (LPC, stages 1-2) and advanced prostate cancer (APC, stages 3-4) to determine its association with cancer progression.",Not found in abstract / unknown,Not found in abstract / unknown,Not found in abstract / unknown,Not found in abstract / unknown,Not found in abstract / unknown,The role of Lautropia in the progression of cancer was confirmed by in vitro studies employing cell lines from prostate cancer.,Not found in abstract / unknown,Not found in abstract / unknown,Not found in abstract / unknown
ITB-000772,3-acetyl-11-keto-β-boswellic acid and chitosan-Ag nanoparticles for synergistic tumor-resident bacteria mediated prostate cancer therapy.,Microbial therapeutics,,Materials / delivery design,Automatic candidate; requires manual review,Not found in abstract / unknown,Not found in abstract / unknown,Not found in abstract / unknown,Not found in abstract / unknown,Not found in abstract / unknown,Not found in abstract / unknown,Not found in abstract / unknown,"To address the challenge of drug targeting in vivo, we designed nanocomposites (SZTI01@Chi-Ag@PLGA@AKBA) that specifically target prostate-specific membrane antigen (PSMA) receptors on PCa cells.",Not found in abstract / unknown,Not found in abstract / unknown,"In this study, we propose a novel therapeutic approach combining 3-acetyl-11-keto-β-boswellic acid (AKBA) with chitosan-coated silver nanoparticles (Chi-Ag NPs) to enhance PCa treatment efficacy by eliminating tumor-resident bacteria and inhibiting tumor invasion and metastasis. | To address the challenge of drug targeting in vivo, we designed nanocomposites (SZTI01@Chi-Ag@PLGA@AKBA) that specifically target prostate-specific membrane antigen (PSMA) receptors on PCa cells. | Additionally, the nanocomposites suppressed Th17 cell infiltration and reduced IL-17 secretion, thereby inhibiting primary tumor growth and metastasis."
ITB-000843,Metagenomic analysis reveals a rich bacterial content in high-risk prostate tumors from African men.,Clinical statistics,,,Automatic candidate; requires manual review,"What is unique about this study is that patients were separated by ethnicity, African vs European, and environments, Africa vs Australia.","Considering core human gut microbiota, African prostate tissue samples appear enriched for Escherichia and Acidovorax, with an abundance of Eubacterium associated with host tumor hypermutation.",Not found in abstract / unknown,Not found in abstract / unknown,Not found in abstract / unknown,Not found in abstract / unknown,Not found in abstract / unknown,Not found in abstract / unknown,Not found in abstract / unknown,Not found in abstract / unknown,Not found in abstract / unknown
ITB-000927,Multi-faceted immunomodulatory and tissue-tropic clinical bacterial isolate potentiates prostate cancer immunotherapy.,Clinical statistics,,,Automatic candidate; requires manual review,"Here we show that a patient-derived prostate-specific microbe, CP1, in combination with anti-PD-1 immunotherapy, increases survival and decreases tumor burden in orthotopic MYC- and PTEN-mutant prostate cancer models.",Not found in abstract / unknown,Not found in abstract / unknown,Not found in abstract / unknown,Not found in abstract / unknown,Not found in abstract / unknown,Not found in abstract / unknown,Not found in abstract / unknown,Not found in abstract / unknown,Not found in abstract / unknown,Not found in abstract / unknown
ITB-000941,Negative bacterial polymerase chain reaction (PCR) findings in prostate tissue from patients with symptoms of chronic pelvic pain syndrome (CPPS) and localized prostate cancer.,Clinical statistics,,,Automatic candidate; requires manual review,MATERIALS AND METHODS: We investigated the presence of bacterial DNA using polymerase chain reaction (PCR) techniques on prostatic tissue samples obtained in radical prostatectomy from 10 patients with moderate to severe symptoms of CPPS and 10 nonsymptomatic patients with localized prostate cancer. | The PCR from a symptomatic patient was reproducibly positive in 16S rDNA PCR but negative in 23S rDNA PCR. | CONCLUSIONS: A bacterial etiology for CPPS symptoms could not be demonstrated in patients with prostate cancer.,Not found in abstract / unknown,Not found in abstract / unknown,Not found in abstract / unknown,Not found in abstract / unknown,Not found in abstract / unknown,Not found in abstract / unknown,Not found in abstract / unknown,Not found in abstract / unknown,Not found in abstract / unknown,Not found in abstract / unknown
ITB-000625,The Interaction between Intratumoral Microbiome and Immunity Is Related to the Prognosis of Ovarian Cancer.,Clinical statistics,,,Automatic candidate; requires manual review,The RNA-sequencing data and clinical and survival data of 373 patients with OV in The Cancer Genome Atlas (TCGA) were collected and downloaded. | A prediction model consisting of 32 microbial signatures was constructed using the Cox proportional-hazard model and showed great prognostic value for OV patients.,"However, whether intratumor microbes are associated with tumor microenvironment (TME) and prognosis of OV still remains unknown. | A prediction model consisting of 32 microbial signatures was constructed using the Cox proportional-hazard model and showed great prognostic value for OV patients. | The prognostic microbial signatures were strongly associated with the hosts' immune factors. | Especially, M1 was strongly associated with five species (Achromobacter deleyi and Microcella alkaliphila, Devosia sp. strain LEGU1, Ancylobacter pratisalsi, and Acinetobacter seifertii). | Furthermore, the intratumoral microbiome was closely associated with the tumor immune microenvironment and OV prognosis. | Especially, M1 was closely associated with intratumoral microbes, and Acinetobacter seifertii could inhibit macrophage migration.",A prediction model consisting of 32 microbial signatures was constructed using the Cox proportional-hazard model and showed great prognostic value for OV patients.,Not found in abstract / unknown,Not found in abstract / unknown,Not found in abstract / unknown,Not found in abstract / unknown,Not found in abstract / unknown,Not found in abstract / unknown,Not found in abstract / unknown,Not found in abstract / unknown
ITB-000627,No Bacterial Biomass Detected in Tissue From Patients With Ovarian Cancer and Serous Tubal Intraepithelial Carcinomas Using 16S rDNA Sequencing.,Clinical statistics,,,Automatic candidate; requires manual review,"Secondarily, we aimed to compare results from the bacterial microbiota in formalin-fixed, paraffin-embedded ovarian tissue samples from 194 patients with epithelial ovarian cancer, fallopian tube tissue samples from 16 patients with serous tubal intraepithelial carcinomas and in benign fallopian tube tissue samples from 25 patients.",Not found in abstract / unknown,Not found in abstract / unknown,Not found in abstract / unknown,Not found in abstract / unknown,Not found in abstract / unknown,Not found in abstract / unknown,Not found in abstract / unknown,Not found in abstract / unknown,Not found in abstract / unknown,Not found in abstract / unknown
ITB-000850,The differential distribution of bacteria between cancerous and noncancerous ovarian tissues in situ.,Clinical statistics,,,Automatic candidate; requires manual review,"METHODS: Six women who were diagnosed with ovarian cancer were included in the cancer group, and ten women who were diagnosed with a noncancerous ovarian condition (including three patients with uterine myoma and seven patients with uterine adenomyosis) were included in the control group.","When predicting metagenomes, gene functions associated with the potentially pathogenic and the oxidative stress-tolerant phenotype were enriched in the ovaries of the cancer group.",Not found in abstract / unknown,Not found in abstract / unknown,Not found in abstract / unknown,Not found in abstract / unknown,Not found in abstract / unknown,Not found in abstract / unknown,Not found in abstract / unknown,Not found in abstract / unknown,Not found in abstract / unknown
ITB-000860,2bRAD-M reveals the difference in microbial distribution between cancerous and benign ovarian tissues.,Unresolved,,,Automatic candidate; requires manual review,Not found in abstract / unknown,Not found in abstract / unknown,Not found in abstract / unknown,Not found in abstract / unknown,Not found in abstract / unknown,Not found in abstract / unknown,Not found in abstract / unknown,Not found in abstract / unknown,Not found in abstract / unknown,Not found in abstract / unknown,Not found in abstract / unknown
ITB-000876,Cutibacterium acnes-Derived Extracellular Vesicles Promote Epithelial Ovarian Cancer Progression by Activating the KEAP1-NRF2 Antioxidant Pathway to Suppress Ferroptosis.,Unresolved,,,Automatic candidate; requires manual review,Not found in abstract / unknown,"Bacterial extracellular vesicles are increasingly recognized as important mediators of microbe-host communication, yet their functional roles within tumour-associated microbiota remain poorly understood. | Collectively, our findings identify bacterial extracellular vesicles as functional modulators of host redox metabolism and ferroptosis, revealing a previously unrecognized mechanism by which tumour-associated microbiota influence cancer progression.",Not found in abstract / unknown,Not found in abstract / unknown,Not found in abstract / unknown,Not found in abstract / unknown,Not found in abstract / unknown,"Using integrated in vitro and in vivo models, we found that CEVs significantly promoted tumour growth and induced transcriptional reprogramming toward antioxidant defence and ferroptosis resistance.",Not found in abstract / unknown,Not found in abstract / unknown,Not found in abstract / unknown
ITB-000619,Longitudinal characterization of the tumoral microbiome during radiotherapy in HPV-associated oropharynx cancer.,Clinical statistics,,,Automatic candidate; requires manual review,"METHODS: Patients with newly diagnosed HPV-associated OPC treated with definitive radiotherapy +/- concurrent chemotherapy were enrolled in this prospective study. | RESULTS: Ten patients were enrolled, but 9 patients were included in the final analysis. | As per AJCC 8th Ed, 56%, 22% and 22% of patients had stage I, II and III, respectively. | At 4-weeks, 6 patients had CR and 3 patients had PR; at follow-up imaging post treatment, all patients had CR. | For the entire cohort, alpha diversity was significantly decreased over the course of treatment (p = 0.04). | Baseline tumor alpha diversity of patients with CR was significantly higher than those with PR (p = 0.03). | While patients with CR had significant reduction in diversity over the course of radiation (p = 0.01), the diversity remained unchanged in patients with PR. | Patients with history of smoking had significantly increased abundance of Kingella (0.05) and lower abundance of Stomatobaculum (p = 0.03) compared to never smokers. | Baseline tumor alpha diversity of patients with CR was higher than patients with PR, suggesting that the microbiome deserves further investigation as a biomarker of radiation response.",PURPOSE: To describe the baseline and serial tumor microbiome in HPV-associated oropharynx cancer (OPC) over the course of radiotherapy (RT). | METHODS: Patients with newly diagnosed HPV-associated OPC treated with definitive radiotherapy +/- concurrent chemotherapy were enrolled in this prospective study. | CONCLUSIONS: The tumor microbiome of HPV-associated OPC exhibits reduced alpha diversity and altered taxa abundance over the course of radiotherapy.,Not found in abstract / unknown,Not found in abstract / unknown,Not found in abstract / unknown,Not found in abstract / unknown,Not found in abstract / unknown,Not found in abstract / unknown,Not found in abstract / unknown,Not found in abstract / unknown,Not found in abstract / unknown
ITB-000620,"Cross-comparison of microbiota in the oropharynx, hypopharyngeal squamous cell carcinoma and their adjacent tissues through quantitative microbiome profiling.",Clinical statistics,,,Automatic candidate; requires manual review,"METHODS: Clinical data, swabs, and tissue samples from 27 HPSCC patients were collected in this study and divided into three sampling groups: 19 oropharyngeal mucosa (OPM), 27 hypopharyngeal carcinomas tissues (HC), and 26 corresponding adjacent tissues (AT).","AIMS: To clarify the absolute abundance of microbial communities on hypopharyngeal squamous cell carcinoma and their correlation to those in the oropharynx. | Fusobacterium, Porphyromonas, Haemophilus, and Peptostreptococcus at the genus level in OPM were positively correlated with HC.",Not found in abstract / unknown,Not found in abstract / unknown,Not found in abstract / unknown,Not found in abstract / unknown,Not found in abstract / unknown,Not found in abstract / unknown,Not found in abstract / unknown,Not found in abstract / unknown,Not found in abstract / unknown
ITB-000622,Intratumoral Fusobacterium nucleatum is associated with better cancer-specific survival in head and neck cancer patients.,Clinical statistics,,,Automatic candidate; requires manual review,"Here, we evaluated the presence of Fn and its association with HPV infection, TERT promoter (TERTp) mutations, and patient outcomes. | MATERIALS AND METHODS: We analyzed 94 formalin-fixed paraffin-embedded (FFPE) tumor tissues from HNC patients previously evaluated for TERTp mutations. | However, patients with Fn positivity showed significantly improved cancer-specific survival (61.5% vs. 39.1%, p = 0.013), similar to HPV-positive patients (72.7% vs. 42.7%, p = 0.014).","Here, we evaluated the presence of Fn and its association with HPV infection, TERT promoter (TERTp) mutations, and patient outcomes. | Associations between Fn presence, clinicopathological features, HPV, and TERTp mutation status were assessed. | No significant associations were found between Fn and clinicopathological features, TERTp, or HPV status.",Not found in abstract / unknown,Not found in abstract / unknown,Not found in abstract / unknown,Not found in abstract / unknown,Not found in abstract / unknown,Not found in abstract / unknown,Not found in abstract / unknown,Not found in abstract / unknown,Not found in abstract / unknown
ITB-000623,A study on the microbiome within oropharyngeal cancer tissues.,Clinical statistics,,,Automatic candidate; requires manual review,"Our study aimed to understand the microbial composition within OPC tissue, utilizing the 2bRAD-M technique to analyze microbiome characteristics of tissue samples from 46 OPC patients and 31 with tonsillitis, followed by bioinformatics analysis. | HPV-positive OPC patients showed greater abundances of Pseudomonas and other species, with differential gene enrichment in ""ATP-binding cassette"" and ""ACSL"" processes. | These microbial disparities may offer potential biomarkers for OPC prediction and insight into its progression, informing treatment strategies for HPV-positive and HPV-negative patients.",Not found in abstract / unknown,Not found in abstract / unknown,Not found in abstract / unknown,Not found in abstract / unknown,Not found in abstract / unknown,Not found in abstract / unknown,Not found in abstract / unknown,Not found in abstract / unknown,Not found in abstract / unknown,Not found in abstract / unknown
ITB-000624,Intratumoral bacteria are immunosuppressive and promote immunotherapy resistance in head and neck squamous cell carcinoma.,Clinical statistics,,,Automatic candidate; requires manual review,"We found that only the total abundance of intratumoral bacteria predicted ICB response, which was validated in multiple independent cohorts.","High intratumoral bacteria abundance was associated with an immunosuppressive tumor microenvironment, characterized by an accumulation of neutrophils coupled with depletion of T cells and other adaptive immune cells. | Experimental elevation or reduction in intratumoral bacteria abundance in orthotopic models of HNSCC in female mice recapitulated immunological associations observed in participant tumors.",Not found in abstract / unknown,Not found in abstract / unknown,Not found in abstract / unknown,Not found in abstract / unknown,Not found in abstract / unknown,Experimental elevation or reduction in intratumoral bacteria abundance in orthotopic models of HNSCC in female mice recapitulated immunological associations observed in participant tumors.,Not found in abstract / unknown,Not found in abstract / unknown,Not found in abstract / unknown
ITB-000931,Tumor ecosystem and microbiome features associated with efficacy and resistance to avelumab plus chemoradiotherapy in head and neck cancer.,Clinical statistics,,,Automatic candidate; requires manual review,"Patients receiving avelumab whose tumors contained distinct immunologic and genetic features had superior outcomes compared to those receiving placebo. | By contrast, patients with increased myeloid/neutrophil activities had worse outcomes with avelumab than those treated with placebo.","Strikingly, these tumors possessed telltale intratumoral bacteria, elevated tumor-associated neutrophils, high systemic neutrophil-to-lymphocyte ratios and suppressed adaptive immunity. | We define tumor ecosystems associated with benefit to chemoimmunotherapy.",Not found in abstract / unknown,Not found in abstract / unknown,Not found in abstract / unknown,Not found in abstract / unknown,Not found in abstract / unknown,Not found in abstract / unknown,Not found in abstract / unknown,Not found in abstract / unknown,Not found in abstract / unknown
ITB-000519,Treatment with Lactobacillus Retards the Tumor Growth of Head and Neck Squamous Cell Carcinoma Cells Inoculated in Mice.,Mechanistic studies,Clinical statistics,,Automatic candidate; requires manual review,"Moreover, patients with head and neck squamous cell carcinoma often have multiple cancers and cervical lymph node metastasis that can be directly sensed beneath the skin.","Administered L. casei KK378 was detected in tumor tissues but not in normal tissues (liver, kidney, and lung) of SAS tumor-bearing mice, which was associated with increased blood cytokines (TNF-α, IFN-γ, IL-5, IL-10, and IL-12).",Not found in abstract / unknown,Not found in abstract / unknown,"To establish the animal model bearing head and neck cancer, we inoculated each of human squamous cell carcinoma cell lines, SAS, HSQ89, and HSC2, on the back skin of BALB/cSlc-nu/nu mice.",Not found in abstract / unknown,Not found in abstract / unknown,"Because solid tumors generate an anaerobic environment, we evaluated the anti-tumor effect of the obligate anaerobe strain KK378, derived from Lactobacillus casei (L. casei), using mice bearing head and neck cancer. | To establish the animal model bearing head and neck cancer, we inoculated each of human squamous cell carcinoma cell lines, SAS, HSQ89, and HSC2, on the back skin of BALB/cSlc-nu/nu mice. | Mice injected with 108 cfu of L. casei KK378 showed reduction in tumor growth compared with PBS control; especially, the SAS tumor was significantly reduced (p = 0.008). | Administered L. casei KK378 was detected in tumor tissues but not in normal tissues (liver, kidney, and lung) of SAS tumor-bearing mice, which was associated with increased blood cytokines (TNF-α, IFN-γ, IL-5, IL-10, and IL-12).",Not found in abstract / unknown,Not found in abstract / unknown,Not found in abstract / unknown
ITB-000594,"Association between bacterial colonization on the tumor, bacterial translocation to the cervical lymph nodes and subsequent postoperative infection in patients with oral cancer.",Clinical statistics,,,Automatic candidate; requires manual review,"OBJECTIVE: To investigate the association between postoperative infection, bacterial translocation to the cervical lymph nodes and bacterial colonization on the tumor in oral cancer patients. | METHODS: Twenty-one oral mucosal cancer patients (11 male and 10 females: mean age 68.6 years) were studied.","OBJECTIVE: To investigate the association between postoperative infection, bacterial translocation to the cervical lymph nodes and bacterial colonization on the tumor in oral cancer patients.",Not found in abstract / unknown,Not found in abstract / unknown,"OBJECTIVE: To investigate the association between postoperative infection, bacterial translocation to the cervical lymph nodes and bacterial colonization on the tumor in oral cancer patients. | CONCLUSIONS: The operative field in oral cancer surgery was colonized by the indigenous flora and enteric bacteria. | Preoperative surveillance culture or tumor culture have value in predicting the bacteriology of postoperative infection, and in selecting the appropriate antibiotic treatment.",Not found in abstract / unknown,Not found in abstract / unknown,Not found in abstract / unknown,Not found in abstract / unknown,Not found in abstract / unknown,Not found in abstract / unknown
ITB-000596,"A randomized, phase 1, placebo-controlled trial of APG-157 in oral cancer demonstrates systemic absorption and an inhibitory effect on cytokines and tumor-associated microbes.",Clinical statistics,,,Automatic candidate; requires manual review,"METHODS: A double-blind, randomized, placebo-controlled, phase 1 clinical trial was conducted with APG-157 in 13 normal subjects and 12 patients with oral cancer. | RESULTS: Treatment with APG-157 resulted in circulating concentrations of curcumin and analogs peaking at 3 hours with reduced IL-1β, IL-6, and IL-8 concentrations in the salivary supernatant fluid of patients with cancer.",RNA and immunofluorescence analyses of tumor tissues of a subject demonstrated increased expression of genes associated with differentiation and T-cell recruitment to the tumor microenvironment.,Not found in abstract / unknown,Not found in abstract / unknown,Not found in abstract / unknown,Not found in abstract / unknown,Not found in abstract / unknown,"BACKGROUND: Although curcumin's effect on head and neck cancer has been studied in vitro and in vivo, to the authors' knowledge its efficacy is limited by poor systemic absorption from oral administration.",Not found in abstract / unknown,Not found in abstract / unknown,Not found in abstract / unknown
ITB-000598,Prognostic value of intratumoral Fusobacterium nucleatum and association with immune-related gene expression in oral squamous cell carcinoma patients.,Clinical statistics,,,Automatic candidate; requires manual review,"We aimed to assess the association between intratumoral F. nucleatum and clinico-pathological features, relapse, and overall survival (OS) in two independent cohorts of patients with OSCC, and to explore the interplay with immune-related genes. | We retrospectively analyzed tissue samples from a first cohort of 122 patients with head and neck squamous cell carcinoma, including 61 OSCC (cohort #1), and a second cohort of 90 additional OSCC (cohort #2). | We then performed a sensitivity analysis on the merged cohort of OSCC patients (N = 151). | F. nucleatum-associated OSCC has a specific immune microenvironment, is more frequent in older, non-drinking patients, and associated with a favorable prognosis.","Changes in the oral microbiome, particularly Fusobacterium nucleatum, are associated with oral squamous cell carcinoma (OSCC). | We aimed to assess the association between intratumoral F. nucleatum and clinico-pathological features, relapse, and overall survival (OS) in two independent cohorts of patients with OSCC, and to explore the interplay with immune-related genes. | F. nucleatum positivity was associated with older age, less alcohol and combined alcohol plus tobacco consumption, and less frequent lymph node invasion. | F. nucleatum status was independently associated with OS in multivariate analysis. | Immune-related gene and immunohistochemistry analyses showed that gram-negative bacteria load inversely correlated with M2 macrophages. | F. nucleatum-associated OSCC has a specific immune microenvironment, is more frequent in older, non-drinking patients, and associated with a favorable prognosis.",Not found in abstract / unknown,Not found in abstract / unknown,Not found in abstract / unknown,Not found in abstract / unknown,Not found in abstract / unknown,Not found in abstract / unknown,Not found in abstract / unknown,Not found in abstract / unknown,Not found in abstract / unknown
ITB-000599,The oral cancer microbiome contains tumor space-specific and clinicopathology-specific bacteria.,Clinical statistics,,,Automatic candidate; requires manual review,"This study recruited 218 patients for clinicopathological data analysis. | Multiple types of specimens were collected from 27 patients for 16S rRNA gene sequencing, including 26 saliva, 16 swabs from the surface of tumor tissues, 16 adjacent normal tissues, 22 tumor outer tissue, 22 tumor inner tissues, and 10 lymph nodes. | Clinicopathological data showed that the pathogenic bacteria could be frequently detected in the oral cavity of oral cancer patients, which was positively related to diabetes, later T stage of the tumor, and the presence of cervical lymphatic metastasis. | Gemella and Bacillales were enriched in T1/T2-stage patients and the non-lymphatic metastasis group, while Spirochaetae and Flavobacteriia were enriched in the extranodal extension negative group.",Not found in abstract / unknown,Not found in abstract / unknown,Not found in abstract / unknown,Not found in abstract / unknown,Not found in abstract / unknown,Not found in abstract / unknown,Not found in abstract / unknown,Not found in abstract / unknown,Not found in abstract / unknown,Not found in abstract / unknown
ITB-000600,The significant clinical correlation of the intratumor oral microbiome in oral squamous cell carcinoma based on tissue-derived sequencing.,Clinical statistics,,,Automatic candidate; requires manual review,"Subsequently, we evaluated the microbial compositions between OSCC patients and healthy people and their correlation with clinical parameters. | Conclusion: This study revealed that the intratumor oral microbiota of OSCC patients worldwide and the microbial signatures of OSCC patients possess similar properties in different regions, further refining the shortcomings of the current research field.","There is increasing evidence that oral microbiota is associated with the development of oral cancer, especially oral squamous cell carcinoma (OSCC). | Subsequently, we evaluated the microbial compositions between OSCC patients and healthy people and their correlation with clinical parameters. | All six-level oral microorganisms were also associated with the clinical characteristics of OSCC, particularly with the clinical outcomes (survival time and status).",We developed a predictive model based on this.,Not found in abstract / unknown,Not found in abstract / unknown,Not found in abstract / unknown,Not found in abstract / unknown,Not found in abstract / unknown,Not found in abstract / unknown,Not found in abstract / unknown,Not found in abstract / unknown
ITB-000601,Localization of Fusobacterium nucleatum in oral squamous cell carcinoma and its possible directly interacting protein molecules: A case series.,Clinical statistics,,,Automatic candidate; requires manual review,"High expression of Fusobacterium was significantly correlated with the lifestyle-related oral risk habits, including smoking (p=0.036) and alcohol consumption (p=0.022), but did not correlate with patient sex, age, tumor laterality, tumor size, grade or TNM stage.","INTRODUCTION: While 15 to 20% of cancers are associated with microbial infection, the relationship between oral microorganisms and oral squamous cell carcinoma (OSCC) remains unclear. | Correlations between Fusobacterium abundance and clinicopathological characteristics were analysed using the χ2 test. | High expression of Fusobacterium was significantly correlated with the lifestyle-related oral risk habits, including smoking (p=0.036) and alcohol consumption (p=0.022), but did not correlate with patient sex, age, tumor laterality, tumor size, grade or TNM stage.",Not found in abstract / unknown,Not found in abstract / unknown,Not found in abstract / unknown,Not found in abstract / unknown,Not found in abstract / unknown,Not found in abstract / unknown,Not found in abstract / unknown,Not found in abstract / unknown,Not found in abstract / unknown
ITB-000602,Intratumoral Microbiota Changes with Tumor Stage and Influences the Immune Signature of Oral Squamous Cell Carcinoma.,Clinical statistics,,,Automatic candidate; requires manual review,"Given the established correlation between intratumoral lymphocyte infiltration and patient survival in cases of solid tumors, it was pertinent to explore the extrinsic factor influencing immune cell infiltration in the tumor.","Characterization of the oral microbiota profile through various studies has shown an association between the microbiome and oral cancer; however, stage-specific determinants of dynamic changes in microbial communities of oral cancer remain elusive. | Late cancer stages were significantly associated with Capnocytophaga with high predicting accuracy, while Fusobacterium was associated with early stages of cancer. | Naive and effector subsets of tumor-infiltrating lymphocytes (TILs) and related gene expression were found to be distinctly associated with bacterial communities; most importantly, highly abundant bacterial genera of the tumor microenvironment were either negatively correlated or not associated with the effector lymphocytes, which led to the conclusion that the tumor microenvironment favors an immunosuppressive and nonimmunogenic microbiota. | Given the established correlation between intratumoral lymphocyte infiltration and patient survival in cases of solid tumors, it was pertinent to explore the extrinsic factor influencing immune cell infiltration in the tumor.",Not found in abstract / unknown,Not found in abstract / unknown,Not found in abstract / unknown,Not found in abstract / unknown,Not found in abstract / unknown,Not found in abstract / unknown,Not found in abstract / unknown,Not found in abstract / unknown,Not found in abstract / unknown
ITB-000604,Intratumoral microbiome of adenoid cystic carcinomas and comparison with other head and neck cancers.,Clinical statistics,,,Automatic candidate; requires manual review,"This allowed us to characterize the bacterial communities within the ACC and explore potential associations between the bacterial community structure, patient clinical characteristics, and tumor molecular features obtained through RNA sequencing. | Oral-like microbiomes, characterized by increased diversity and abundance of Neisseria, Leptotrichia, Actinomyces, Streptococcus, Rothia, and Veillonella (commonly found in healthy oral cavities), were associated with a less aggressive ACC-II molecular subtype and improved patient outcomes.","This allowed us to characterize the bacterial communities within the ACC and explore potential associations between the bacterial community structure, patient clinical characteristics, and tumor molecular features obtained through RNA sequencing. | Oral-like microbiomes, characterized by increased diversity and abundance of Neisseria, Leptotrichia, Actinomyces, Streptococcus, Rothia, and Veillonella (commonly found in healthy oral cavities), were associated with a less aggressive ACC-II molecular subtype and improved patient outcomes. | In both cancers, they were part of shared oral communities associated with a more diverse microbiome, less aggressive tumor phenotype, and better survival that reveal the genera as potential pancancer biomarkers for favorable microbiomes in ACC and other head and neck cancers. | Conversely, gut-like intratumoral microbiomes, which feature low diversity and colonization by gut mucus layer-degrading species, such as Bacteroides, Akkermansia, Blautia, Bifidobacterium, and Enterococcus, were associated with poorer outcomes. | Elevated levels of Bacteroides thetaiotaomicron were independently associated with significantly worse survival and positively correlated with tumor cell biosynthesis of glycan-based cell membrane components.",Not found in abstract / unknown,Not found in abstract / unknown,"Conversely, gut-like intratumoral microbiomes, which feature low diversity and colonization by gut mucus layer-degrading species, such as Bacteroides, Akkermansia, Blautia, Bifidobacterium, and Enterococcus, were associated with poorer outcomes.",Not found in abstract / unknown,Not found in abstract / unknown,Not found in abstract / unknown,Not found in abstract / unknown,Not found in abstract / unknown,Not found in abstract / unknown
ITB-000605,Targeted Elimination of the Oral Pathogen to Overcome Chemoresistance of Oral Squamous Cell Carcinoma by Biologically Derived Nanotherapeutics.,Microbial therapeutics,Mechanistic studies,Materials / delivery design,Automatic candidate; requires manual review,Not found in abstract / unknown,Not found in abstract / unknown,Not found in abstract / unknown,Not found in abstract / unknown,"Taking advantage of active targeting and inhibition abilities of GDNVs against P. gingivalis, the PTX-loaded GDNVs nanosystem (P-GDNVs) can enrich in the P. gingivalis-colonized tumor tissues and effectively inhibit the growth of P. gingivalis for downregulating the IL-6/pSTAT3/P-gp pathway, thereby reducing the efflux of intracellular drugs to overcome chemoresistance.",Not found in abstract / unknown,Not found in abstract / unknown,"By evaluating both P. gingivalis-infected tumor cells and P. gingivalis-infiltrated tumor-bearing mice, P-GDNVs show a much enhanced tumor cell killing effect, as compared with free PTX.",Not found in abstract / unknown,Not found in abstract / unknown,"Taking advantage of active targeting and inhibition abilities of GDNVs against P. gingivalis, the PTX-loaded GDNVs nanosystem (P-GDNVs) can enrich in the P. gingivalis-colonized tumor tissues and effectively inhibit the growth of P. gingivalis for downregulating the IL-6/pSTAT3/P-gp pathway, thereby reducing the efflux of intracellular drugs to overcome chemoresistance. | This naturally occurring nanotherapeutic system represents an effective bioactive material for targeted elimination of host microbiota to boost therapeutic response, showing great promise to combat commensal microbiota-rich tumors."
ITB-000606,Tumor-colonized Streptococcus mutans metabolically reprograms tumor microenvironment and promotes oral squamous cell carcinoma.,Clinical statistics,,,Automatic candidate; requires manual review,"RESULTS: Saliva derived from OSCC patients but not healthy controls (HCs) significantly promotes OSCC development and progression in rat models, and metabolomic analyses reveal saliva of OSCC patients but not HCs and OSCC tissues but not adjacent non-tumor tissues contain higher levels of kynurenic acid (KYNA). | Moreover, KYNA-mediated immunosuppressive program and aryl hydrocarbon receptor (AHR) expression correlate with impaired anti-tumor immunity and poorer survival of OSCC patients.",Not found in abstract / unknown,Not found in abstract / unknown,Not found in abstract / unknown,"CONCLUSIONS: Thus, aberration of oral microbiota and intratumoral colonization of specific oral bacterium such as S. mutans may increase the production of onco-metabolites, exacerbate the oral mucosal carcinogenesis, reprogram a highly immunosuppressive TME, and promote OSCC, highlighting the potential of interfering with oral microbiota and microbial metabolism for OSCC preventions and therapeutics.",Not found in abstract / unknown,Not found in abstract / unknown,Not found in abstract / unknown,Not found in abstract / unknown,Not found in abstract / unknown,Not found in abstract / unknown
ITB-000607,Intratumoral microbial abundance and load influence the immune microenvironment of oral squamous cell carcinoma.,Unresolved,,,Automatic candidate; requires manual review,Not found in abstract / unknown,"Tumor microbial load was negatively correlated with CD4+, CD8+, and FOXP3, but of these, only the correlation coefficient of -0.309 for CD4+ was statistically significant. | However, no significant correlation was observed in the analysis of PD-L1 expression with the relative abundance of intratumoral microbiome, α-diversity, and intratumoral microbial load values.",Not found in abstract / unknown,Not found in abstract / unknown,Not found in abstract / unknown,Not found in abstract / unknown,Not found in abstract / unknown,Not found in abstract / unknown,Not found in abstract / unknown,Not found in abstract / unknown,Not found in abstract / unknown
ITB-000608,Microbial community composition in subgingival plaques and heterogeneity of tumor tissue TCRβ CDR3 repertoire in patients with moderate-to-severe periodontitis and oral squamous cell carcinoma.,Clinical statistics,,,Automatic candidate; requires manual review,"METHODS: We grouped patients as ""healthy periodontal"" (H), ""moderate-to-severe chronic periodontitis"" (C), and ""moderate-to-severe chronic periodontitis with OSCC"" (T). | We also recorded patients' age, gender, attachment level (AL), bleeding on probing (BOP), and probing depth (PD). | TCRβ CDR3 diversity was the lowest in patients in the T group, and there were considerable changes in the expression of TRBV2 and TRBJ.","AL, BOP, and PD were positively correlated with Granulicatella, Peptostreptococcus, and Pseudomonas but negatively correlated with Prevotella nigrescens and V. parvula. | CONCLUSIONS: These trends and the reduction of gingival Synergistetes were correlated with OSCC.",Not found in abstract / unknown,Not found in abstract / unknown,BACKGROUND: The human oral cavity contains over 700 types of bacteria that may protect the body against colonization by exogenous pathogens and maintain relative homeostasis.,Not found in abstract / unknown,Not found in abstract / unknown,Not found in abstract / unknown,Not found in abstract / unknown,Not found in abstract / unknown,Not found in abstract / unknown
ITB-000609,Oral and intratumoral microbiota influence tumor immunity and patient survival.,Clinical statistics,,,Automatic candidate; requires manual review,"BACKGROUND: The aim of this study was to analyze the changes in the oral microbiota of patients with oral squamous cell carcinoma (OSCC) compared to healthy controls and the effect of intratumoral microorganisms on the host immune microenvironment. | METHODS: Saliva samples were collected from 36 OSCC patients and 34 healthy controls. 16S rDNA sequencing and bioinformatics analysis were conducted on the saliva samples. | Differential expression, pathway enrichment, and tumor microenvironment analyses were performed on transcriptome data from head and neck squamous cell carcinoma (HNSCC) in The Cancer Genome Atlas (TCGA) database and OSCC patients in the GEO database. | RESULTS: Oral microbiota exhibited comparable α diversity but distinct β diversity between OSCC patients and healthy controls. | Changes in the abundance of tumor immune-related signaling pathways were significantly associated with patient survival. | CONCLUSION: Specific oral microbiota in OSCC patients may serve as biomarkers for distinguishing OSCC.",Changes in the abundance of tumor immune-related signaling pathways were significantly associated with patient survival.,Not found in abstract / unknown,Not found in abstract / unknown,Not found in abstract / unknown,Not found in abstract / unknown,Not found in abstract / unknown,Not found in abstract / unknown,Not found in abstract / unknown,Not found in abstract / unknown,Not found in abstract / unknown
ITB-000610,Zinc-mediated metalloimmunotherapy with dual elimination of tumor and intratumoral bacteria in oral squamous cell carcinoma.,Microbial therapeutics,,Materials / delivery design,Automatic candidate; requires manual review,Not found in abstract / unknown,"Specifically, zinc dyshomeostasis has been observed in oral squamous cell carcinoma (OSCC), and strongly associated with Porphyromonas gingivalis (P. gingivalis) infection.",Not found in abstract / unknown,Not found in abstract / unknown,Not found in abstract / unknown,"Herein, PYT@ZIF8@siRNA nanoparticles (NPs) were constructed from zeolite imidazolate framework-8 (ZIF8) NPs loaded with pyrithione (PYT, a zinc ionophore) and small interfering RNA (siRNA) for SLC30A1 (zinc transporter 1). | Zinc overload caused by PYT@ZIF8@siRNA NPs effectively eradicated OSCC cells by causing mitochondrial dysfunction and pro-death mitophagy, and simultaneously eliminated P. gingivalis by destroying the membrane structure and elevating the reactive oxygen species. | Concurrently, PYT@ZIF8@siRNA NPs evoked robust antitumor immunity by eliciting immunogenic cell death and attenuating immunosuppression mediated by P. gingivalis. | Moreover, PYT@ZIF8@siRNA significantly interrupted epithelial malignant transformation in experimental oral carcinogenesis model, and synergized with programmed death-1 blockade to establish a collaborative tumoricidal network by reprogramming the immunosuppressive tumor microenvironment in P. gingivalis-infected tumor model.",Not found in abstract / unknown,Not found in abstract / unknown,Not found in abstract / unknown,Not found in abstract / unknown,"Herein, PYT@ZIF8@siRNA nanoparticles (NPs) were constructed from zeolite imidazolate framework-8 (ZIF8) NPs loaded with pyrithione (PYT, a zinc ionophore) and small interfering RNA (siRNA) for SLC30A1 (zinc transporter 1)."
ITB-000611,Intratumoral microbiota drive immune evasion and disease progression in oral squamous cell carcinoma.,Clinical statistics,,,Automatic candidate; requires manual review,"MATERIALS AND METHODS: Using TCGA datasets, a 19-microorganism prognostic signature was constructed via Cox and LASSO regression and validated with Kaplan-Meier survival analysis. | CONCLUSIONS: This study identified intratumoral microbial signatures as independent prognostic biomarkers and validated their reproducibility in an external cohort.","MATERIALS AND METHODS: Using TCGA datasets, a 19-microorganism prognostic signature was constructed via Cox and LASSO regression and validated with Kaplan-Meier survival analysis. | RESULTS: The microbial signature demonstrated strong predictive performance, with higher risk scores significantly associated with reduced overall survival (p < 0.001). | Notably, periodontal pathogens negatively correlated with immune effector activity, and TP53 mutations were more frequent in high-risk cases (82% vs. 67%).","MATERIALS AND METHODS: Using TCGA datasets, a 19-microorganism prognostic signature was constructed via Cox and LASSO regression and validated with Kaplan-Meier survival analysis. | RESULTS: The microbial signature demonstrated strong predictive performance, with higher risk scores significantly associated with reduced overall survival (p < 0.001).",Not found in abstract / unknown,Not found in abstract / unknown,Not found in abstract / unknown,Not found in abstract / unknown,Not found in abstract / unknown,Not found in abstract / unknown,Not found in abstract / unknown,Not found in abstract / unknown
ITB-000613,"Microbiota and metabolite profiles of saliva, oral swab and cancer tissue from patients with oral squamous cell carcinoma (OSCC).",Clinical statistics,,,Automatic candidate; requires manual review,"In this study, we characterized the microbiota from oral cancer tissues, oral swabs and saliva of patients with OSCC using 16S rRNA sequencing. | We found differential profiles and amounts of microbiota in oral cancer tissues compared with adjacent tissues, as well as in oral swabs and saliva from OSCC patients compared with healthy individuals. | Fusobacterium nucleatum and Porphyromonas endodontalis were found increased in cancer tissues and saliva from OSCC patients. | Prevotella melaninogenica was found increased in the saliva and oral swabs from OSCC patients. | Then we analyzed the metabolites from cancer tissues and saliva of OSCC patients by liquid chromatograph-mass spectrometry/mass spectrometry (LC-MS/MS) and gas chromatograph-mass spectrometry (GC-MS). | Differential profiles of metabolites were also observed in the cancer tissues compared with adjacent tissues and in the saliva from OSCC patients compared with healthy individuals. | It showed that denticulaflavonol was significantly increased while D-mannose was significantly decreased in both cancer tissues and saliva of OSCC patients.","Taken together, these results suggested an association between microbiota/metabolites (such as Fusobacterium and mannose) and OSCC, in which the molecular mechanism need further investigated.",Not found in abstract / unknown,Not found in abstract / unknown,Not found in abstract / unknown,Not found in abstract / unknown,Not found in abstract / unknown,Not found in abstract / unknown,Not found in abstract / unknown,Not found in abstract / unknown,Not found in abstract / unknown
ITB-000614,Multi-omics analysis reveals the association between intratumoral bacteria and somatic mutational signatures in oral squamous cell carcinoma.,Clinical statistics,,,Automatic candidate; requires manual review,"Nonetheless, the precise composition and role of the intratumoral bacteria in OSCC patients remain obscure and the association between the intratumoral bacteria and somatic mutational signatures in OSCC patients has not been defined. | METHODS: Paraffin-embedded tumors and adjacent normal tissues were collected retrospectively from OSCC patients. | A five-region 16S rRNA gene sequencing (5R 16S rRNA-seq) approach (targeting V2, V3, V5, V6, and V8) was employed to characterize the intratumoral bacterial composition of OSCC patients, while whole-exome sequencing (WES) was utilized to identify the somatic mutational signatures of OSCC patients. | Then, the multi-omics data were integrated to uncover the association between intratumoral bacterial composition and somatic mutational signatures in OSCC patients. | And the presence of Dialister pneumosintes within tumor tissues is associated with poorer short-term disease-free survival in OSCC patients. | The integrated analysis of the 5R 16S rRNA-seq and WES data revealed that tumor mutation burden was positively correlated with the α diversity of the intratumoral bacteria in OSCC patients. | CONCLUSION: This study utilized a multi-omics approach to elucidate the characteristics of the intratumoral bacteria and somatic mutational signatures in OSCC patients, revealing the intricate relationships between these elements.","Nonetheless, the precise composition and role of the intratumoral bacteria in OSCC patients remain obscure and the association between the intratumoral bacteria and somatic mutational signatures in OSCC patients has not been defined. | Then, the multi-omics data were integrated to uncover the association between intratumoral bacterial composition and somatic mutational signatures in OSCC patients. | And the presence of Dialister pneumosintes within tumor tissues is associated with poorer short-term disease-free survival in OSCC patients. | The integrated analysis of the 5R 16S rRNA-seq and WES data revealed that tumor mutation burden was positively correlated with the α diversity of the intratumoral bacteria in OSCC patients.",Not found in abstract / unknown,Not found in abstract / unknown,Not found in abstract / unknown,Not found in abstract / unknown,Not found in abstract / unknown,Not found in abstract / unknown,Not found in abstract / unknown,Not found in abstract / unknown,Not found in abstract / unknown
ITB-000842,Multi-Omics Integration Reveals the Crucial Role of Fusobacterium in the Inflammatory Immune Microenvironment in Head and Neck Squamous Cell Carcinoma.,Clinical statistics,,,Automatic candidate; requires manual review,"Using the Cancer Microbiome Atlas (TCMA), a database of curated, decontaminated microbial profiles for 3,689 oropharyngeal, esophageal, gastrointestinal, and colorectal tissue samples from 1,772 patients, we conducted a comprehensive multi-omics analysis to reveal microbial signatures among various cancers and the potential mechanisms involved in tumor progression of head and neck squamous cell carcinoma (HNSC).","We found that compared with other cancer types, the tumor-resident microbiome of HNSC accounted for the highest bacterial abundance and strongest association with host TME signatures. | Fusobacterium was found to be enriched in HNSC tissues, which was associated with an increased inflammatory effect and inferior prognosis. | Moreover, we revealed that the microbiota-associated inflammatory TME was attributed to the competing endogenouse RNA (ceRNA) network and chromatin accessibility.",Not found in abstract / unknown,Not found in abstract / unknown,The tumor microbiome is believed to have a profound impact on tumor progression owing to its local colonization in the tumor microenvironment (TME).,Not found in abstract / unknown,Not found in abstract / unknown,Not found in abstract / unknown,Not found in abstract / unknown,Not found in abstract / unknown,Not found in abstract / unknown
ITB-000847,Viable bacteria present within oral squamous cell carcinoma tissue.,Unresolved,,,Automatic candidate; requires manual review,Not found in abstract / unknown,"Despite increasing interest in the possible relationships between bacteria and the different stages of cancer development, the association of bacteria with cancer of the oral cavity has yet to be adequately examined.",Not found in abstract / unknown,Not found in abstract / unknown,Not found in abstract / unknown,Not found in abstract / unknown,Not found in abstract / unknown,Not found in abstract / unknown,Not found in abstract / unknown,Not found in abstract / unknown,Not found in abstract / unknown
ITB-000854,Comparison of oral microbiota in tumor and non-tumor tissues of patients with oral squamous cell carcinoma.,Clinical statistics,,,Automatic candidate; requires manual review,We investigated the association of oral bacteria in oral squamous cell carcinoma (OSCC/tumor) tissues and compared with adjacent non-tumor mucosa sampled 5 cm distant from the same patient (n = 10). | RESULTS: DGGE fingerprints showed variations in the band intensity profiles within non-tumor and tumor tissues of the same patient and among the two groups.,"We investigated the association of oral bacteria in oral squamous cell carcinoma (OSCC/tumor) tissues and compared with adjacent non-tumor mucosa sampled 5 cm distant from the same patient (n = 10). | Bacterial species, Streptococcus sp. oral taxon 058, Peptostreptococcus stomatis, Streptococcus salivarius, Streptococcus gordonii, Gemella haemolysans, Gemella morbillorum, Johnsonella ignava and Streptococcus parasanguinis I were highly associated with tumor site where as Granulicatella adiacens was prevalent at non-tumor site. | These most prevalent or unique bacterial species/phylotypes present in tumor tissues may be associated with OSCC and needs to be further investigated with a larger sample size.",Not found in abstract / unknown,Not found in abstract / unknown,CONCLUSIONS: The underlying changes in the bacterial diversity in the oral mucosal tissues from non-tumor and tumor sites of OSCC subjects indicated a shift in bacterial colonization.,Not found in abstract / unknown,Not found in abstract / unknown,Not found in abstract / unknown,Not found in abstract / unknown,Not found in abstract / unknown,Not found in abstract / unknown
ITB-000856,A dysbiotic microbiome promotes head and neck squamous cell carcinoma.,Mechanistic studies,Clinical statistics,,Automatic candidate; requires manual review,We aimed to identify and validate oral microbial signatures in treatment-naïve HNSCC patients compared with healthy control subjects.,"In parallel, we examined the disease-modifying effects of microbiota in HNSCC, through both antibiotic depletion of microbiota in an induced HNSCC mouse model (4-Nitroquinoline 1-oxide, 4NQO) and reconstitution of tumor-associated microbiota in a germ-free orthotopic mouse model.",Not found in abstract / unknown,Not found in abstract / unknown,Not found in abstract / unknown,Not found in abstract / unknown,"In parallel, we examined the disease-modifying effects of microbiota in HNSCC, through both antibiotic depletion of microbiota in an induced HNSCC mouse model (4-Nitroquinoline 1-oxide, 4NQO) and reconstitution of tumor-associated microbiota in a germ-free orthotopic mouse model.","In parallel, we examined the disease-modifying effects of microbiota in HNSCC, through both antibiotic depletion of microbiota in an induced HNSCC mouse model (4-Nitroquinoline 1-oxide, 4NQO) and reconstitution of tumor-associated microbiota in a germ-free orthotopic mouse model. | We demonstrate that depletion of microbiota delays oral tumorigenesis, while microbiota transfer from mice with oral cancer accelerates tumorigenesis. | Enrichment of Lactobacillus spp. was also observed in murine HNSCC, and activation of the aryl-hydrocarbon receptor was documented in both murine and human tumors.",Not found in abstract / unknown,Not found in abstract / unknown,Not found in abstract / unknown
ITB-000863,Heat-killed Prevotella intermedia promotes the progression of oral squamous cell carcinoma by inhibiting the expression of tumor suppressors and affecting the tumor microenvironment.,Clinical statistics,,,Automatic candidate; requires manual review,"Our previous study showed that Prevotella intermedia (P. intermedia) were enriched in the oral mucosal surface, plaque, and saliva of patients with OSCC.",Not found in abstract / unknown,Not found in abstract / unknown,Not found in abstract / unknown,Not found in abstract / unknown,Not found in abstract / unknown,Not found in abstract / unknown,"A mouse OSCC cell line SCC7 was adopted to investigate the effects of heat-killed P. intermedia treatment on cell proliferation, invasion, and cytokine release by using CCK-8 assay, transwell invasion assay and ELISA. | Moreover, we established a mouse transplanted tumor model by using SCC7 cells, injected heat-killed P. intermedia into tumor tissues, and investigated the effects of heat-killed P. intermedia on tumor growth, invasion, cytokine levels, immune cell infiltrations, and expression levels by using gross observation, H&E staining, ELISA, immunohistochemistry, mRNA sequencing, and transcriptomic analysis. | Heat-killed P. intermedia promoted SCC7 cell proliferation, invasion and proinflammatory cytokine secretions, accelerated transplanted tumor growth in mice, exacerbate muscle and perineural invasion of OSCC, elevated the serum levels of IL-17A, IL-6, TNF-α, IFN-γ, and PD-L1, induced Treg cells M2 type macrophages in mouse transplanted tumors. | The data of transcriptomic analysis revealed that heat-killed P. intermedia increased the expression levels of inflammatory cytokines and chemokines while reduced the expression levels of some tumor suppressor genes in mouse transplanted tumors.",Not found in abstract / unknown,Not found in abstract / unknown,Not found in abstract / unknown
ITB-000886,"16S rRNA based metagenomic analysis unveils unique oral microbial signatures in oral squamous cell carcinoma cases from Coastal Karnataka, India.",Clinical statistics,,,Automatic candidate; requires manual review,"In this study, 16S rRNA based metagenomic analyses of 13 tumorous and contralateral anatomically matched normal tissue biopsies, obtained from patients with advanced stage of OSCC were evaluated to understand the correlation between OSCC and oral microbiome.","The diagnosis of early OSCC is of paramount clinical value given the high mortality rate associated with the late stages of the disease. | In this study, 16S rRNA based metagenomic analyses of 13 tumorous and contralateral anatomically matched normal tissue biopsies, obtained from patients with advanced stage of OSCC were evaluated to understand the correlation between OSCC and oral microbiome. | Further, PICRUSt2 analysis unveiled enhanced expression of metabolic pathways associated with L-lysine fermentation, pyruvate fermentation, and isoleucine biosynthesis in those microbes associated with OSCC tissues. | These findings provide valuable insights into the distinctive microbial signatures associated with OSCC, offering potential biomarkers and metabolic pathways underlying OSCC pathogenesis.",Not found in abstract / unknown,Not found in abstract / unknown,"But, to establish the role of bacteria in oral cancer, it is important to determine the differences in the colonization pattern in non-tumour and tumour tissues.",Not found in abstract / unknown,Not found in abstract / unknown,Not found in abstract / unknown,Not found in abstract / unknown,Not found in abstract / unknown,Not found in abstract / unknown
ITB-000920,Porphyromonas gingivalis Promotes Immunoevasion of Oral Cancer by Protecting Cancer from Macrophage Attack.,Unresolved,,,Automatic candidate; requires manual review,Not found in abstract / unknown,"We evaluated the effect of P. gingivalis on the phagocytosis of Cal-27 cells (OSCC cell line) by bone marrow-derived macrophages in vitro and studied the effect of P. gingivalis on the growth of OSCC and the polarization of tumor-associated macrophages in vivo. | In addition, sustained infection with antibiotics-inactivated P. gingivalis promoted OSCC growth in mice and induced the polarization of macrophages into M2 tumor-associated macrophages, which mainly display protumor properties.",Not found in abstract / unknown,Not found in abstract / unknown,Not found in abstract / unknown,Not found in abstract / unknown,Not found in abstract / unknown,"We evaluated the effect of P. gingivalis on the phagocytosis of Cal-27 cells (OSCC cell line) by bone marrow-derived macrophages in vitro and studied the effect of P. gingivalis on the growth of OSCC and the polarization of tumor-associated macrophages in vivo. | In addition, sustained infection with antibiotics-inactivated P. gingivalis promoted OSCC growth in mice and induced the polarization of macrophages into M2 tumor-associated macrophages, which mainly display protumor properties. | Our in vitro and in vivo data suggest that P. gingivalis can promote immunoevasion of oral cancer by protecting cancer from macrophage attack.",Not found in abstract / unknown,Not found in abstract / unknown,Not found in abstract / unknown
ITB-000939,Intracellular bacteria modulate the immune microenvironment of oral squamous cell carcinoma.,Unresolved,,,Automatic candidate; requires manual review,Not found in abstract / unknown,"The key genera, Fusobacterium, Streptococcus, and Capnocytophaga, are associated with increased risks and adverse outcomes in immunotherapy across multiple tumor types.",Not found in abstract / unknown,Not found in abstract / unknown,Not found in abstract / unknown,Not found in abstract / unknown,Not found in abstract / unknown,Not found in abstract / unknown,Not found in abstract / unknown,Not found in abstract / unknown,Not found in abstract / unknown
ITB-000518,Complex of intratumoral mycobiome and bacteriome predicts the recurrence of laryngeal squamous cell carcinoma.,Clinical statistics,,,Automatic candidate; requires manual review,"These six microorganisms can combine to form a microbial complex, which may independently contribute to recurrence risk in patients with LSCC when enriched within the tumor (hazard ratio = 6.844, P < 0.01). | Intratumoral fungi and bacteria can be valuable indicators for assessing recurrence in patients with LSCC, indicating their potential as valuable targets for therapeutic intervention.","UNLABELLED: Dysbiosis of intratumoral fungal and bacterial communities is associated with poor prognosis in various cancers. | However, the mycobiome characteristics in laryngeal squamous cell carcinoma (LSCC) and its correlation with recurrence have not yet been investigated. | These two microbial communities were analyzed using bioinformatics and statistical methods to determine its potential correlation with LSCC recurrence. | The presence of Alloprevotella, Porphyromonas, Candida, and Fusarium in tumors exhibited a correlation with alcohol consumption. | These six microorganisms can combine to form a microbial complex, which may independently contribute to recurrence risk in patients with LSCC when enriched within the tumor (hazard ratio = 6.844, P < 0.01).",Not found in abstract / unknown,Not found in abstract / unknown,Not found in abstract / unknown,Not found in abstract / unknown,Not found in abstract / unknown,Not found in abstract / unknown,Not found in abstract / unknown,Not found in abstract / unknown,Not found in abstract / unknown
ITB-000764,Evidence for an intra-tumoral microbiome in pituitary neuroendocrine tumors with different clinical phenotypes.,Unresolved,,,Automatic candidate; requires manual review,Not found in abstract / unknown,Not found in abstract / unknown,Not found in abstract / unknown,Not found in abstract / unknown,Not found in abstract / unknown,Not found in abstract / unknown,Not found in abstract / unknown,Not found in abstract / unknown,Not found in abstract / unknown,Not found in abstract / unknown,Not found in abstract / unknown
ITB-000839,The intratumour microbiota and neutrophilic inflammation in squamous cell vulvar carcinoma microenvironment.,Clinical statistics,,,Automatic candidate; requires manual review,"METHODS: Clinical material was obtained from 89 patients with VSCC. | RESULTS: Fusobacterium nucleatum and Pseudomonas aeruginosa were identified as tumour-promoting bacteria, and their presence was found to be associated with a shorter time to progression in VSCC patients. | Furthermore, high abundance of CD66b, the neutrophil activation marker, in VSCC samples, was found to relate to poor survival of patients with VSCC. | The increased numbers of microabscesess were correlated with poor survival in VSCC patients.","RESULTS: Fusobacterium nucleatum and Pseudomonas aeruginosa were identified as tumour-promoting bacteria, and their presence was found to be associated with a shorter time to progression in VSCC patients. | The increased numbers of microabscesess were correlated with poor survival in VSCC patients.",Not found in abstract / unknown,Not found in abstract / unknown,Not found in abstract / unknown,Not found in abstract / unknown,Not found in abstract / unknown,Not found in abstract / unknown,Not found in abstract / unknown,Not found in abstract / unknown,Not found in abstract / unknown
ITB-000472,Postmenopause as a key factor in the composition of the Endometrial Cancer Microbiome (ECbiome).,Clinical statistics,,,Automatic candidate; requires manual review,"Previously, we showed that the uterine and vaginal microbiome distinguishes patients with EC from those without. | Here, we sought to examine the impact of patient factors (such as menopause status, body mass index, and vaginal pH) in the microbiome in the absence of EC and how these might contribute to the microbiome signature in EC.",We find that each factor independently alters the microbiome and identified postmenopausal status as the main driver of a polymicrobial network associated with EC (ECbiome).,Not found in abstract / unknown,Not found in abstract / unknown,Not found in abstract / unknown,Not found in abstract / unknown,Not found in abstract / unknown,Not found in abstract / unknown,Not found in abstract / unknown,Not found in abstract / unknown,Not found in abstract / unknown
ITB-000473,Endometrial microbiota from endometrial cancer and paired pericancer tissues in postmenopausal women: differences and clinical relevance.,Unresolved,,,Automatic candidate; requires manual review,Not found in abstract / unknown,"Finally, the abundance of some observed endometrial bacteria was associated with clinical aspects, particularly the vaginal pH, vaginal Lactobacillus abundance, and EC clinical stage.",Not found in abstract / unknown,Not found in abstract / unknown,Not found in abstract / unknown,Not found in abstract / unknown,Not found in abstract / unknown,Not found in abstract / unknown,Not found in abstract / unknown,Not found in abstract / unknown,Not found in abstract / unknown
ITB-000476,Intratumoral Collinsella aerofaciens exhibits antitumor activity in endometrial carcinoma through activation of the p53 signaling pathway.,Clinical statistics,,,Automatic candidate; requires manual review,"METHODS: Tumor and adjacent normal tissues from patients with EC were analyzed using 5R 16S rRNA sequencing to profile microbial communities, with fluorescence in situ hybridization (FISH) validating bacterial localization. | Fecal microbiota transplantation (FMT) from EC patients to mice was used to assess gut-tumor microbial crosstalk.",Not found in abstract / unknown,Not found in abstract / unknown,Not found in abstract / unknown,Not found in abstract / unknown,Not found in abstract / unknown,Not found in abstract / unknown,Fecal microbiota transplantation (FMT) from EC patients to mice was used to assess gut-tumor microbial crosstalk.,Not found in abstract / unknown,Not found in abstract / unknown,Not found in abstract / unknown
ITB-000477,Intratumor microbiome-derived butyrate enhances progesterone sensitivity by inducing ferroptosis in endometrial cancer.,Mechanistic studies,Clinical statistics,,Automatic candidate; requires manual review,"In this study, we comprehensively characterized the intratumor microbiota of 72 early-stage EC patients undergoing FPT using 16S rRNA sequencing. | We found that patients who were sensitive to medroxyprogesterone acetate (MPA) had significantly higher alpha and beta diversity of intratumor microbiota compared to resistant patients. | Our findings provide a new mechanistic insight and offer a strong rationale for targeting the microbiota-ferroptosis axis to overcome progesterone resistance in EC patients.",Not found in abstract / unknown,Not found in abstract / unknown,Not found in abstract / unknown,Not found in abstract / unknown,Not found in abstract / unknown,"Overexpression of CISD1 partially rescued the ferroptosis of butyrate, confirming its role in mediating progesterone sensitivity.","Functionally, butyrate suppressed tumor cell proliferation and enhanced MPA sensitivity both in vitro and in vivo.",Not found in abstract / unknown,Not found in abstract / unknown,Not found in abstract / unknown
ITB-000877,Differences in the microbial profiles of early stage endometrial cancers between Black and White women.,Clinical statistics,,,Automatic candidate; requires manual review,"The microbial component of endometrioid ECs in The Cancer Genome Atlas (TCGA) database were assessed for comparison. | Analysis of early stage ECs in TCGA found that microbial diversity was higher in ECs from Black versus White women (p < 0.05). | Similarly in TCGA, Dietzia and Geobacillus were more common in ECs from White women compared to Black.",Not found in abstract / unknown,Not found in abstract / unknown,Not found in abstract / unknown,Not found in abstract / unknown,Not found in abstract / unknown,Not found in abstract / unknown,Not found in abstract / unknown,Not found in abstract / unknown,Not found in abstract / unknown,Not found in abstract / unknown
ITB-000926,Microbial signatures and continuum in endometrial cancer and benign patients.,Clinical statistics,,,Automatic candidate; requires manual review,"RESULTS: Here we sampled different regions of the reproductive tract (vagina, cervix, endometrium, fallopian tubes and ovaries) and rectum of 61 patients (37 endometrial cancer; 24 benign controls). | We performed 16S rRNA gene sequencing of the V1-V2 hypervariable regions and qPCR of the 16S rRNA gene to qualitatively and quantitatively assess microbial communities and used 3D benign and endometrial cancer organoids to evaluate the effect of microbial products of L. crispatus, which was found depleted in endometrial cancer patients following primary analysis, on endometrial cell proliferation and inflammation.","Endometrial cancer was associated with reduced cervicovaginal and rectal bacterial load together with depletion of Lactobacillus species relative abundance, including L. crispatus, increased bacterial diversity and enrichment of Porphyromonas, Prevotella, Peptoniphilus and Anaerococcus in the lower genital tract and endometrium. | CONCLUSIONS: Our findings provide evidence that the upper female reproductive tract of some women contains detectable levels of bacteria, the composition of which is associated with endometrial cancer.",Not found in abstract / unknown,Not found in abstract / unknown,Not found in abstract / unknown,Not found in abstract / unknown,Not found in abstract / unknown,"We performed 16S rRNA gene sequencing of the V1-V2 hypervariable regions and qPCR of the 16S rRNA gene to qualitatively and quantitatively assess microbial communities and used 3D benign and endometrial cancer organoids to evaluate the effect of microbial products of L. crispatus, which was found depleted in endometrial cancer patients following primary analysis, on endometrial cell proliferation and inflammation. | Treatment of benign and malignant endometrial organoids with L. crispatus conditioned media exerted an anti-proliferative effect at high concentrations but had minimal impact on cytokine and chemokine profiles.",Not found in abstract / unknown,Not found in abstract / unknown,Not found in abstract / unknown
ITB-000293,Human papillomavirus type 16 exists in bacteria isolated from cervical cancer biopsies.,Unresolved,,,Automatic candidate; requires manual review,Not found in abstract / unknown,This study investigated the association between infectious microbes and persistent infection with human papillomavirus type 16 (HPV-16) in cervical cancer.,Not found in abstract / unknown,Not found in abstract / unknown,Not found in abstract / unknown,Not found in abstract / unknown,Not found in abstract / unknown,Not found in abstract / unknown,Not found in abstract / unknown,Not found in abstract / unknown,Not found in abstract / unknown
ITB-000294,Lactobacilli inhibit cervical cancer cell migration in vitro and reduce tumor burden in vivo through upregulation of E-cadherin.,Unresolved,,,Automatic candidate; requires manual review,Not found in abstract / unknown,Not found in abstract / unknown,Not found in abstract / unknown,Not found in abstract / unknown,Not found in abstract / unknown,Not found in abstract / unknown,Not found in abstract / unknown,"Cell Counting Kit-8 (CCK-8) assays were carried out to determine suitable doses for investigating the inhibitory effect of lactobacilli on cell migration ability of HeLa and U14 cells in vitro. | Furthermore, a xenograft mouse model was established for investigating the E-cadherin expression in tumor tissues after treatment with lactobacilli. | In conclusion, our results above suggest that lactobacilli have the potential for inhibiting the migratory ability of cervical cancer cell lines, and the possible pharmacological mechanism may be closely related to the upregulation of E-cadherin.",Not found in abstract / unknown,Not found in abstract / unknown,Not found in abstract / unknown
ITB-000295,Transkingdom network reveals bacterial players associated with cervical cancer gene expression program.,Clinical statistics,,,Automatic candidate; requires manual review,We investigated whether microbiota affect molecular pathways in cervical carcinogenesis by performing microbiome analysis via sequencing 16S rRNA in tumor biopsies from 121 patients.,"By co-culturing a cervical cancer cell line with P. bivia, we confirmed that three out of the ten top predicted genes in the transkingdom network (lysosomal associated membrane protein 3 (LAMP3), STAT1, TAP1), all regulators of immunological pathways, were upregulated by this microorganism.",Not found in abstract / unknown,Not found in abstract / unknown,Not found in abstract / unknown,Not found in abstract / unknown,Not found in abstract / unknown,"By co-culturing a cervical cancer cell line with P. bivia, we confirmed that three out of the ten top predicted genes in the transkingdom network (lysosomal associated membrane protein 3 (LAMP3), STAT1, TAP1), all regulators of immunological pathways, were upregulated by this microorganism.",Not found in abstract / unknown,Not found in abstract / unknown,Not found in abstract / unknown
ITB-000297,Lactobacillus spp. create a protective micro-ecological environment through regulating the core fucosylation of vaginal epithelial cells against cervical cancer.,Clinical statistics,,,Automatic candidate; requires manual review,"Vaginal dysbiosis often occurs in patients with cervical cancer. | Here we report that core fucosylation levels were significantly lower in the serum, exfoliated cervical cells and tumor tissue of cervical cancer patients. | In patients with cervical cancer, the vaginal dysbiosis, and the abundance of Lactobacillus, especially L. iners, was significantly reduced.","Meanwhile, the abundance of L.iners was positively correlated with core fucosylation levels.",Not found in abstract / unknown,Not found in abstract / unknown,"The fucosylation of mucosal epithelial cells is closely related to microbial colonization, and play an important role in protecting the vaginal mucosal epithelial cells.",Core fucosyltransferase gene (Fut8) knockout promoted the proliferation and migration of cervical cancer cells.,Not found in abstract / unknown,Not found in abstract / unknown,Not found in abstract / unknown,Not found in abstract / unknown,Not found in abstract / unknown
ITB-000299,Cervicovaginal-Microbiome Analysis by 16S Sequencing and Real-Time PCR in Patients from Novosibirsk (Russia) with Cervical Lesions and Several Years after Cancer Treatment.,Clinical statistics,,,Automatic candidate; requires manual review,"Therefore, microbiomic biomarkers may be useful for cervical disease screening and patient management. | Nonetheless, concentrations of some skin-borne and environmental species (which gradually increased with increasing lesion severity)-especially Cutibacterium spp., Achromobacter spp., and Ralstonia pickettii-was low in post-treatment patients and depended on treatment types. | Frequency of Lactobacillus iners dominance was high in all groups and depended on treatment types in post-treatment patients. | Microbiome analysis via PCR-based kits revealed statistically significant differences among all groups of patients.",Not found in abstract / unknown,Not found in abstract / unknown,Not found in abstract / unknown,Not found in abstract / unknown,Not found in abstract / unknown,Not found in abstract / unknown,Not found in abstract / unknown,Not found in abstract / unknown,Not found in abstract / unknown,Not found in abstract / unknown
ITB-000300,Tumor-resident Lactobacillus iners confer chemoradiation resistance through lactate-induced metabolic rewiring.,Clinical statistics,,,Automatic candidate; requires manual review,"Here, we explore tumor and gut microbiome features that affect chemoradiation response in patients with cervical cancer using a combined approach of deep microbiome sequencing, targeted bacterial culture, and in vitro assays. | We identify that an obligate L-lactate-producing lactic acid bacterium found in tumors, Lactobacillus iners, is associated with decreased survival in patients, induces chemotherapy and radiation resistance in cervical cancer cells, and leads to metabolic rewiring, or alterations in multiple metabolic pathways, in tumors.","We identify that an obligate L-lactate-producing lactic acid bacterium found in tumors, Lactobacillus iners, is associated with decreased survival in patients, induces chemotherapy and radiation resistance in cervical cancer cells, and leads to metabolic rewiring, or alterations in multiple metabolic pathways, in tumors. | Genomically similar L-lactate-producing lactic acid bacteria commensal to other body sites are also significantly associated with survival in colorectal, lung, head and neck, and skin cancers.",Not found in abstract / unknown,Not found in abstract / unknown,Not found in abstract / unknown,Not found in abstract / unknown,Not found in abstract / unknown,"Here, we explore tumor and gut microbiome features that affect chemoradiation response in patients with cervical cancer using a combined approach of deep microbiome sequencing, targeted bacterial culture, and in vitro assays.",Not found in abstract / unknown,Not found in abstract / unknown,Not found in abstract / unknown
ITB-000301,Diagnostic and prognostic potential of the intra-tumoral microbiota profile in HPV-independent endocervical adenocarcinoma.,Clinical statistics,,,Automatic candidate; requires manual review,"Further, we investigated the correlation between specific microbes and clinical-pathological metrics as well as patient outcomes. | Varied microbial abundances was related to clinical characteristics of HPVI ECA patients. | In addition, high levels of Micrococcus and low levels of unknown genus75 from the Comamonadaceae family were associated with poorer outcomes in HPVI ECA patients. | Similarly, an abundance of Microbacterium correlated with reduced overall survival (OS), and a high presence of Streptococcaceae family microbes was linked to reduced recurrence-free survival (RFS) in GEA patients. | Intriguingly, a high abundance of Micrococcus was also associated with a worse OS in GEA patients.","Further, we investigated the correlation between specific microbes and clinical-pathological metrics as well as patient outcomes. | In addition, high levels of Micrococcus and low levels of unknown genus75 from the Comamonadaceae family were associated with poorer outcomes in HPVI ECA patients. | Similarly, an abundance of Microbacterium correlated with reduced overall survival (OS), and a high presence of Streptococcaceae family microbes was linked to reduced recurrence-free survival (RFS) in GEA patients. | Intriguingly, a high abundance of Micrococcus was also associated with a worse OS in GEA patients. | The correlation between these tumor-associated microbiota features and clinicopathological characteristics underscores the possibility of microbiome-based interventions.",Not found in abstract / unknown,Not found in abstract / unknown,Not found in abstract / unknown,Not found in abstract / unknown,Not found in abstract / unknown,Not found in abstract / unknown,Not found in abstract / unknown,Not found in abstract / unknown,Not found in abstract / unknown
ITB-000303,The intra-tumoral microbiome as a potential biomarker of response to external beam radiation therapy in cervical cancer.,Clinical statistics,,,Automatic candidate; requires manual review,"METHODS: A prospective longitudinal trial of 36 CC patients receiving pelvic radiotherapy was designed to investigate microbial characteristic signatures and diversity (alpha and beta) of multiple sites (tumor, vaginal, gut, urethral, and oral) in the superior response (SR) and inferior response (IR) groups of CC patients by 16S rRNA sequencing. | LEfSe analysis highlighted the microbiome features that best distinguished the categorized patient samples. | RESULTS: Firstly, in our cohort, LASSO logistic regression analysis revealed no association between clinicopathological factors and EBRT efficacy. | We found lower alpha diversity in the tumor microbiome of SR group and identified the most relevant microbiome taxa (Bifidobacteriaceae, Beijerinckiaceae, and Orbaceae) associated with the efficacy of the response to EBRT in CC patients. | Kaplan-Meier survival analysis showed a better prognosis for patients with lower alpha diversity and higher relative abundance of Bifidobacteriaceae. | CONCLUSIONS: Our data suggested that intra-tumoral specific microbiome taxa and lower alpha diversity may play an important role in the CC patient sensitivity to EBRT and offer novel potential biomarkers for predicting the response to EBRT efficacy.","Selected parameters were validated with Spearman correlation analysis, receiver operating characteristic (ROC) area under the curve (AUC) analysis and Kaplan-Meier survival analysis. | RESULTS: Firstly, in our cohort, LASSO logistic regression analysis revealed no association between clinicopathological factors and EBRT efficacy. | Subsequently, we employed 16S rRNA sequencing to compare microbiome differences across multiple sites and their correlations with major clinicopathological factors. | We found lower alpha diversity in the tumor microbiome of SR group and identified the most relevant microbiome taxa (Bifidobacteriaceae, Beijerinckiaceae, and Orbaceae) associated with the efficacy of the response to EBRT in CC patients.","Selected parameters were validated with Spearman correlation analysis, receiver operating characteristic (ROC) area under the curve (AUC) analysis and Kaplan-Meier survival analysis. | We then conducted ROC analysis, finding that specific microbial taxa had an AUC of 0.831 (95% CI, 0.667-0.995), indicating the potential of these taxa as biomarkers for predicting EBRT efficacy.",Not found in abstract / unknown,Not found in abstract / unknown,Not found in abstract / unknown,Not found in abstract / unknown,Not found in abstract / unknown,Not found in abstract / unknown,Not found in abstract / unknown,Not found in abstract / unknown
ITB-000304,Individuality and generality of intratumoral microbiome in the three most prevalent gynecological malignancies: an observational study.,Clinical statistics,,,Automatic candidate; requires manual review,"In the present study, a total of 90 Han patients, including 30 patients with cancer in cervix, ovary, and endometrium each were enrolled, the composition of intratumoral microbiome was assessed by 16S rDNA amplicon high throughput sequencing. | In addition, in cervical cancer patients, alpha-fetoprotein (AFP) (correlation coefficient = -0.3714) was negatively correlated (r = 0.4, 95% CI: 0.03 to 0.7) with Rubrobacter sp. and CA199 (correlation coefficient = 0.3955) was positively associated (r = 0.4, 95% CI: 0.03 to 0.7) with Saccharomonospora sp.. | In ovarian cancer patients, CA125 (correlation coefficient = -0.4451) was negatively correlated (r = -0.4, 95% CI: -0.7 to -0.09) with Porphyromonas sp.. | In endometrial cancer patients, CEA (correlation coefficient = -0.3868) was negatively correlated (r = -0.4, 95% CI: -0.7 to -0.02) with Cutibacterium acnes.","In addition, in cervical cancer patients, alpha-fetoprotein (AFP) (correlation coefficient = -0.3714) was negatively correlated (r = 0.4, 95% CI: 0.03 to 0.7) with Rubrobacter sp. and CA199 (correlation coefficient = 0.3955) was positively associated (r = 0.4, 95% CI: 0.03 to 0.7) with Saccharomonospora sp.. | In ovarian cancer patients, CA125 (correlation coefficient = -0.4451) was negatively correlated (r = -0.4, 95% CI: -0.7 to -0.09) with Porphyromonas sp.. | In endometrial cancer patients, CEA (correlation coefficient = -0.3868) was negatively correlated (r = -0.4, 95% CI: -0.7 to -0.02) with Cutibacterium acnes. | Certain species, mostly unreported, were identified to be associated with clinical characteristics.",Not found in abstract / unknown,Not found in abstract / unknown,Not found in abstract / unknown,Not found in abstract / unknown,Not found in abstract / unknown,Not found in abstract / unknown,Not found in abstract / unknown,Not found in abstract / unknown,Not found in abstract / unknown
ITB-000305,Cervical cancer microbiome analysis: comparing HPV 16 and 18 with other HPV types.,Unresolved,,,Automatic candidate; requires manual review,Not found in abstract / unknown,Not found in abstract / unknown,Not found in abstract / unknown,Not found in abstract / unknown,Not found in abstract / unknown,Not found in abstract / unknown,Not found in abstract / unknown,Not found in abstract / unknown,Not found in abstract / unknown,Not found in abstract / unknown,Not found in abstract / unknown
ITB-000306,The intratumoral microbiota heterogenicity is related to the prognosis and tumorigenesis of cervical cancer.,Clinical statistics,,,Automatic candidate; requires manual review,"Combined with cervical squamous cell carcinoma (CESC) data from the Tumor Cancer Genome Atlas (TCGA), the clinical signatures of intratumoral microbiota and DEGs were further analyzed. | The clinical characteristics of patients with relatively high abundance of Pseudomonas had the higher levels of fibrinogen and lower levels of white blood cell (WBC) and albumin (ALB) expression. | Combining transcriptome data from the two our collective CC and TCGA-CESC cohorts, we found that Pseudomonas abundance was significantly associated with fibrinogen beta peptide expression and worse overall survival in CC patients.","Combining transcriptome data from the two our collective CC and TCGA-CESC cohorts, we found that Pseudomonas abundance was significantly associated with fibrinogen beta peptide expression and worse overall survival in CC patients. | A deeper understanding of the tumor microenvironment and its associated microbiota may reveal new potential therapeutic targets and improve clinical outcomes.",Not found in abstract / unknown,Not found in abstract / unknown,Not found in abstract / unknown,Not found in abstract / unknown,Not found in abstract / unknown,"Finally, the effect of the up-regulated Fibrinogen beta chain (FGB) expressed fragment peptide on the biological behavior of cancer was verified in vitro. | In vitro experiment revealed that Pseudomonas could promote the proliferation and migration of cervical cancer cells through overexpression of FGB.",Not found in abstract / unknown,Not found in abstract / unknown,Not found in abstract / unknown
ITB-000307,Gram-negative intratumoral bacteria mediate lymph node metastasis through LPS-TLR4/MAPK signaling pathway in cervical cancer.,Mechanistic studies,Clinical statistics,,Automatic candidate; requires manual review,These findings highlight the potential of targeting these bacteria and their associated signaling pathways as therapeutic strategies to improve clinical outcomes in CC patients.,These findings highlight the potential of targeting these bacteria and their associated signaling pathways as therapeutic strategies to improve clinical outcomes in CC patients.,Not found in abstract / unknown,Not found in abstract / unknown,"In vivo, LPS, which was extracted from E. coli, P. bivia, and F. nucleatum and live E. coli promoted lymph node metastasis, with elevated LPS levels and MAPK-EFNA1/EDN2 expression observed in infected mice compared to controls.","Knockdown of EFNA1 and EDN2 attenuated the bacteria-induced metastasis, whereas overexpression of these factors mimicked the effects of bacterial infection.",Not found in abstract / unknown,"The identified Gram-negative bacteria, including Escherichia coli (E. coli), Prevotella bivia (P. bivia), and Fusobacterium nucleatum (F. nucleatum), were isolated, and their roles in metastasis were examined using in vitro transwell and capillary tube formation assays on human lymphatic endothelial cells (HLEC). | In vivo studies using a mouse footpad tumorigenesis model were also conducted to observe the effect of LPS, which was extracted from these three gram-negative intratumoral bacteria and E. coli on lymph node metastasis. | In vivo, LPS, which was extracted from E. coli, P. bivia, and F. nucleatum and live E. coli promoted lymph node metastasis, with elevated LPS levels and MAPK-EFNA1/EDN2 expression observed in infected mice compared to controls.",Not found in abstract / unknown,Not found in abstract / unknown,Not found in abstract / unknown
ITB-000311,A tumor-resident bacterium promotes cervical cancer progression through lysoPC-mediated c-Jun/c-Fos activation.,Clinical statistics,,,Automatic candidate; requires manual review,"In this study, we find that patients with cervical cancer exhibit increased microbiota diversity, characterized by eight distinct bacterial species that distinguish them from control subjects. | We propose and validate the biosynthetic pathway for lysoPC in strain GP-2 and demonstrate that lysoPC activates the classical tumorigenic genes c-Jun/c-Fos using cervical tumor organoids derived from patients.",Not found in abstract / unknown,Not found in abstract / unknown,Not found in abstract / unknown,Not found in abstract / unknown,Not found in abstract / unknown,Not found in abstract / unknown,"Intratumoral or intravenous administration of an isolated strain, Gordonia polyisoprenivorans GP-2, derived from tumor-resident microbiota, significantly promotes the growth and metastasis of cervical cancer in mice. | We propose and validate the biosynthetic pathway for lysoPC in strain GP-2 and demonstrate that lysoPC activates the classical tumorigenic genes c-Jun/c-Fos using cervical tumor organoids derived from patients.",Not found in abstract / unknown,Not found in abstract / unknown,Not found in abstract / unknown
ITB-000871,Colonization by Porphyromonas gingivalis in cervical squamous cell carcinomas promotes metastasis through FimA/CD151/ITGB1 signaling.,Mechanistic studies,Clinical statistics,,Automatic candidate; requires manual review,"Recent studies have reported an increased abundance of Porphyromonas species in the vaginal microbiota of cervical cancer patients. | The association between P. gingivalis colonization and CSCC patient survival outcomes was assessed. | The presence of P. gingivalis was significantly associated with advanced tumor stage (P < 0.01), distant metastasis (P < 0.05), lymph node metastasis (P < 0.01), and poor survival outcomes (P = 0.0257, HR = 3.167) in CSCC patients.","Porphyromonas gingivalis (P. gingivalis), a key periodontal pathogen, has been associated with adverse pregnancy outcomes and bacterial vaginosis; however, its potential role in the progression of cervical squamous cell carcinoma (CSCC) remains largely unexplored. | The association between P. gingivalis colonization and CSCC patient survival outcomes was assessed. | The presence of P. gingivalis was significantly associated with advanced tumor stage (P < 0.01), distant metastasis (P < 0.05), lymph node metastasis (P < 0.01), and poor survival outcomes (P = 0.0257, HR = 3.167) in CSCC patients. | CONCLUSION: This study identifies P. gingivalis as a tumor-associated bacterium that promotes CSCC metastasis through direct interaction between its fimbrial adhesin FimA and the host CD151/ITGB1 complex.",Not found in abstract / unknown,Not found in abstract / unknown,"The association between P. gingivalis colonization and CSCC patient survival outcomes was assessed. | RESULTS: Porphyromonas gingivalis was detected immunohistochemically in 63% of CSCC tumor tissues, with significantly higher colonization in tumors compared to adjacent nontumor tissues (P < 0.0001).",Knockdown of CD151 and ITGB1 significantly reduced P. gingivalis adhesion to CSCC cells (P < 0.01) and suppressed its effects on cell migration and invasion (P< 0.05).,Not found in abstract / unknown,In vivo xenograft mouse models were established to evaluate the impact of P. gingivalis on tumor growth and metastasis.,Not found in abstract / unknown,Not found in abstract / unknown,Not found in abstract / unknown
ITB-000779,"Microbiome Patterns in Matched Bile, Duodenal, Pancreatic Tumor Tissue, Drainage, and Stool Samples: Association with Preoperative Stenting and Postoperative Pancreatic Fistula Development.",Clinical statistics,,,Automatic candidate; requires manual review,"The aim of this study was to characterize and compare the microbiomes of different body compartments (bile duct, duodenal mucosa, pancreatic tumor lesion, postoperative drainage fluid, and stool samples; preoperative and postoperative) in patients undergoing pancreatic surgery for suspected pancreatic cancer, and their association with relevant clinical factors (stent placement, pancreatic fistula, and gland texture). | For this, solid (duodenal mucosa, pancreatic tumor tissue, stool) and liquid (bile, drainage fluid) biopsy samples of 10 patients were analyzed using 16s rRNA gene next-generation sequencing. | Our analysis revealed: (i) a distinct microbiome in the different compartments, (ii) markedly higher abundance of Enterococcus in patients undergoing preoperative stent placement in the common bile duct, (iii) significant differences in the beta diversity between patients who developed a postoperative pancreatic fistula (POPF B/C), (iv) patients with POPF B/C were more likely to have bacteria belonging to the genus Enterococcus, and (v) differences in microbiome composition with regard to the pancreatic gland texture.","The aim of this study was to characterize and compare the microbiomes of different body compartments (bile duct, duodenal mucosa, pancreatic tumor lesion, postoperative drainage fluid, and stool samples; preoperative and postoperative) in patients undergoing pancreatic surgery for suspected pancreatic cancer, and their association with relevant clinical factors (stent placement, pancreatic fistula, and gland texture). | The structure of the microbiome is distinctive in different compartments, and can be associated with the development of a postoperative pancreatic fistula.",Not found in abstract / unknown,Not found in abstract / unknown,Not found in abstract / unknown,Not found in abstract / unknown,Not found in abstract / unknown,Not found in abstract / unknown,Not found in abstract / unknown,Not found in abstract / unknown,Not found in abstract / unknown
ITB-000780,"Fecal, duodenal, and tumor microbiota composition of esophageal carcinoma patients, a longitudinal prospective cohort.",Clinical statistics,,,Automatic candidate; requires manual review,"METHODS: From 2 prospectively collected esophageal carcinoma cohorts (n = 172 in total) treated with neoadjuvant chemoradiotherapy alone (n = 132) or a combination of neoadjuvant chemoradiotherapy and an immune checkpoint inhibitor (n = 40), fecal samples were available at baseline, during treatment, and presurgery. | Additionally, in the immune checkpoint inhibitor-treated patients, tumor and duodenal snap frozen biopsies were collected over time. | In the total cohort, patients with a pathological complete response had a stable fecal alpha diversity, while the diversity of poor responders decreased during treatment (P = .036). | Baseline tumor biopsies of patients with short PFS had more Fusobacterium. | CONCLUSIONS: Lower intestinal alpha diversity was associated with worse response and survival of esophageal carcinoma patients. | In tumor biopsies, Fusobacterium was more abundant in patients with poor PFS. | After further mechanistic validation, these findings may aid in response prediction and the design of novel microbiome modulating treatments for esophageal carcinoma patients.",BACKGROUND: The microbiome has been associated with chemotherapy and immune checkpoint inhibitor efficacy. | Our aim was to identify microbial signatures in resectable esophageal carcinoma associated with response to neoadjuvant chemoradiotherapy with or without an immune checkpoint inhibitor. | Associations were investigated between microbiome composition pathological complete response and progression-free survival (PFS). | A low baseline duodenal alpha diversity (<3.96) was associated with worse PFS (log-rank P = .012). | CONCLUSIONS: Lower intestinal alpha diversity was associated with worse response and survival of esophageal carcinoma patients.,Not found in abstract / unknown,Not found in abstract / unknown,Not found in abstract / unknown,Not found in abstract / unknown,Not found in abstract / unknown,Not found in abstract / unknown,Not found in abstract / unknown,Not found in abstract / unknown,Not found in abstract / unknown
ITB-000781,Intratumoral Bacteria are Uncommon in Gastrointestinal Stromal Tumor.,Clinical statistics,,,Automatic candidate; requires manual review,BACKGROUND: Gastrointestinal stromal tumor (GIST) is the most common human sarcoma with over 5000 new patients diagnosed in the USA each year. | PATIENTS AND METHODS: We collected 25 tumor samples of varying size and location from 24 patients under sterile conditions in the operating room immediately following surgical resection. 16S quantitative polymerase chain reaction (qPCR) and 16S ribosomal RNA (rRNA) gene amplicon sequencing were performed to evaluate the bacterial species present in each tumor.,Not found in abstract / unknown,Not found in abstract / unknown,Not found in abstract / unknown,Not found in abstract / unknown,Not found in abstract / unknown,Not found in abstract / unknown,Not found in abstract / unknown,Not found in abstract / unknown,Not found in abstract / unknown,Not found in abstract / unknown
ITB-000143,A pan-cancer analysis of the microbiome in metastatic cancer.,Unresolved,,,Automatic candidate; requires manual review,Not found in abstract / unknown,"We identified organ-specific tropisms of microbes, enrichments of anaerobic bacteria in hypoxic tumors, associations between microbial diversity and tumor-infiltrating neutrophils, and the association of Fusobacterium with resistance to immune checkpoint blockade (ICB) in lung cancer.",Not found in abstract / unknown,Not found in abstract / unknown,Not found in abstract / unknown,Not found in abstract / unknown,Not found in abstract / unknown,Not found in abstract / unknown,Not found in abstract / unknown,Not found in abstract / unknown,Not found in abstract / unknown
ITB-000629,Tumor-associated bacteria capable of producing a human choriogonadotropin-like substance.,Clinical statistics,,,Automatic candidate; requires manual review,Aerobic microorganisms were isolated and identified from 9 of 10 malignant tissues aseptically obtained from surgical patients.,"The organisms isolated are species commonly associated with the flora of the human body. | When these cancer-associated organisms were grown in Trypticase soy broth (BBL Microbiology Systems), a protein substance was isolated from the culture filtrates by acetone precipitation.",Not found in abstract / unknown,Not found in abstract / unknown,Control organisms (not isolated from a malignancy) and uninoculated Trypticase soy broth were either completely negative in the radioimmunoassay for beta hCG or had levels of beta hCG near the limit of the sensitivity of the method.,Not found in abstract / unknown,Not found in abstract / unknown,Not found in abstract / unknown,Not found in abstract / unknown,Not found in abstract / unknown,Not found in abstract / unknown
ITB-000630,Systemic delivery of Salmonella typhimurium transformed with IDO shRNA enhances intratumoral vector colonization and suppresses tumor growth.,Unresolved,,,Automatic candidate; requires manual review,"When systemically delivered into mice, shIDO silences host IDO expression and leads to massive intratumoral cell death that is associated with significant tumor infiltration by polymorphonuclear neutrophils (PMN). shIDO-ST treatment causes tumor cell death independently of host IDO and adaptive immunity, which may have important implications for use in immunosuppressed patients with cancer.","When systemically delivered into mice, shIDO silences host IDO expression and leads to massive intratumoral cell death that is associated with significant tumor infiltration by polymorphonuclear neutrophils (PMN). shIDO-ST treatment causes tumor cell death independently of host IDO and adaptive immunity, which may have important implications for use in immunosuppressed patients with cancer.",Not found in abstract / unknown,Not found in abstract / unknown,"Silencing of host IDO significantly enhances S. typhimurium colonization, suggesting that IDO expression within the tumor controls the immune response to S. typhimurium.","Here, we present a strategy incorporating delivery of the bacterium Salmonella typhimurium (ST), naturally tropic for the hypoxic tumor environment, transformed with a small hairpin RNA (shRNA) plasmid against the immunosuppressive molecule indoleamine 2,3-dioxygenase 1 (shIDO). | Silencing of host IDO significantly enhances S. typhimurium colonization, suggesting that IDO expression within the tumor controls the immune response to S. typhimurium. | In summary, we present a novel approach to cancer treatment that involves the specific silencing of tumor-derived IDO that allows for the recruitment of ROS-producing PMNs, which may act primarily to clear S. typhimurium infection, but in the process also induces apoptosis of surrounding tumor tissue resulting in a vigorous antitumor effect.",Not found in abstract / unknown,"When systemically delivered into mice, shIDO silences host IDO expression and leads to massive intratumoral cell death that is associated with significant tumor infiltration by polymorphonuclear neutrophils (PMN). shIDO-ST treatment causes tumor cell death independently of host IDO and adaptive immunity, which may have important implications for use in immunosuppressed patients with cancer.",Not found in abstract / unknown,Not found in abstract / unknown,Not found in abstract / unknown
ITB-000631,Metagenomic Assay for Identification of Microbial Pathogens in Tumor Tissues,Clinical statistics,,,Automatic candidate; requires manual review,"Metagenomic assays designed to perform these tasks will have to include rapid and economical processing of large numbers of samples, supported by straightforward data analysis pipeline and flexible sample preparation options for multiple input tissue types from individual patients, mammals, or environmental samples.","UNLABELLED: Screening for thousands of viruses and other pathogenic microorganisms, including bacteria, fungi, and parasites, in human tumor tissues will provide a better understanding of the contributory role of the microbiome in the predisposition for, causes of, and therapeutic responses to the associated cancer.",Not found in abstract / unknown,Not found in abstract / unknown,Not found in abstract / unknown,Not found in abstract / unknown,Not found in abstract / unknown,Not found in abstract / unknown,Not found in abstract / unknown,Not found in abstract / unknown,Not found in abstract / unknown
ITB-000633,The motility regulator flhDC drives intracellular accumulation and tumor colonization of Salmonella.,Microbial therapeutics,Mechanistic studies,Genetic / synthetic microbial engineering,Automatic candidate; requires manual review,Not found in abstract / unknown,Not found in abstract / unknown,Not found in abstract / unknown,Not found in abstract / unknown,"Understanding the mechanisms that control tumor colonization would enable the design of more robust therapeutic strains. | Two mechanisms that could affect tumor colonization are intracellular accumulation and intratumoral motility. | We hypothesized that 1) overexpressing flhDC in Salmonella increases intracellular bacterial accumulation in tumor cell masses, and 2) intracellular accumulation of Salmonella drives tumor colonization in vitro. | Time-lapse fluorescence microscopy was used to quantify intracellular and colonization dynamics within tumor masses. | RESULTS: Overexpression of flhDC increased intracellular accumulation and tumor colonization 2.5 and 5 times more than control Salmonella, respectively (P < 0.05). | Minimally invasive, ΔsipB, Salmonella colonized tumor masses 2.5 times less than controls (P < 0.05). | When flhDC was selectively induced after penetration into tumor masses, Salmonella both accumulated intracellularly and colonized tumor masses 2 times more than controls (P < 0.05). | Mathematical modeling of tumor colonization dynamics demonstrated that intracellular accumulation increased retention of Salmonella in tumors by effectively causing the bacteria to bind to cancer cells and preventing leakage out of the tumors. | These results demonstrated that increasing intracellular bacterial density increased overall tumor colonization and that flhDC could be used to control both. | CONCLUSIONS: This study demonstrates a mechanistic link between motility, intracellular accumulation and tumor colonization. | Based on our results, we envision that therapeutic strains of Salmonella could use inducible flhDC to drive tumor colonization.",Not found in abstract / unknown,Not found in abstract / unknown,"We hypothesized that 1) overexpressing flhDC in Salmonella increases intracellular bacterial accumulation in tumor cell masses, and 2) intracellular accumulation of Salmonella drives tumor colonization in vitro. | The genetically modified Salmonella was perfused into an in vitro tumor-on-a-chip device.",Not found in abstract / unknown,The genetically modified Salmonella was perfused into an in vitro tumor-on-a-chip device.,Not found in abstract / unknown
ITB-000634,Intratumoral accumulation of gut microbiota facilitates CD47-based immunotherapy via STING signaling.,Unresolved,,,Automatic candidate; requires manual review,Not found in abstract / unknown,Not found in abstract / unknown,Not found in abstract / unknown,Not found in abstract / unknown,Not found in abstract / unknown,Not found in abstract / unknown,Not found in abstract / unknown,Systemic administration of Bifidobacterium leads to its accumulation within the tumor and converts the nonresponder mice into responders to anti-CD47 immunotherapy in a stimulator of interferon genes (STING)- and interferon-dependent fashion.,Not found in abstract / unknown,Not found in abstract / unknown,Not found in abstract / unknown
ITB-000636,The cancer microbiome atlas: a pan-cancer comparative analysis to distinguish tissue-resident microbiota from contaminants.,Clinical statistics,,,Automatic candidate; requires manual review,"We designed a statistical model to analyze the prevalence of species across sample types from The Cancer Genome Atlas (TCGA), revealing that species equiprevalent across sample types are predominantly contaminants, bearing unique signatures from each TCGA-designated sequencing center. | Removing such species mitigated batch effects and isolated the tissue-resident microbiome, which was validated by original matched TCGA samples.",Studying the microbial composition of internal organs and their associations with disease remains challenging due to the difficulty of acquiring clinical biopsies.,Not found in abstract / unknown,Not found in abstract / unknown,Not found in abstract / unknown,Not found in abstract / unknown,Not found in abstract / unknown,Not found in abstract / unknown,Not found in abstract / unknown,Not found in abstract / unknown,Not found in abstract / unknown
ITB-000638,"The Intratumor Bacterial and Fungal Microbiome Is Characterized by HPV, Smoking, and Alcohol Consumption in Head and Neck Squamous Cell Carcinoma",Clinical statistics,,,Automatic candidate; requires manual review,RNA-sequencing data were extracted from The Cancer Genome Atlas (TCGA) regarding 449 tissue samples and 44 normal samples.,"In this study, we aimed to investigate the bacterial and fungal landscape of HNSCC in association with HPV infection, smoking, and alcohol consumption. | Microbe abundance was compared to clinical variables, oncogenic signatures, and immune-associated pathways. | Moreover, we observed that many dysregulated microbes were associated with oncogenic and metastatic pathways, suggesting their roles in influencing carcinogenesis.",Not found in abstract / unknown,Not found in abstract / unknown,Not found in abstract / unknown,Not found in abstract / unknown,Not found in abstract / unknown,Not found in abstract / unknown,Not found in abstract / unknown,Not found in abstract / unknown,Not found in abstract / unknown
ITB-000640,A comprehensive analysis of intratumor microbiome in head and neck squamous cell carcinoma.,Clinical statistics,,,Automatic candidate; requires manual review,"METHODS: The intratumor microbiome profiling and clinicopathological information about a total of 177 HNSC samples, including 155 tumors and 22 adjacent normal tissues, were obtained from The Cancer Microbiome Atlas (TCMA) and The Cancer Genome Atlas (TCGA) databases.","The microbiome signature was found to be associated with tumor clinicopathological characteristics such as host-gender, host-age, tumor stage, and neoplasm histologic grade.",Not found in abstract / unknown,Not found in abstract / unknown,Not found in abstract / unknown,Not found in abstract / unknown,Not found in abstract / unknown,Not found in abstract / unknown,Not found in abstract / unknown,Not found in abstract / unknown,Not found in abstract / unknown
ITB-000641,Dysbiotic tumor microbiota associates with head and neck squamous cell carcinoma outcomes.,Clinical statistics,,,Automatic candidate; requires manual review,"BACKGROUND: The need for an effective tool to predict prognosis of head and neck squamous cell carcinoma (HNSCC) patients is critical and unmet. | However, the association of microbiota with the prognosis of HNSCC patients remains obscure. | This study aims to investigate the association between tumor microbiota and outcomes of HNSCC patients. | RESULTS: We observed a reduced richness and enriched abundances of genera Schlegelella and Methyloversatilis in tumor microbiota of HNSCC patients with poor prognosis. | However, a richer tumor microbiota with greater abundances of genera Bacillus, and Lactobacillus and Sphingomonas was characterized in the patients with favorable prognosis.The ratio of these differentially abundant taxa, microbial dysbiosis index (MDI), was significantly associated with OS (hazard ratio [HR], 4.67, 95% confidence interval [CI], 2.51 to 8.69,P < 0.001) and DFS (HR, 2.89; 95% CI, 1.74 to 4.80, P < 0.001) independently of age, tumor size, lymph node metastasis, differentiation and p16 status. | CONCLUSION: These results indicate that tumor microbiota associates with outcomes of HNSCC patients.","However, the association of microbiota with the prognosis of HNSCC patients remains obscure. | This study aims to investigate the association between tumor microbiota and outcomes of HNSCC patients. | Using 16S rRNA sequencing, the profile and the composition of tumor microbiota were measured and their associations with overall survival (OS) and disease free survival (DFS) were examined. | However, a richer tumor microbiota with greater abundances of genera Bacillus, and Lactobacillus and Sphingomonas was characterized in the patients with favorable prognosis.The ratio of these differentially abundant taxa, microbial dysbiosis index (MDI), was significantly associated with OS (hazard ratio [HR], 4.67, 95% confidence interval [CI], 2.51 to 8.69,P < 0.001) and DFS (HR, 2.89; 95% CI, 1.74 to 4.80, P < 0.001) independently of age, tumor size, lymph node metastasis, differentiation and p16 status. | The risk score of multivariate Cox regression exhibited an excellent performance for estimating three-year OS (AUC of 0.826). | We also found a richer tumor microbiota was correlated with moderate peritumoral inflammatory infiltration.",The risk score of multivariate Cox regression exhibited an excellent performance for estimating three-year OS (AUC of 0.826).,Not found in abstract / unknown,Not found in abstract / unknown,Not found in abstract / unknown,Not found in abstract / unknown,Not found in abstract / unknown,Not found in abstract / unknown,Not found in abstract / unknown,Not found in abstract / unknown
ITB-000642,Abundance and Metabolism Disruptions of Intratumoral Microbiota by Chemical and Physical Actions Unfreeze Tumor Treatment Resistance.,Microbial therapeutics,,Materials / delivery design,Automatic candidate; requires manual review,Not found in abstract / unknown,"The clear underlying principles of microbiome-regulated tumorigenesis and the established microbiome metabolism regulation method provide distinctive insights into tumor therapy, and can be also extended to other gut microbiome-associated lesions interference.",Not found in abstract / unknown,Not found in abstract / unknown,Not found in abstract / unknown,Not found in abstract / unknown,Not found in abstract / unknown,Not found in abstract / unknown,Not found in abstract / unknown,Not found in abstract / unknown,"Herein, a microbiome metabolism-engineered phototherapy strategy is established, wherein Nb2 C/Au nanocomposite and the corresponding phototherapy are harnessed to realize ""chemical"" and ""physical"" bacterial regulations."
ITB-000643,Bacteria-mediated tumor immunotherapy via photothermally-programmed PD1 expression.,Unresolved,,,Automatic candidate; requires manual review,Not found in abstract / unknown,Not found in abstract / unknown,Not found in abstract / unknown,Not found in abstract / unknown,The special microenvironment of a solid tumor promotes the orientation and colonization of facultative anaerobes.,Not found in abstract / unknown,Not found in abstract / unknown,Not found in abstract / unknown,Not found in abstract / unknown,Not found in abstract / unknown,Not found in abstract / unknown
ITB-000646,Pan-Cancer Analysis of Microbiome Quantitative Trait Loci.,Technical methods,Clinical statistics,,Automatic candidate; requires manual review,Survival analyses identified 318 mbQTLs associated with patient overall survival.,"Host genetics have been associated with gut microbial abundances, while the relationships between genetic variants and the cancer microbiome still require systematic interrogation. | Notably, mbQTLs were significantly enriched in cancer genome-wide association studies (GWAS) loci and explained an average of 2% for cancer heritability, indicating that mbQTLs could provide additional insights into cancer etiology. | Survival analyses identified 318 mbQTLs associated with patient overall survival. | Moreover, we uncovered 135,248 microbiome-immune infiltration associations and 166,603 microbiome-drug response associations that might provide clues for microbiome-based biomarkers.",Not found in abstract / unknown,Not found in abstract / unknown,Not found in abstract / unknown,Not found in abstract / unknown,Not found in abstract / unknown,Not found in abstract / unknown,"Using genotype data from The Cancer Genome Atlas and microbial abundance levels from Kraken-derived data, we developed a computational pipeline to identify mbQTLs in 32 cancer types.",Not found in abstract / unknown,Not found in abstract / unknown
ITB-000655,Synergistic Target of Intratumoral Microbiome and Tumor by Metronidazole-Fluorouridine Nanoparticles.,Microbial therapeutics,Clinical statistics,Materials / delivery design,Automatic candidate; requires manual review,"Antibiotic-composed nanoparticles have a clinical advantage in the treatment of tumors with bacteria infiltration, which kill pro-tumor bacteria efficiently as well as keep a balanced microbiota of the patient.",Not found in abstract / unknown,Not found in abstract / unknown,Not found in abstract / unknown,Not found in abstract / unknown,Not found in abstract / unknown,Not found in abstract / unknown,Not found in abstract / unknown,Not found in abstract / unknown,Not found in abstract / unknown,"Metronidazole, an antibiotic against broad anaerobes, was linked to fluorouridine to form an amphiphilic small molecule, metronidazole-fluorouridine, which further autoassembled as metronidazole-fluorouridine nanoparticles (MTI-FDU) in a hydrophilic solution. | Analysis revealed that metronidazole delivered by nanoparticles attacked bacteria inside the tumor, while it had minimal effect on gut microbial homeostasis. | Antibiotic-composed nanoparticles have a clinical advantage in the treatment of tumors with bacteria infiltration, which kill pro-tumor bacteria efficiently as well as keep a balanced microbiota of the patient."
ITB-000656,Bacterial Expression of Promelittin for Safe and Effective Tumor Therapy.,Unresolved,,,Automatic candidate; requires manual review,Not found in abstract / unknown,Not found in abstract / unknown,Not found in abstract / unknown,Not found in abstract / unknown,"After targeted colonization of bacteria in tumor tissues, promelittin was activated by matrix metalloproteinase, followed by causing tumor cell death through a membrane-lytic mechanism.",Not found in abstract / unknown,Not found in abstract / unknown,Detailed experiments revealed that the bacteria expressing the promelittin system could significantly inhibit the proliferation and metastasis of primitive tumors in a CT26-bearing mice model.,Not found in abstract / unknown,Not found in abstract / unknown,Not found in abstract / unknown
ITB-000657,Potential Role of the Intratumoral Microbiota in Prognosis of Head and Neck Cancer.,Clinical statistics,,,Automatic candidate; requires manual review,"In the present study, we used TCMA and The Cancer Genome Atlas and examined microbiome profiling in head and neck squamous cell carcinoma (HNSCC), the role of the intratumoral microbiota in the prognosis of HNSCC patients, and differentially expressed genes in tumor cells in relation to specific bacterial infections. | The tissue microbiome profiles of Actinomyces, Fusobacterium, and Rothia at the genus level differed between the solid normal tissue and primary tumors of HNSCC patients.","When the prognosis of groups with rates over and under the median for each microbe at the genus level was examined, rates for Leptotrichia which were over the median correlated with significantly higher overall survival rates. | A pathway analysis showed that these Leptotrichia-related genes were associated with the pathways of Alzheimer disease, neurodegeneration-multiple diseases, prion disease, MAPK signaling, and PI3K-Akt signaling, while protein-protein interaction analysis revealed that these genes formed a dense network.",Not found in abstract / unknown,Not found in abstract / unknown,Not found in abstract / unknown,Not found in abstract / unknown,Not found in abstract / unknown,Not found in abstract / unknown,Not found in abstract / unknown,Not found in abstract / unknown,Not found in abstract / unknown
ITB-000658,Major data analysis errors invalidate cancer microbiome findings.,Unresolved,,,Automatic candidate; requires manual review,Not found in abstract / unknown,The re-analysis conducted here shows that most of the microbes originally reported as associated with cancer were not present at all in the samples.,Not found in abstract / unknown,Not found in abstract / unknown,Not found in abstract / unknown,Not found in abstract / unknown,Not found in abstract / unknown,Not found in abstract / unknown,Not found in abstract / unknown,Not found in abstract / unknown,Not found in abstract / unknown
ITB-000663,An intratumor bacteria-targeted DNA nanocarrier for multifaceted tumor microenvironment intervention,Microbial therapeutics,,Materials / delivery design,Automatic candidate; requires manual review,Not found in abstract / unknown,Not found in abstract / unknown,Not found in abstract / unknown,Not found in abstract / unknown,"Therefore, the development of anti-tumor agents targeting intratumor bacteria is crucial in overcoming the drug inactivation induced by bacteria colonization.",Not found in abstract / unknown,Not found in abstract / unknown,Not found in abstract / unknown,Not found in abstract / unknown,Not found in abstract / unknown,"In this study, a double-bundle DNA tetrahedron-based nanocarrier is developed for intratumor bacteria-targeted berberine (Ber) delivery. | The combination of aptamer modification and high drug loading efficacy endow the DNA nanocarrier TA@B with enhanced delivery performance in anti-tumor therapy without obvious systemic toxicity. | This intratumor bacteria-targeted DNA nanoplatform provides a promising strategy in intervening the bacteria-related microenvironment and facilitating tumor therapy."
ITB-000664,Emerging roles of intratumor microbiota in cancer: tumorigenesis and management strategies,Reviews / synthesis,,,Automatic candidate; requires manual review,Not found in abstract / unknown,Not found in abstract / unknown,Not found in abstract / unknown,Not found in abstract / unknown,Not found in abstract / unknown,Not found in abstract / unknown,Not found in abstract / unknown,Not found in abstract / unknown,Not found in abstract / unknown,Not found in abstract / unknown,Not found in abstract / unknown
ITB-000665,Robustness of cancer microbiome signals over a broad range of methodological variation.,Clinical statistics,,,Automatic candidate; requires manual review,"In 2020, we identified cancer-specific microbial signals in The Cancer Genome Atlas (TCGA) [1]. | We found consistent results with a modern microbiome-specific method (ConQuR [14]), and when restricting to taxa found in an independent, highly-decontaminated cohort. (2) Using Conterminator [15], we found low levels of human contamination in our original databases (~1% of genomes). | We comprehensively host-deplete TCGA with many human (pan)genome references. | These extensive re-analyses and updated methods validate our original conclusion that cancer type-specific microbial signatures exist in TCGA, and show they are robust to methodology.",Not found in abstract / unknown,Not found in abstract / unknown,Not found in abstract / unknown,Not found in abstract / unknown,Not found in abstract / unknown,Not found in abstract / unknown,Not found in abstract / unknown,Not found in abstract / unknown,Not found in abstract / unknown,Not found in abstract / unknown
ITB-000667,Intratumoral Microbiome in Head and Neck Paragangliomas.,Unresolved,,,Automatic candidate; requires manual review,Not found in abstract / unknown,"Investigation of the microbiome associated with paragangliomas is important for understanding tumor pathogenesis. | However, RNA-Seq demonstrated higher sensitivity for identifying microbiome composition and revealed abundant bacterial families that partially correlated with those previously described in pheochromocytomas and extra-adrenal paragangliomas.",Not found in abstract / unknown,Not found in abstract / unknown,Not found in abstract / unknown,Not found in abstract / unknown,Not found in abstract / unknown,Not found in abstract / unknown,Not found in abstract / unknown,Not found in abstract / unknown,Not found in abstract / unknown
ITB-000668,"Pan-cancer atlas of tumor-resident microbiome, immunity and prognosis.",Unresolved,,,Automatic candidate; requires manual review,Not found in abstract / unknown,"We found that intratumoral microbiota is associated with immunophenotyping, with high-immunity subtypes showing greater bacterial and fungal richness compared to low-immunity groups.",Not found in abstract / unknown,Not found in abstract / unknown,Not found in abstract / unknown,Not found in abstract / unknown,Not found in abstract / unknown,Not found in abstract / unknown,Not found in abstract / unknown,Not found in abstract / unknown,Not found in abstract / unknown
ITB-000670,"Comparative analysis of the tumor microbiome, molecular profiles, and immune cell abundances by HPV status in mucosal head and neck cancers and their impact on survival.",Clinical statistics,,,Automatic candidate; requires manual review,"Here, we sought to relate the presence of specific microbes, gene expression, and tumor immune infiltration using tumor transcriptomics from The Cancer Genome Atlas (TCGA) and associate these with overall survival (OS). | RNA sequencing (RNAseq) from HNSCC tumors in TCGA was processed through the exogenous sequences in tumors and immune cells (exotic) pipeline to identify and quantify low-abundance microbes. | A total of 499 RNAseq samples from TCGA were analyzed. | These findings suggest that TME can be used to predict patient outcomes and may help identify mechanisms of resistance to systemic therapies.","The presence of Alphapapillomavirus 9 was associated with improved OS [HR = 0.60 (95%CI: 0.40-0.89, p = .01)]. | Among other microbes, Yersinia pseudotuberculosis was associated with the worst survival (HR = 3.88; p = .008), while Pseudomonas viridiflava had the best survival (HR = 0.05; p = .036). | We identified microbes in HNSCC tumor samples significantly associated with survival.",Not found in abstract / unknown,Not found in abstract / unknown,Not found in abstract / unknown,Not found in abstract / unknown,Not found in abstract / unknown,Not found in abstract / unknown,Not found in abstract / unknown,Not found in abstract / unknown,Not found in abstract / unknown
ITB-000671,Bacteria colonization in tumor microenvironment creates a favorable niche for immunogenic chemotherapy.,Unresolved,,,Automatic candidate; requires manual review,Not found in abstract / unknown,Not found in abstract / unknown,Not found in abstract / unknown,Not found in abstract / unknown,Not found in abstract / unknown,Not found in abstract / unknown,Not found in abstract / unknown,"Moreover, we show that an immunogenic drug (oxaliplatin), but not a non-immunogenic one (5-FU), synergizes with the bacteria to activate both the innate and adaptive immunity in the TME, resulting in complete tumor remission and a sustained anti-tumor immunological memory in mice.",Not found in abstract / unknown,Not found in abstract / unknown,Not found in abstract / unknown
ITB-000672,Transcriptomic analysis of Porphyromonas gingivalis-infected head and neck cancer cells: Identification of PLAU as a candidate prognostic biomarker.,Clinical statistics,,,Automatic candidate; requires manual review,"Gene expression in HNSCC due to P. gingivalis infection and how changes in gene expression affect the prognosis of HNSCC patients are not clarified. | The expression of up-regulated genes was examined using the expression data of HNSCC patients obtained from The Cancer Genome Atlas (TCGA) database, and the expression of 5 genes, including PLAU, was found to be higher in cancer tissue than in solid normal tissue. | A Cox regression analysis showed that high PLAU expression levels were associated with a poor prognosis in patients with TCGA-HNSCC. | Collectively, these results suggest the potential of PLAU as a molecular prognostic marker in HNSCC patients.","A Cox regression analysis showed that high PLAU expression levels were associated with a poor prognosis in patients with TCGA-HNSCC. | Furthermore, the prognostic impact correlated with tumour size and the presence or absence of lymph node metastasis.",Not found in abstract / unknown,Not found in abstract / unknown,Not found in abstract / unknown,Not found in abstract / unknown,Not found in abstract / unknown,Further in vivo and in vitro studies are needed to verify the findings of this study.,Not found in abstract / unknown,Not found in abstract / unknown,Not found in abstract / unknown
ITB-000673,A Bioinformatics Tool for Identifying Intratumoral Microbes from the ORIEN Dataset.,Unresolved,,,Automatic candidate; requires manual review,Not found in abstract / unknown,"Computational identification of cancer-specific microbes and their associations is still challenging due to the high dimensionality and high sparsity of intratumoral microbiome data, which requires large datasets containing sufficient event observations to identify relationships, and the interactions within microbial communities, the heterogeneity in microbial composition, and other confounding effects that can lead to spurious associations. | To solve these issues, we present a bioinformatics tool, microbial graph attention (MEGA), to identify the microbes most strongly associated with 12 cancer types. | This package has three unique features: species-sample relations are represented in a heterogeneous graph and learned by a graph attention network; it incorporates metabolic and phylogenetic information to reflect intricate relationships within microbial communities; and it provides multiple functionalities for association interpretations and visualizations. | MEGA can effectively identify cancer-associated microbial signatures and refine their interactions with tumors.",Not found in abstract / unknown,Not found in abstract / unknown,Not found in abstract / unknown,Not found in abstract / unknown,Not found in abstract / unknown,Not found in abstract / unknown,Not found in abstract / unknown,Not found in abstract / unknown,Not found in abstract / unknown
ITB-000674,The intratumoral microbiota biomarkers for predicting survival and efficacy of immunotherapy in patients with ovarian serous cystadenocarcinoma.,Clinical statistics,,,Automatic candidate; requires manual review,Patients were subsequently categorized into high-risk and low-risk groups based on their risk scores. | RESULTS: Survival analysis revealed that patients in the low-risk group had a higher overall survival rate.,"A univariate Cox regression model was used to identify microorganisms significantly associated with survival and a prognostic risk score model constructed using LASSO Cox regression analysis. | Analysis of immune cell infiltration and immune checkpoint gene expression in both groups showed that both parameters were positively correlated with the risk level, indicating an increased immune response in higher risk groups.",A univariate Cox regression model was used to identify microorganisms significantly associated with survival and a prognostic risk score model constructed using LASSO Cox regression analysis. | Patients were subsequently categorized into high-risk and low-risk groups based on their risk scores. | A nomogram was constructed for easy visualization of the prognostic model.,Not found in abstract / unknown,Not found in abstract / unknown,Not found in abstract / unknown,Not found in abstract / unknown,Not found in abstract / unknown,Not found in abstract / unknown,Not found in abstract / unknown,Not found in abstract / unknown
ITB-000675,An Explainable Graph Neural Framework to Identify Cancer-Associated Intratumoral Microbial Communities.,Unresolved,,,Automatic candidate; requires manual review,Not found in abstract / unknown,"Here, a MIcrobial Cancer-association Analysis using a Heterogeneous graph transformer (MICAH) to identify intratumoral cancer-associated microbial communities is presented. | It uses a graph transformer to holistically capture relationships between intratumoral microbes and cancer tissues, which improves the explainability of the associations between identified microbial communities and cancers. | Source tracking analysis reveals that the primary known contributor to a cancer-associated microbial community is the organs affected by the type of cancer.",Not found in abstract / unknown,Not found in abstract / unknown,Not found in abstract / unknown,Not found in abstract / unknown,Not found in abstract / unknown,"After experimentally testing a representative observation using a mouse model of tumor-microbe-immune interactions, a result consistent with MICAH's identified relationship is observed.",Not found in abstract / unknown,Not found in abstract / unknown,Not found in abstract / unknown
ITB-000677,Intratumoral microbiota omics analysis in head and neck squamous cell carcinoma.,Unresolved,,,Automatic candidate; requires manual review,Not found in abstract / unknown,This study aimed to comprehensively characterize the intratumoral microbiota in HNSCC and investigate its potential associations with tumor progression and host metabolic functions using a 4-nitroquinoline 1-oxide (4NQO)-induced murine model. | RDA and linear regression revealed a significant correlation between the intratumoral microbiota and PCNA expression. | CONCLUSION: These findings demonstrate that intratumoral microbiota dysbiosis is closely associated with HNSCC progression.,Not found in abstract / unknown,Not found in abstract / unknown,Not found in abstract / unknown,Not found in abstract / unknown,Not found in abstract / unknown,This study aimed to comprehensively characterize the intratumoral microbiota in HNSCC and investigate its potential associations with tumor progression and host metabolic functions using a 4-nitroquinoline 1-oxide (4NQO)-induced murine model. | METHODS: A HNSCC mouse model was established through administration of 4NQO in drinking water. | The study establishes a foundational murine model for further mechanistic research and suggests the potential of the intratumoral microbiota as a biomarker or therapeutic target in HNSCC.,Not found in abstract / unknown,Not found in abstract / unknown,Not found in abstract / unknown
ITB-000678,Pan-cancer analysis reveals intratumoral microbial diversity in multiple cancers by amplicon technology.,Unresolved,,,Automatic candidate; requires manual review,Not found in abstract / unknown,"It's worth noting that Pseudomonas, Streptococcus, and Prevotella were found to be shared with the microbial communities of the seven cancers, suggesting that these may be associated with the occurrence and development of cancers.",Not found in abstract / unknown,Not found in abstract / unknown,Not found in abstract / unknown,Not found in abstract / unknown,Not found in abstract / unknown,Not found in abstract / unknown,Not found in abstract / unknown,Not found in abstract / unknown,Not found in abstract / unknown
ITB-000683,Regulating the Tumor Microbiome through Near-Infrared-III Light-Excited Photosynthesis.,Microbial therapeutics,,Materials / delivery design,Automatic candidate; requires manual review,Not found in abstract / unknown,Tumor microbiomes are increasingly associated with the growth and metastasis of tumors.,Not found in abstract / unknown,Not found in abstract / unknown,Not found in abstract / unknown,Not found in abstract / unknown,Not found in abstract / unknown,Not found in abstract / unknown,Not found in abstract / unknown,Not found in abstract / unknown,"This system utilizes Er-based core-shell upconversion nanoparticles to arm microalga Chlorella, enabling the rapid evolution of Chlorella to perform oxygenic photosynthesis under 1550 nm light excitation."
ITB-000685,"Pan-Cancer Integrative Analyses Reveal the Crosstalk Between the Intratumoral Microbiome, TP53 Mutation and Tumour Microenvironment.",Clinical statistics,,,Automatic candidate; requires manual review,"To explore this, we collected multi-omics data-including genome, transcriptome, and tumour microbiome data-from a wide range of cancer types in The Cancer Genome Atlas (TCGA).","Through a pan-cancer analysis, we identified significant correlations between intratumoral microbiota diversity and TP53 mutation status, particularly in hepatocellular carcinoma (HCC) and endometrial cancer (EC). | Despite notable differences in microbiota composition between these two cancer types, we consistently observed that TP53 mutations were associated with reduced alpha-diversity. | Additionally, we found that TP53 mutation status significantly influenced stromal components within the TME, such as a strong correlation between decreased endothelial cell abundance and TP53 mutation.",Not found in abstract / unknown,Not found in abstract / unknown,Not found in abstract / unknown,Not found in abstract / unknown,Not found in abstract / unknown,Not found in abstract / unknown,Not found in abstract / unknown,Not found in abstract / unknown,Not found in abstract / unknown
ITB-000686,Intra-tumor microbiome-based tumor survival indices predict immune interaction and drug sensitivity on pan-cancer scale.,Clinical statistics,,,Automatic candidate; requires manual review,"In this study, we concentrate on the intra-tumor microbiome and develop the Tumor Microbiome Survival Index (TMSI), a measure indicative of cancer patient survival risk. | Our indices revealed notable distinctions between two stratified risk groups for each of the 10 cancer types and could precisely predict patients' overall survival. | These findings illuminate the complex dynamics between the tumor microbiome, the patient's immune reaction, and medical outcomes, thus shedding light on microbiome-based personalized therapeutic interventions. | It stratifies cancer patients into risk groups across 10 cancer types, accurately predicting survival. | Overall, it paves the way for microbiome-targeted cancer therapies and enhanced patient prognostication.","However, there is currently no consistent criterion for identifying the association of microbes with tumor progression and response to treatment across various types of cancer.",Not found in abstract / unknown,Not found in abstract / unknown,Not found in abstract / unknown,Not found in abstract / unknown,Not found in abstract / unknown,Not found in abstract / unknown,Not found in abstract / unknown,Not found in abstract / unknown,Not found in abstract / unknown
ITB-000687,Ellagic acid-protein nano-complex inhibits tumor growth by reducing the intratumor bacteria and inhibiting histamine production.,Microbial therapeutics,,Materials / delivery design,Automatic candidate; requires manual review,Not found in abstract / unknown,"The potential mechanism of eP-EA treatment is associated with the reduced abundance and diversity of microorganisms within the tumor, culminating with an altered metabolism within the Tumor microenvironment (TME).",Not found in abstract / unknown,Not found in abstract / unknown,Not found in abstract / unknown,Not found in abstract / unknown,Not found in abstract / unknown,Not found in abstract / unknown,Not found in abstract / unknown,Not found in abstract / unknown,"In this work, we developed an ellagic acid (EA) - endogenous protein (eP) nanocomposite (eP-EA) to target tumors by EPR (enhanced permeability and retention), kill bacteria within tumors to regulate anti-tumor immune responses."
ITB-000688,Integrative pan-cancer analysis of intratumoral microbial communities for biomarker discovery and diagnostic modeling.,Clinical statistics,,,Automatic candidate; requires manual review,"METHODS: We integrated microbiome data from 11 published studies and one large validation cohort, encompassing 2,839 samples across nine cancer types and normal controls.",CONCLUSION: This largest multi-center study to date identifies distinct tumor-associated microbiota signatures across diverse cancers and demonstrates their strong diagnostic potential.,Not found in abstract / unknown,Not found in abstract / unknown,Not found in abstract / unknown,Not found in abstract / unknown,Not found in abstract / unknown,Not found in abstract / unknown,Not found in abstract / unknown,Not found in abstract / unknown,Not found in abstract / unknown
ITB-000689,Intratumoral Microbiota Correlates with AP-2 Expression: A Pan-Cancer Map with Cohort-Specific Prognostic and Molecular Footprints.,Clinical statistics,,,Automatic candidate; requires manual review,"The present pan-cancer workflow leveraged TCGA transcriptomic data to correlate expression of AP-2 representatives with bacterial abundance on the genus and species level, followed by cohort-specific survival modeling, clinical profiling, differential expression, weighted co-expression analysis, and chromatin proximity tests with AP-2 enrichment. | ACC and DLBC shared a consensus expression program, whereas STAD diverged; chromatin analysis showed AP-2 motifs near microbe-responsive genes in ACC and DLBC but not STAD, supporting cohort-specific regulation.","Significant correlations between microbiota and AP-2 were observed in 18 of 33 analyzed tumor types; TFAP2E-AS1 was most recurrent among AP-2 members, and Halomonas was most recurrent among genera.",Not found in abstract / unknown,Not found in abstract / unknown,Not found in abstract / unknown,Not found in abstract / unknown,Not found in abstract / unknown,Not found in abstract / unknown,Not found in abstract / unknown,Not found in abstract / unknown,Not found in abstract / unknown
ITB-000690,Intratumoral core microbiota predicts prognosis and therapeutic response in gastrointestinal cancers.,Clinical statistics,,,Automatic candidate; requires manual review,"Here, we performed a comprehensive analysis of the tumor microbiome across six gastrointestinal cancer types and identified a core microbiota composed of 15 bacterial genera associated with patient prognosis. | Using bacterial abundance data, we developed a microbiota-based prognostic model to calculate a ""risk score."" Patients with high-risk scores exhibited poorer prognosis and increased metastatic potential, driven by the activation of tumor metastasis-related signaling pathways, including epithelial-mesenchymal transition, angiogenesis, KRAS, and TGFβ signaling. | Furthermore, the model predicted sensitivity to anti-cancer drugs, identifying XL999 and tandutinib as potential targeted therapies for high-risk patients. | The core microbiota is also linked to host immunity; patients with high-risk scores were less likely to benefit from immunotherapy. | Unlike traditional gene-based models, this approach stratifies patients by microbial signatures, linking high-risk scores to enhanced metastasis via epithelial-mesenchymal transition, angiogenesis, and KRAS signaling. | Additionally, we identify XL999 and tandutinib as potential therapies for high-risk patients and reveal that microbiota composition correlates with immunotherapy response.","Here, we performed a comprehensive analysis of the tumor microbiome across six gastrointestinal cancer types and identified a core microbiota composed of 15 bacterial genera associated with patient prognosis. | This study identifies a core microbiota of 15 bacterial genera associated with survival in gastrointestinal cancers and develops a microbiota-based prognostic model.","Using bacterial abundance data, we developed a microbiota-based prognostic model to calculate a ""risk score."" Patients with high-risk scores exhibited poorer prognosis and increased metastatic potential, driven by the activation of tumor metastasis-related signaling pathways, including epithelial-mesenchymal transition, angiogenesis, KRAS, and TGFβ signaling. | The core microbiota is also linked to host immunity; patients with high-risk scores were less likely to benefit from immunotherapy. | Taken together, these findings highlight the potential of a microbiota-based prognostic model to enhance cancer diagnostics, inform therapeutic decision-making, and advance personalized medicine for gastrointestinal cancers.IMPORTANCEIntratumoral microbiota influence cancer progression, yet their prognostic potential remains underutilized. | This study identifies a core microbiota of 15 bacterial genera associated with survival in gastrointestinal cancers and develops a microbiota-based prognostic model. | Unlike traditional gene-based models, this approach stratifies patients by microbial signatures, linking high-risk scores to enhanced metastasis via epithelial-mesenchymal transition, angiogenesis, and KRAS signaling.",Not found in abstract / unknown,Not found in abstract / unknown,Not found in abstract / unknown,Not found in abstract / unknown,Not found in abstract / unknown,Not found in abstract / unknown,Not found in abstract / unknown,Not found in abstract / unknown
ITB-000691,Effect of immune-related intratumoral microbiota and host gene expression on cancer prognosis.,Clinical statistics,,,Automatic candidate; requires manual review,"We utilized a machine learning-based framework to identify microbiota-host gene associations across 14 tumors from The Cancer Genome Atlas (TCGA) and validated them in 11 tumors from the Gene Expression Omnibus. | Subsequently, we constructed the overall survival-related IPRMS and found that high-IPRMS patients had poorer prognosis in pan-cancer and increased presence of macrophage and cancer-associated fibroblasts. | In contrast, low-IPRMS patients showed enrichment in tumor-infiltrating lymphocytes. | Moreover, immune-related intratumoral microbiota are significantly associated with patient survival and TME immunity and may influence prognosis by affecting immune cells, pathways, or gene expression, offering new perspectives and potential biomarkers for predicting personalized patient prognosis in the future.","We utilized a machine learning-based framework to identify microbiota-host gene associations across 14 tumors from The Cancer Genome Atlas (TCGA) and validated them in 11 tumors from the Gene Expression Omnibus. | We identified gene subsets associated with microbiota, which were predominantly enriched in immune-related and cell signaling regulation pathways. | Subsequently, we constructed the overall survival-related IPRMS and found that high-IPRMS patients had poorer prognosis in pan-cancer and increased presence of macrophage and cancer-associated fibroblasts. | High-IPRMSs were consistently associated with poorer prognosis and lower abundance of tumor-infiltrating lymphocytes. | At the single-cell level, cancer-associated fibroblasts were predominantly enriched in the high-IPRMS group, while tumor-infiltrating lymphocytes were also mainly enriched in the low-IPRMS group. | Our research indicates that the intratumoral microbiota was associated with immune and prognosis, which may impact the cancer prognosis by modifying immune cells, pathways, and host gene expression. | Moreover, immune-related intratumoral microbiota are significantly associated with patient survival and TME immunity and may influence prognosis by affecting immune cells, pathways, or gene expression, offering new perspectives and potential biomarkers for predicting personalized patient prognosis in the future.",Not found in abstract / unknown,Not found in abstract / unknown,Not found in abstract / unknown,Not found in abstract / unknown,Not found in abstract / unknown,Not found in abstract / unknown,Not found in abstract / unknown,Not found in abstract / unknown,Not found in abstract / unknown
ITB-000697,Targeting the intratumoral microbiota to overcome cancer immunotherapy resistance,Unresolved,,,Automatic candidate; requires manual review,Not found in abstract / unknown,Not found in abstract / unknown,Not found in abstract / unknown,Not found in abstract / unknown,Not found in abstract / unknown,Not found in abstract / unknown,Not found in abstract / unknown,Not found in abstract / unknown,Not found in abstract / unknown,Not found in abstract / unknown,Not found in abstract / unknown
ITB-000698,Multifunctional exosome-driven tumor immunotherapy sensitization: converting intratumoral bacteria into antitumor fighters.,Unresolved,,,Automatic candidate; requires manual review,Not found in abstract / unknown,Utilizing intratumoral bacteria to reprogram tumor-associated macrophages (TAMs) into a tumoricidal M1 phenotype holds great potential in cancer immunotherapy.,Not found in abstract / unknown,Not found in abstract / unknown,Not found in abstract / unknown,Not found in abstract / unknown,Not found in abstract / unknown,Not found in abstract / unknown,Not found in abstract / unknown,Not found in abstract / unknown,"We constructed a multifunctional exosome loaded with ferroptosis inducer Fe3O4 nanoparticles and photothermal agent ICG to convert intratumoral bacteria into antitumor fighters to achieve tumor immunotherapy sensitization: 1) The multifunctional exosomes enable a synergistic enhancement of ferroptosis and photothermal therapy, efficiently inducing the death of tumor cells and intratumoral bacteria. 2) The killed tumor cells not only exhibit enhanced immunogenicity, but also promote the phagocytosis of hidden bacteria by macrophages when combined with CD47 blockade. 3) The engulfed bacteria could serve as antitumor fighters to polarize TAMs into tumoricidal M1 phenotype."
ITB-000699,Targeted depletion of intratumoral bacteria using PEGylated metronidazole to augment cancer treatment efficacy.,Unresolved,,,Automatic candidate; requires manual review,Not found in abstract / unknown,"Since the infiltration of intratumoral microbiota is associated with aggressive phenotypes of cancer, eliminating bacteria within tumors has become an attractive approach to cancer treatment.",Not found in abstract / unknown,Not found in abstract / unknown,"In Fusobacterium nucleatum spp (Fn) colonized tumor models, we observed significant adjuvant effects of MTI-PEG on chemotherapy, immunotherapy and targeted therapy through reversing drug resistance through the modulation of autophagy, the human T-cell immunoglobulin and ITIM domain (TIGIT) and the phosphatidylinositol-3-kinase/protein kinase B (PI3K-AKT) signaling pathway, respectively, while reshaping immune landscape of tumor microenvironment.",Not found in abstract / unknown,Not found in abstract / unknown,Not found in abstract / unknown,Not found in abstract / unknown,Not found in abstract / unknown,Not found in abstract / unknown
ITB-000701,Antagonistic Iron Competition Induced by Iron Chelators Heightens Cuproptosis in Both Tumors and Intratumoral Bacteria.,Unresolved,,,Automatic candidate; requires manual review,Not found in abstract / unknown,"The dying tumor cells and bacteria then release damage-associated molecular patterns (DAMPs) and pathogen-associated molecular patterns (PAMPs), respectively, promoting dendritic cells (DCs) maturation and activating antitumor immune responses.",Not found in abstract / unknown,Not found in abstract / unknown,Not found in abstract / unknown,Not found in abstract / unknown,Not found in abstract / unknown,Not found in abstract / unknown,Not found in abstract / unknown,Not found in abstract / unknown,Not found in abstract / unknown
ITB-000702,Chiral Cascade-Targeted Nanoassembly Eradicates Intratumoral Bacteria via Ferroptosis to Potentiate STING-Driven Antitumor Immunity.,Unresolved,,,Automatic candidate; requires manual review,Not found in abstract / unknown,Not found in abstract / unknown,Not found in abstract / unknown,Not found in abstract / unknown,Not found in abstract / unknown,Not found in abstract / unknown,Not found in abstract / unknown,Not found in abstract / unknown,Not found in abstract / unknown,Not found in abstract / unknown,Not found in abstract / unknown
ITB-000703,Self-lytic Nano-bacterial biohybrid reprograms Intratumoral microbiome-immune interactions for cancer immunotherapy.,Microbial therapeutics,,Materials / delivery design,Automatic candidate; requires manual review,Not found in abstract / unknown,Not found in abstract / unknown,Not found in abstract / unknown,Not found in abstract / unknown,Not found in abstract / unknown,Not found in abstract / unknown,Not found in abstract / unknown,Not found in abstract / unknown,Not found in abstract / unknown,Not found in abstract / unknown,"Here, we developed a nano-bacterial biohybrid system, LYC@Bac, which integrates IL-15-expressing probiotics (Bac) and pH-sensitive lysozyme nanoparticles (LYC)."
ITB-000704,Biodiversity and biogeography of the multi-kingdom cancer microbiome.,Technical methods,,,Automatic candidate; requires manual review,Not found in abstract / unknown,"Microorganisms represent an important component of the tumor microenvironment, but conflicting reports have left the extent of microbial prevalence across cancer types unclear, necessitating more robust methods for characterizing tumor-associated microbiomes. | These communities varied by tumor site and subtype, with increased microbial colonization of microsatellite-instable and polymerase ε (POLE)/polymerase δ (POLD1)-mutated tumors, supported by a correlation between microbial load and tumor mutation burden observed across orodigestive cancers.",Not found in abstract / unknown,Not found in abstract / unknown,"These communities varied by tumor site and subtype, with increased microbial colonization of microsatellite-instable and polymerase ε (POLE)/polymerase δ (POLD1)-mutated tumors, supported by a correlation between microbial load and tumor mutation burden observed across orodigestive cancers.",Not found in abstract / unknown,Not found in abstract / unknown,Not found in abstract / unknown,"We built and benchmarked a host-subtraction and classification pipeline to identify microbiota in whole-genome sequencing data and applied it to 16,369 high-depth tumor whole genomes from the UK 100,000 Genomes Project.",Not found in abstract / unknown,Not found in abstract / unknown
ITB-000706,Axially Polarized O-Fe-N4 Single-Atom Enzyme Drives Clearance of Tumor-Resident Intracellular Microbiota and Potentiates Immunotherapy.,Unresolved,,,Automatic candidate; requires manual review,Not found in abstract / unknown,Not found in abstract / unknown,Not found in abstract / unknown,Not found in abstract / unknown,"In a tumor model with bacterial colonization, SNAPiFe@RGD combined with ultrasound irradiation promotes dendritic cells (DCs) maturation and T cells infiltration, and synergizes with the αPD-L1 antibody to effectively inhibit the growth of contralateral tumors.",Not found in abstract / unknown,Not found in abstract / unknown,Not found in abstract / unknown,Not found in abstract / unknown,Not found in abstract / unknown,Not found in abstract / unknown
ITB-000707,Association of Intratumoral Microbiota with Prognosis in Head and Neck Squamous Cell Carcinoma.,Clinical statistics,,,Automatic candidate; requires manual review,"EXPERIMENTAL DESIGN: This retrospective cohort study included 312 adults with surgically treated, primary HNSCC at Montefiore Einstein Cancer Center (2000-2023). | High bacterial load [hazard ratio (HR), 1.85; 95% confidence interval (CI), 1.31-2.61; P < 0.001] and low bacterial diversity (HR, 1.65; 95% CI, 1.19-2.28; P = 0.003) were independently associated with reduced OS, with the greatest risk in patients carrying both features (HR, 3; 95% CI, 1.76-5.09; P < 0.001). | CONCLUSIONS: High intratumoral bacterial load and low diversity are prognostic factors associated with survival in HNSCC, particularly in HPV-negative patients.","PURPOSE: To evaluate whether intratumoral bacterial load and diversity are associated with survival outcomes in head and neck squamous cell carcinoma (HNSCC) and to examine their relationship with human papillomavirus (HPV) status. | High bacterial load [hazard ratio (HR), 1.85; 95% confidence interval (CI), 1.31-2.61; P < 0.001] and low bacterial diversity (HR, 1.65; 95% CI, 1.19-2.28; P = 0.003) were independently associated with reduced OS, with the greatest risk in patients carrying both features (HR, 3; 95% CI, 1.76-5.09; P < 0.001). | Notably, loss of the class TM7-3 and the orders Actinomycetales and Burkholderiales was specifically associated with poor HNSCC survival, including early mortality. | CONCLUSIONS: High intratumoral bacterial load and low diversity are prognostic factors associated with survival in HNSCC, particularly in HPV-negative patients.",Not found in abstract / unknown,Not found in abstract / unknown,Not found in abstract / unknown,Not found in abstract / unknown,Not found in abstract / unknown,Not found in abstract / unknown,Not found in abstract / unknown,Not found in abstract / unknown,Not found in abstract / unknown
ITB-000844,Engineering Nonpathogenic Bacteria for Synergistic Tumor-Targeted Protein Degradation and Immunotherapy by Checkpoint-Inhibiting Nanobodies.,Microbial therapeutics,,Genetic / synthetic microbial engineering,Automatic candidate; requires manual review,Not found in abstract / unknown,Not found in abstract / unknown,Not found in abstract / unknown,Not found in abstract / unknown,Not found in abstract / unknown,Not found in abstract / unknown,Not found in abstract / unknown,"In vivo administration of engineered microbes led to marked tumor growth inhibition in both subcutaneous breast and orthotopic hepatocellular carcinoma models, along with prolonged animal survival, driven by remodeling of the suppressive tumor microenvironment through coordinated crosstalk between M1-like macrophages and tumor-resident memory (TRM)-like CD8+ T cells.",Not found in abstract / unknown,"In vivo administration of engineered microbes led to marked tumor growth inhibition in both subcutaneous breast and orthotopic hepatocellular carcinoma models, along with prolonged animal survival, driven by remodeling of the suppressive tumor microenvironment through coordinated crosstalk between M1-like macrophages and tumor-resident memory (TRM)-like CD8+ T cells.",Not found in abstract / unknown
ITB-000845,Exogenous Sequences in Tumors and Immune Cells (Exotic): A Tool for Estimating the Microbe Abundances in Tumor RNA-seq Data.,Unresolved,,,Automatic candidate; requires manual review,Not found in abstract / unknown,"A broad survey of tumor microbiome samples across several independent datasets is needed to identify robust correlations for follow-up testing. | This process leveraged the two datasets and raised up only the concordant (significant and in the same direction) associations. | We observed associations with survival and clinical variables that are cancer specific and relatively few associations with immune composition. | Alistipes, a common gut commensal, showed the highest network degree centrality and was associated with genes related to metabolism and inflammation. | We show new associations with clinical variables that justify biomarker uses and more experimentation into the mechanisms by which tumor microbiomes affect cancer outcomes.",Not found in abstract / unknown,Not found in abstract / unknown,Not found in abstract / unknown,Not found in abstract / unknown,Not found in abstract / unknown,Not found in abstract / unknown,Not found in abstract / unknown,Not found in abstract / unknown,Not found in abstract / unknown
ITB-000881,Deep learning enabled integration of tumor microenvironment microbial profiles and host gene expressions for interpretable survival subtyping in diverse types of cancers.,Clinical statistics,,,Automatic candidate; requires manual review,"However, it remains a bottleneck in distangling the relationship between the tumor microbiome and host gene expressions in tumor microenvironment, as well as their concert effects on patient survival. | In this study, we aimed to decode this complex relationship by developing ASD-cancer (autoencoder-based subtypes detector for cancer), a semi-supervised deep learning framework that could extract survival-related features from tumor microbiome and transcriptome data, and identify patients' survival subtypes. | Its superior risk stratification, demonstrated by significant improvements over traditional methods like principal component analysis, holds promise for refining patient prognosis.",Not found in abstract / unknown,Not found in abstract / unknown,Not found in abstract / unknown,Not found in abstract / unknown,Not found in abstract / unknown,Not found in abstract / unknown,Not found in abstract / unknown,Not found in abstract / unknown,Not found in abstract / unknown,Not found in abstract / unknown
ITB-000910,The landscape of bacterial presence in tumor and adjacent normal tissue across 9 major cancer types using TCGA exome sequencing.,Clinical statistics,,,Automatic candidate; requires manual review,"Profiles were generated for 813 cases from stomach, liver, colon, rectal, lung, head & neck, cervical and bladder TCGA cohorts. | Paired analyses demonstrated significant differences in bacterial shifts between tumor and adjacent normal tissue across stomach, colon, lung squamous cell, and head & neck cohorts, whereas little or no differences were evident in liver, rectal, lung adenocarcinoma, cervical and bladder cancer cohorts in adjusted models.",Not found in abstract / unknown,Not found in abstract / unknown,Not found in abstract / unknown,Not found in abstract / unknown,Not found in abstract / unknown,Not found in abstract / unknown,Not found in abstract / unknown,Not found in abstract / unknown,Not found in abstract / unknown,Not found in abstract / unknown
ITB-000930,Reliable detection of Host-Microbe Signatures in cancer using PRISM.,Technical methods,,,Automatic candidate; requires manual review,Not found in abstract / unknown,Not found in abstract / unknown,Not found in abstract / unknown,Not found in abstract / unknown,Not found in abstract / unknown,Not found in abstract / unknown,Not found in abstract / unknown,Not found in abstract / unknown,PRISM achieves robust performance when benchmarked on 230 independent datasets with known true-positive and contaminant taxa.,Not found in abstract / unknown,Not found in abstract / unknown
ITB-000588,Identification of intratumoral microbiome-driven immune modulation and therapeutic implications in diffuse large B-cell lymphoma.,Clinical statistics,,,Automatic candidate; requires manual review,"Recent studies suggest that the intratumoral microbiome may influence the tumor microenvironment, affecting patient prognosis and therapeutic responses. | METHODS: Transcriptomic and microbiome data from 48 DLBCL patients were obtained from public databases. | Consensus clustering was used to classify patients into distinct microbiome-related subtypes. | Hub genes' expression and biological function were validated and inferred in cell lines and independent cohorts of DLBCL. | Patients in Cluster 1 exhibited significantly better overall survival (P < 0.05), with higher immune infiltration of regulatory T cells and M0 macrophages compared to Cluster 2, which was associated with poorer outcomes. | DLBCL cell lines and clinical cohorts validated that MMEL1 and CITED4 with important biologically function in DLBCL cell survival and subtype classification. | These results lay the foundation for microbiome-based prognostic biomarkers and personalized treatment approaches, ultimately aiming to enhance patient outcomes in DLBCL.","Patients in Cluster 1 exhibited significantly better overall survival (P < 0.05), with higher immune infiltration of regulatory T cells and M0 macrophages compared to Cluster 2, which was associated with poorer outcomes.",Not found in abstract / unknown,Not found in abstract / unknown,Not found in abstract / unknown,Not found in abstract / unknown,Not found in abstract / unknown,Hub genes' expression and biological function were validated and inferred in cell lines and independent cohorts of DLBCL. | DLBCL cell lines and clinical cohorts validated that MMEL1 and CITED4 with important biologically function in DLBCL cell survival and subtype classification.,Not found in abstract / unknown,Not found in abstract / unknown,Not found in abstract / unknown
ITB-000830,The intratumor microbiome predicts prognosis across gender and subtypes in papillary thyroid carcinoma.,Clinical statistics,,,Automatic candidate; requires manual review,"We hypothesized that intratumor microbiome composition distinctly alters the immune landscape and predicts clinical outcome between PTC subtypes and between patient genders. | Raw whole-transcriptome RNA-sequencing, Level 3 normalized mRNA expression read counts, and DNA methylation 450 k sequencing data for untreated, nonirradiated tumor, and adjacent normal tissue were downloaded from the Genomic Data Commons (GDC) legacy archive for 563 thyroid carcinoma patients. | In contrast, we also found that microbes distinctly abundant in tall cell and male patient cohorts were also correlated with higher mutation expression and methylation of tumor suppressors.","We correlated microbe abundance to clinical variables and immune-associated gene expression. | In contrast, we also found that microbes distinctly abundant in tall cell and male patient cohorts were also correlated with higher mutation expression and methylation of tumor suppressors.",Not found in abstract / unknown,Not found in abstract / unknown,Not found in abstract / unknown,Not found in abstract / unknown,Not found in abstract / unknown,Not found in abstract / unknown,Not found in abstract / unknown,Not found in abstract / unknown,Not found in abstract / unknown
ITB-000831,The comparison of microbial communities in thyroid tissues from thyroid carcinoma patients.,Clinical statistics,,,Automatic candidate; requires manual review,"The relevant information of the microbial community in the gut and thyroid, including composition, structure, and relationship, is unclear in thyroid carcinoma patients. | A total of 93 samples from 25 patients were included in this study.","Thyroid carcinoma is a common endocrine organ cancer associated with abnormal hormone secretion, leading to the disorder of metabolism.",Not found in abstract / unknown,Not found in abstract / unknown,Not found in abstract / unknown,Not found in abstract / unknown,Not found in abstract / unknown,Not found in abstract / unknown,Not found in abstract / unknown,Not found in abstract / unknown,Not found in abstract / unknown
ITB-000832,Downregulation of AKT/mTOR signaling pathway for Salmonella-mediated autophagy in human anaplastic thyroid cancer.,Unresolved,,,Automatic candidate; requires manual review,Not found in abstract / unknown,"The autophagic markers, particularly autophagy-related gene 6 (Beclin-1), microtubule-associated protein 1A/1B-light chain 3 (LC3) and p62, were observed to be differentially expressed after infection with Salmonella indicating an activated autophagy in ATC cells.",Not found in abstract / unknown,Not found in abstract / unknown,Not found in abstract / unknown,Not found in abstract / unknown,Not found in abstract / unknown,"In order to determine the signaling pathway involved in tumor cell autophagy, we used Salmonella to treat ATC cells line ASH-3 and KMH-2 in vitro. | In vivo, we also found that substantial cell numbers of Salmonella targeted tumor tissue, and regulated anti-tumor mechanisms.",Not found in abstract / unknown,Not found in abstract / unknown,Not found in abstract / unknown
ITB-000833,Tumor microbiome diversity influences papillary thyroid cancer invasion.,Clinical statistics,,,Automatic candidate; requires manual review,"Substantial microbial abundance was detected in PTC from all patients. | The tumor bacterial diversity in patients with advanced lesions (T3/T4) was significantly higher than that in patients with relatively mild lesions (T1/T2). | Hence, microbial host factors-independent of the genomic composition of the tumor-may determine tumor behaviors and patient outcomes.","Furthermore, the correlation between specific bacterial genus and thyroid hormones or autoimmune thyroid disease-related antibodies may indicate the potential contribution of the microbiome in the relationship between autoimmune thyroid disease or irregular thyroid function and PTC progression, intervention of which might therefore be worth exploring for advancing oncology care.",Not found in abstract / unknown,Not found in abstract / unknown,Not found in abstract / unknown,Not found in abstract / unknown,Not found in abstract / unknown,Not found in abstract / unknown,Not found in abstract / unknown,Not found in abstract / unknown,Not found in abstract / unknown
ITB-000834,Intratumoral Bacteria Dysbiosis Is Associated with Human Papillary Thyroid Cancer and Correlated with Oncogenic Signaling Pathways,Clinical statistics,,,Automatic candidate; requires manual review,"In parallel, we performed microbial profiling and transcriptome sequencing in the tumor and adjacent normal tissues of a large cohort of 340 PTC and benign thyroid nodule (BTN) patients.","Microbial network analysis showed increased correlation strengths among the bacterial taxa in PTC-T in comparison with BTN-T. | Moreover, our integrative analysis revealed that the PTC-enriched bacteria had a positive association with key PTC-oncogenic pathway-related genes, including BRAF, KRAS, IRAK4, CTNNB1, PIK3CA, MAP3K7, and EGFR. | In conclusion, our results suggest that intratumor bacteria dysbiosis is associated with the thyroid tumorigenesis and oncogenic signaling pathways of PTC.",These differentially abundant bacteria could differentiate PTC tumor tissues (PTC-T) from BTN tissues (BTN-T) with an area under the curve (AUC) of 81.66%.,Not found in abstract / unknown,Not found in abstract / unknown,Not found in abstract / unknown,Not found in abstract / unknown,Not found in abstract / unknown,Not found in abstract / unknown,Not found in abstract / unknown,Not found in abstract / unknown
ITB-000835,Integrated analysis of microbiome and host transcriptome revealed correlations between tissue microbiota and tumor progression in early-stage papillary thyroid carcinoma.,Clinical statistics,,,Automatic candidate; requires manual review,"CONCLUSIONS: In addition to characterizing the tissue microbiome and host gene expression in PTC patients, we further explored the roles of microbe-gene/cell interactions in PTC.","The association analysis between microbes and host gene expression were conducted to screen the potential microbe-gene/cell interactions. | A set of differential microbial genera were identified to be significantly associated with the clinical factors, such as Planococcus enriched in tumor tissue, Limnobacter in T1a stage and Cutibacterium in N1b stage. 793 differential expressed genes were also identified, which are mainly enriched with functions related to cell-cell communication and extracellular matrix. | Finally, association analysis identified 5 pairs of microbe-gene association and 1 pair of microbe-cell with significance, which were all involved in the tumorigenesis and tumor progression via inflammation-related pathways.",Not found in abstract / unknown,Not found in abstract / unknown,Not found in abstract / unknown,Not found in abstract / unknown,Not found in abstract / unknown,Not found in abstract / unknown,Not found in abstract / unknown,Not found in abstract / unknown,Not found in abstract / unknown
ITB-000773,Intratumour microbiome associated with the infiltration of cytotoxic CD8+ T cells and patient survival in cutaneous melanoma.,Clinical statistics,,,Automatic candidate; requires manual review,"The purpose of this study was to investigate the association between intratumour bacteria, infiltrating CD8+ T cells and patient survival in cutaneous melanoma. | RESULTS: Patients with low levels of CD8+ T cells have significantly shorter survival than those with high levels. | CONCLUSION: Intratumour-residing gut microbiota could modulate chemokine levels and affect CD8+ T-cell infiltration, consequently influencing patient survival in cutaneous melanoma. | Manipulating the intratumour gut microbiome may benefit patient outcomes for those undergoing immunotherapy.","The purpose of this study was to investigate the association between intratumour bacteria, infiltrating CD8+ T cells and patient survival in cutaneous melanoma. | Correlation between intratumour bacteria and infiltrating CD8+ T cells or chemokine gene expression and survival analysis of infiltrating CD8+ T cells and Lachnoclostridium in cutaneous melanoma were performed. | The adjusted hazard ratio was 1.57 (low vs high) (95% confidence interval: 1.17-2.10, p = 0.002). | Intratumour bacteria of the Lachnoclostridium genus ranked top in a positive association with infiltrating CD8+ T cells (correlation coefficient = 0.38, p = 9.4 × 10-14), followed by Gelidibacter (0.31, p = 1.13 × 10-9), Flammeovirga (0.29, p = 1.96 × 10-8) and Acinetobacter (0.28, p = 8.94 × 10-8). | These intratumour genera positively correlated with chemokine CXCL9, CXCL10 and CCL5 expression. | However, no statistically significant correlation was observed between intratumour Lachnoclostridium abundance and the levels of either NK, B or CD4+ T cells.",Not found in abstract / unknown,Not found in abstract / unknown,Not found in abstract / unknown,Not found in abstract / unknown,Not found in abstract / unknown,Not found in abstract / unknown,Not found in abstract / unknown,Not found in abstract / unknown,Not found in abstract / unknown
ITB-000776,Dietary tryptophan metabolite released by intratumoral Lactobacillus reuteri facilitates immune checkpoint inhibitor treatment.,Clinical statistics,,,Automatic candidate; requires manual review,"The use of probiotics by cancer patients is increasing, including among those undergoing immune checkpoint inhibitor (ICI) treatment. | Finally, we provide evidence for a potential role of I3A in promoting ICI efficacy and survival in advanced melanoma patients.",Not found in abstract / unknown,Not found in abstract / unknown,Not found in abstract / unknown,Not found in abstract / unknown,Not found in abstract / unknown,Not found in abstract / unknown,Not found in abstract / unknown,Not found in abstract / unknown,Not found in abstract / unknown,Not found in abstract / unknown
ITB-000777,The Tumor Microbiome as a Predictor of Outcomes in Patients with Metastatic Melanoma Treated with Immune Checkpoint Inhibitors.,Clinical statistics,,,Automatic candidate; requires manual review,"In this study, we investigated the metastatic melanoma tumor microbiome and its potential roles in association with clinical outcomes, such as survival, in patients with metastatic disease treated with immune checkpoint inhibitors (ICI). | Baseline tumor samples were collected from 71 patients with metastatic melanoma before treatment with ICIs. | The age of the 71 patients with metastatic melanoma ranged from 24 to 83 years, 59% were male, and 55% survived >24 months following the initiation of ICI treatment.","In this study, we investigated the metastatic melanoma tumor microbiome and its potential roles in association with clinical outcomes, such as survival, in patients with metastatic disease treated with immune checkpoint inhibitors (ICI). | These microbes correlated with immune-related gene expression signatures. | SIGNIFICANCE: We analyzed the tumor microbiome and interactions with genes and pathways in metastatic melanoma treated with immunotherapy and identified several microbes associated with immunotherapy response and immune-related gene expression signatures.",Not found in abstract / unknown,Not found in abstract / unknown,Not found in abstract / unknown,Not found in abstract / unknown,Not found in abstract / unknown,Not found in abstract / unknown,Not found in abstract / unknown,Not found in abstract / unknown,Not found in abstract / unknown
ITB-000503,Association of Intratumoral Microbiota with Prognosis in Patients with Lacrimal Gland Tumor.,Clinical statistics,,,Automatic candidate; requires manual review,"Methods: High-throughput 16S rDNA sequencing was performed on tumor DNA extracted from 89 paraffin-embedded tissues from patients with lacrimal gland tumors. | Results: Significant differences in the β diversity of intratumoral microbiota were observed across adenoid cystic carcinoma (ACC), carcinoma ex pleomorphic adenoma (CXPA), pleomorphic adenoma (PA), and IgG4-related disease (IgG4-RD) patients. | After FDR correction, Garicola, Prevotella, Polaribacter, and Helicobacter were notably enriched in the tumors of ACC, CXPA, PA, and IgG4-RD patients, respectively. | Importantly, patients with malignant lacrimal gland tumors who experienced relapse, distant metastasis, or death had significantly higher α diversity within their tumors. | Furthermore, specific genera, such as Roseburia and Alloprevotella, were particularly associated with poorer prognosis in patients with malignant lacrimal gland tumors.","LASSO regression and the Cox proportional hazards models were used to analyze the relationship between intratumoral microbiota and prognosis. | Furthermore, specific genera, such as Roseburia and Alloprevotella, were particularly associated with poorer prognosis in patients with malignant lacrimal gland tumors.",Not found in abstract / unknown,Not found in abstract / unknown,Not found in abstract / unknown,Not found in abstract / unknown,Not found in abstract / unknown,Not found in abstract / unknown,Not found in abstract / unknown,Not found in abstract / unknown,Not found in abstract / unknown
ITB-000101,Analysis of Fusobacterium persistence and antibiotic response in colorectal cancer,Mechanistic studies,Clinical statistics,,Automatic candidate; requires manual review,These observations argue for further investigation of antimicrobial interventions as a potential treatment for patients with Fusobacterium-associated colorectal cancer.,"Here we show that colonization of human colorectal cancers with Fusobacterium and its associated microbiome-including Bacteroides, Selenomonas, and Prevotella species-is maintained in distal metastases, demonstrating microbiome stability between paired primary and metastatic tumors. | In situ hybridization analysis revealed that Fusobacterium is predominantly associated with cancer cells in the metastatic lesions. | Mouse xenografts of human primary colorectal adenocarcinomas were found to retain viable Fusobacterium and its associated microbiome through successive passages. | These observations argue for further investigation of antimicrobial interventions as a potential treatment for patients with Fusobacterium-associated colorectal cancer.",Not found in abstract / unknown,Not found in abstract / unknown,"Here we show that colonization of human colorectal cancers with Fusobacterium and its associated microbiome-including Bacteroides, Selenomonas, and Prevotella species-is maintained in distal metastases, demonstrating microbiome stability between paired primary and metastatic tumors.",Not found in abstract / unknown,Not found in abstract / unknown,"Mouse xenografts of human primary colorectal adenocarcinomas were found to retain viable Fusobacterium and its associated microbiome through successive passages. | Treatment of mice bearing a colon cancer xenograft with the antibiotic metronidazole reduced Fusobacterium load, cancer cell proliferation, and overall tumor growth.",Not found in abstract / unknown,Not found in abstract / unknown,Not found in abstract / unknown
ITB-000320,Towards the human colorectal cancer microbiome.,Unresolved,,,Automatic candidate; requires manual review,"Although inter-individual colonization in CRC patients was variable, tumors consistently formed a niche for Coriobacteria and other proposed probiotic bacterial species, while potentially pathogenic Enterobacteria were underrepresented in tumor tissue.","Therefore, the aim of this study was to provide a first high-resolution map of colonic dysbiosis that is associated with human colorectal cancer (CRC). | As the intestinal microbiota is generally stable during adult life, these findings suggest that CRC-associated physiological and metabolic changes recruit tumor-foraging commensal-like bacteria.",Not found in abstract / unknown,Not found in abstract / unknown,"The results revealed striking differences in microbial colonization patterns between these two sites. | Although inter-individual colonization in CRC patients was variable, tumors consistently formed a niche for Coriobacteria and other proposed probiotic bacterial species, while potentially pathogenic Enterobacteria were underrepresented in tumor tissue.",Not found in abstract / unknown,Not found in abstract / unknown,Not found in abstract / unknown,Not found in abstract / unknown,Not found in abstract / unknown,Not found in abstract / unknown
ITB-000321,Diversified pattern of the human colorectal cancer microbiome.,Clinical statistics,,,Automatic candidate; requires manual review,"FINDINGS: Using pyrosequencing-based molecular monitoring of bacterial 16S rRNA gene from eight tumor/normal tissue pairs of eight Chinese CRC patients, we analyzed and characterized the basic features of the CRC-associated microbiome. | Secondly, in 50% of Chinese CRC patients, we found a significant increase of Roseburia (P = 0.017), and a concurrent decrease of both Microbacterium (P = 0.009) and Anoxybacillus (P = 0.009) in tumor tissue. | Both the over-represented Roseburia bacteria at tumor sites and the over-represented Microbacterium and Anoxybacillus bacteria away from tumor sites were both closely related in Chinese CRC patients.","BACKGROUND: The aim of this study is to expand existing knowledge about the CRC-associated microbiome among Han Chinese, and to further discover the variation pattern of the human CRC microbiome across all population. | FINDINGS: Using pyrosequencing-based molecular monitoring of bacterial 16S rRNA gene from eight tumor/normal tissue pairs of eight Chinese CRC patients, we analyzed and characterized the basic features of the CRC-associated microbiome. | Firstly, we discovered an increasing diversity among tumor-associated bacterial communities. | Across several populations reported in this study and previously, we observed both common and distinctive patterns of human CRC microbiome's association with a high-risk of CRC.",Not found in abstract / unknown,Not found in abstract / unknown,Not found in abstract / unknown,Not found in abstract / unknown,Not found in abstract / unknown,Not found in abstract / unknown,Not found in abstract / unknown,Not found in abstract / unknown,Not found in abstract / unknown
ITB-000322,Tissue-Associated Bacterial Alterations in Rectal Carcinoma Patients Revealed by 16S rRNA Community Profiling.,Clinical statistics,,,Automatic candidate; requires manual review,"Enterotyping analysis divided our cohort into two groups, with the majority of rectal cancer samples clustering into one enterotype, characterized by a greater abundance of Bacteroides and Dorea. | Two Bacteroides fragilis OTUs were more abundant among rectal-cancer patients seen through 16S rRNA amplicon sequencing, whose presence was confirmed by immunohistochemistry and enrichment verified by digital droplet PCR.","Our work is the first to present evidence for a possible role of bacteria such as B. fragilis and the phylum Parcubacteria in rectal cancer, emphasizing the need to study tissue-associated bacteria and specific regions of the gastrointestinal tract in order to better understand the possible links between the microbiota and rectal cancer.",Not found in abstract / unknown,Not found in abstract / unknown,Not found in abstract / unknown,Not found in abstract / unknown,Not found in abstract / unknown,Not found in abstract / unknown,Not found in abstract / unknown,Not found in abstract / unknown,Not found in abstract / unknown
ITB-000323,"Highlights from the Inaugural International Cancer Microbiome Consortium Meeting (ICMC), 5-6 September 2017, London, UK.",Unresolved,,,Automatic candidate; requires manual review,"To conclude, the roundtable discussed how the microbiome may be exploited for therapeutic benefit in cancer and the safety implications of performing such research in oncology patients.",The potential role of the microbiome in the pathogenesis of colorectal cancer was discussed and debated in detail with experts highlighting the latest data in animal models and humans and addressing the question of causation versus association.,Not found in abstract / unknown,Not found in abstract / unknown,Not found in abstract / unknown,Not found in abstract / unknown,Not found in abstract / unknown,Not found in abstract / unknown,Not found in abstract / unknown,Not found in abstract / unknown,Not found in abstract / unknown
ITB-000324,Tumour-associated and non-tumour-associated microbiota in colorectal cancer.,Clinical statistics,,,Automatic candidate; requires manual review,"DESIGN: We prospectively studied the colonic microbiota and the expression of specific host response genes using faecal and mucosal samples ('ON' and 'OFF' the tumour, proximal and distal) from 59 patients undergoing surgery for CRC, 21 individuals with polyps and 56 healthy controls. | RESULTS: The microbiota of patients with CRC differed from that of controls, but alterations were not restricted to the cancerous tissue. | Patients with CRC can be stratified based on higher level structures of mucosal-associated bacterial co-abundance groups (CAGs) that resemble the previously formulated concept of enterotypes.",Patients with CRC can be stratified based on higher level structures of mucosal-associated bacterial co-abundance groups (CAGs) that resemble the previously formulated concept of enterotypes. | CRC-associated CAGs were differentially correlated with the expression of host immunoinflammatory response genes. | CONCLUSIONS: CRC-associated microbiota profiles differ from those in healthy subjects and are linked with distinct mucosal gene-expression profiles.,Not found in abstract / unknown,Not found in abstract / unknown,Not found in abstract / unknown,Not found in abstract / unknown,Not found in abstract / unknown,Not found in abstract / unknown,Not found in abstract / unknown,Not found in abstract / unknown,Not found in abstract / unknown
ITB-000325,"Fusobacterium nucleatum Increases Proliferation of Colorectal Cancer Cells and Tumor Development in Mice by Activating Toll-Like Receptor 4 Signaling to Nuclear Factor-κB, and Up-regulating Expression of MicroRNA-21.",Mechanistic studies,Clinical statistics,,Automatic candidate; requires manual review,Fusobacterium nucleatum DNA in 90 tumor and matched nontumor tissues from patients in China were explored for the expression correlation analysis; levels in 125 tumor tissues from patients in Japan were compared with their survival times. | Levels of F nucleatum DNA and miR21 were increased in tumor tissues (and even more so in advanced tumor tissues) compared with non-tumor colon tissues from patients. | Patients whose tumors had high amounts of F nucleatum DNA and miR21 had shorter survival times than patients whose tumors had lower amounts. | Patients with both high amount of tissue F nucleatum DNA and miR21 demonstrated a higher risk for poor outcomes.,Fusobacterium nucleatum DNA in 90 tumor and matched nontumor tissues from patients in China were explored for the expression correlation analysis; levels in 125 tumor tissues from patients in Japan were compared with their survival times.,Not found in abstract / unknown,Not found in abstract / unknown,"CRC cell lines infected with F nucleatum formed larger tumors, more rapidly, in nude mice than uninfected cells. | Adenomatous polyposis colimin/+ mice gavaged with F nucleatum developed significantly more colorectal tumors than mice given PBS and had shorter survival times.",Not found in abstract / unknown,Not found in abstract / unknown,"We aimed to identify microRNAs (miRNAs) induced by F nucleatum and evaluate their ability to promote colorectal carcinogenesis in mice. | METHODS: Colorectal cancer (CRC) cell lines were incubated with F nucleatum or control reagents and analyzed in proliferation and would healing assays. | HCT116, HT29, LoVo, and SW480 CRC cell lines were incubated with F nucleatum or phosphate-buffered saline (PBS [control]) and analyzed for miRNA expression patterns and in chromatin immunoprecipitation assays. | CRC cells were incubated with F nucleatum or PBS and injected into BALB/C nude mice; growth of xenograft tumors was measured. | C57BL adenomatous polyposis colimin/+, C57BL miR21a-/-, and C57BL mice with full-length miR21a (controls) were given F nucleatum by gavage; some mice were given azoxymethane and dextran sodium sulfate to induce colitis and colon tumors. | Serum samples from mice were analyzed for cytokine levels by enzyme-linked immunosorbent assay. | RESULTS: Fusobacterium nucleatum increased proliferation and invasive activities of CRC cell lines compared with control cells. | CRC cell lines infected with F nucleatum formed larger tumors, more rapidly, in nude mice than uninfected cells. | Adenomatous polyposis colimin/+ mice gavaged with F nucleatum developed significantly more colorectal tumors than mice given PBS and had shorter survival times. | We found several inflammatory factors to be significantly increased in serum from mice given F nucleatum (interleukin 17F, interleukin 21, and interleukin 22, and MIP3A). | Inhibitors of miR21 prevented F nucleatum from inducing cell proliferation and invasion in culture. miR21a-/- mice had a later appearance of fecal blood and diarrhea after administration of azoxymethane and dextran sodium sulfate, and had longer survival times compared with control mice. | The colorectum of miR21a-/- mice had fewer tumors, of smaller size, and the miR21a-/- mice survived longer than control mice. | CONCLUSIONS: We found infection of CRC cells with F nucleatum to increase their proliferation, invasive activity, and ability to form xenograft tumors in mice.",Not found in abstract / unknown,Not found in abstract / unknown,Not found in abstract / unknown
ITB-000327,Intratumoral Fusobacterium nucleatum abundance correlates with macrophage infiltration and CDKN2A methylation in microsatellite-unstable colorectal carcinoma.,Unresolved,,,Automatic candidate; requires manual review,Not found in abstract / unknown,"The clinicopathologic and molecular associations of Fn in MSI-H CRCs were statistically analyzed. | Compared with Fn-low/negative tumors, Fn-high MSI-H CRCs were significantly associated with a high density of CD68+ tumor-infiltrating macrophages (P = 0.019) and promoter CpG island hypermethylation of the CDKN2A (p16) gene (P = 0.008). | There were also tendencies toward associations of Fn-high with the BRAF V600E mutation (P = 0.047) and active Crohn-like lymphoid reactions (P = 0.052) in MSI-H CRCs. | However, Fn-high was not significantly associated with CD3+ T cell density, CD163+ M2 macrophage density or PD-L1 expression status. | In conclusion, high amounts of intratumoral Fn are correlated with increased macrophage infiltration and CDKN2A promoter methylation in MSI-H CRCs.",Not found in abstract / unknown,Not found in abstract / unknown,Not found in abstract / unknown,Not found in abstract / unknown,Not found in abstract / unknown,Not found in abstract / unknown,Not found in abstract / unknown,Not found in abstract / unknown,Not found in abstract / unknown
ITB-000328,Colonic Mucosal Microbiota in Colorectal Cancer: A Single-Center Metagenomic Study in Saudi Arabia.,Clinical statistics,,,Automatic candidate; requires manual review,"BACKGROUND AND AIM: Because genetic and geographic variations in intestinal microbiota are known to exist, the focus of this study was to establish an estimation of microbiota in colorectal cancer (CRC) patients in Saudi Arabia by means of metagenomic studies. | METHODS: From July 2010 to November 2012, colorectal cancer patients attending our hospital were enrolled for the metagenomic studies. | Mucosal microbiota samples were collected from each patient by jet-flushing colonic mucosa with distilled water at unified segments of the colon, followed by aspiration, during colonoscopy. | RESULTS: Metagenomics data on 29 patients (14 females) in the age range 38-77 years were analyzed. | The majority 11 (37%) of our patients were overweight (BMI = 25-30). | Hepatic flexure growth was found in 1 (3%), descending colonic growth was found in 2 (6%), and 4 (13%) patients had transverse colon growth. | This study identified 11 genera specific to colorectal cancer patients when compared to genera in the control group. | CONCLUSION: The current study has given an insight into the microbiota of colorectal cancer patients in Saudi Arabia and has identified various genera significantly present in these patients when compared to those of the control group.",Not found in abstract / unknown,Not found in abstract / unknown,Not found in abstract / unknown,Not found in abstract / unknown,Not found in abstract / unknown,Not found in abstract / unknown,Not found in abstract / unknown,Not found in abstract / unknown,Not found in abstract / unknown,Not found in abstract / unknown
ITB-000329,Differential expression of tumor-associated genes and altered gut microbiome with decreased Akkermansia muciniphila confer a tumor-preventive microenvironment in intestinal epithelial Pten-deficient mice.,Mechanistic studies,,,Automatic candidate; requires manual review,Not found in abstract / unknown,"However, the correlation between Pten deficiency and colon cancer has remained elusive due to numerous opposite observations. | To study this correlation, we examined whether Pten deficiency in intestinal epithelial cells (IECs) induces tumorigenesis. | Tumor-associated gene was evaluated by micro-array analysis. | These findings suggested that altered tumor-associated gene expression and changed gut microbiota shape a tumor-preventive microenvironment to counteract the tumor-driving potential, leading to the tumor prevention in PtenΔIEC/ΔIEC mice.",Not found in abstract / unknown,Not found in abstract / unknown,Not found in abstract / unknown,"Using IEC-specific Pten knockout mice (PtenΔIEC/ΔIEC), we examined the mitotic activity of IECs; and PtenΔIEC/ΔIEC; Apcmin/+ mice were generated by combining PtenΔIEC/ΔIEC with Apcmin/+ mice.",Not found in abstract / unknown,"Using IEC-specific Pten knockout mice (PtenΔIEC/ΔIEC), we examined the mitotic activity of IECs; and PtenΔIEC/ΔIEC; Apcmin/+ mice were generated by combining PtenΔIEC/ΔIEC with Apcmin/+ mice. | Augmented chromatids, increased Ki-67 and PCNA expression, and enhanced Akt activation were identified in IECs of PtenΔIEC/ΔIEC mice compared to Pten+/+ littermate. | However, PtenΔIEC/ΔIEC mice did not develop any tumors. | While maintaining the tumor-driving potential, these data indicated that IEC-Pten deficiency alone did not induce tumorigenesis in mice. | Furthermore, the expression of tumor-promoting and tumor-suppressing genes was decreased and increased, respectively, in the intestine of PtenΔIEC/ΔIEC mice compared to controls. | The abundance of Akkermansia muciniphila, capable of inducing chronic intestinal inflammation, was diminished in PtenΔIEC/ΔIEC mice compared to controls. | These findings suggested that altered tumor-associated gene expression and changed gut microbiota shape a tumor-preventive microenvironment to counteract the tumor-driving potential, leading to the tumor prevention in PtenΔIEC/ΔIEC mice.",Not found in abstract / unknown,Not found in abstract / unknown,Not found in abstract / unknown
ITB-000330,Tumour-associated and non-tumour-associated microbiota: Addendum.,Clinical statistics,,,Automatic candidate; requires manual review,"A TH17 response has been associated with decreased survival in patients with CRC2, and members of the Pathogen CAG such as Fusobacterium nucleatum, Escherichia coli and Bacteroides fragilis have been repeatedly reported to be associated with CRC-development. | In this Addendum we extend our analysis of the at-surgery microbiota to microbiota profiles obtained after surgery for CRC which we analyzed in the context of survival data for patients with CRC.","In a recent study1 we reported that tissue-associated microbial Co-abundance Groups (CAGs) were differentially associated with colorectal cancer (CRC). | Two of the CAGs, which we named Pathogen CAG and Prevotella CAG, were correlated with a gene expression signature indicative of a TH17 response. | A TH17 response has been associated with decreased survival in patients with CRC2, and members of the Pathogen CAG such as Fusobacterium nucleatum, Escherichia coli and Bacteroides fragilis have been repeatedly reported to be associated with CRC-development. | Thus we hypothesized that the abundance of these CAGs may be associated with poor survival. | Surprisingly we found that high tissue-associated abundance of the previously defined Prevotella- and Pathogen-CAGs at surgery was associated with longer survival. | Furthermore, we detected an association of the Bacteroidetes CAG in pre-surgery faecal microbiota with stability of the microbiota after surgery.",Not found in abstract / unknown,Not found in abstract / unknown,Not found in abstract / unknown,Not found in abstract / unknown,Not found in abstract / unknown,Not found in abstract / unknown,Not found in abstract / unknown,Not found in abstract / unknown,Not found in abstract / unknown
ITB-000331,Mucosa-associated microbiota dysbiosis in colitis associated cancer.,Clinical statistics,,,Automatic candidate; requires manual review,"Here we analyzed the bacterial and fungal composition of the mucosa associated microbiota of patients suffering CAC, sporadic cancer (SC) and of healthy subjects (HS) by barcode sequences analysis on the following cohort: 7 CAC patients, 10 SC patients and 10 HS using 16S (MiSeq) and ITS2 (pyrosequencing) sequencing, for bacteria and fungi respectively. | The global mucosa-associated bacterial microbiota in cancer patients was characterized by a restriction in biodiversity but no change for the fungal community. | Although the cohort is limited in number, this is the first evidence of the existence of an altered bacterial microbiota in CAC clearly different from the one in SC patients.","Gut microbiota dysbiosis has been associated with inflammatory bowel diseases (IBD). | However, very little is known on the structure and role of the microbiota in colitis associated cancer (CAC), an important complication of IBD in human. | Here we analyzed the bacterial and fungal composition of the mucosa associated microbiota of patients suffering CAC, sporadic cancer (SC) and of healthy subjects (HS) by barcode sequences analysis on the following cohort: 7 CAC patients, 10 SC patients and 10 HS using 16S (MiSeq) and ITS2 (pyrosequencing) sequencing, for bacteria and fungi respectively. | Mucosa-associated bacterial microbiota in CAC was significantly different from the ones in SC or in HS, while the fungal showed no differences. | Comparison between mucosa-associated microbiota on the tumor site or in normal mucosa near the tumor showed very similar patterns. | The global mucosa-associated bacterial microbiota in cancer patients was characterized by a restriction in biodiversity but no change for the fungal community. | Our study confirms the alteration of the mucosa-associated bacterial microbiota in IBD and SC.",Not found in abstract / unknown,Not found in abstract / unknown,Not found in abstract / unknown,Not found in abstract / unknown,Not found in abstract / unknown,Not found in abstract / unknown,Not found in abstract / unknown,Not found in abstract / unknown,Not found in abstract / unknown
ITB-000333,Microbiota Diversity in Human Colorectal Cancer Tissues Is Associated with Clinicopathological Features.,Clinical statistics,,,Automatic candidate; requires manual review,"AIM: Few evidences are available regarding the link between microbiota composition in the human colorectal cancer (CRC) tissues and the patients' clinicopathological features. | METHODS: Microbiota diversity in CRC tissues (n = 30) were profiled and compared by high-throughput sequencing with clinicopathological features, including tumor location, differentiation degree, metastasis, and CRC patients' gender and age. | Helicobacter spp. in RCa and MPD patients was significantly higher than in LCa and WD patients (P < 0.05). | Firmicutes in non-lymph node metastasis (LNM) patients was significantly lower than in LNM patients (P < 0.05). | CONCLUSION: The different microbiota composition in the CRCs was associated with patients' clinicopathological features, which could be a consequence of microflora diversity.","RESULTS: Many bacteria with significant difference in abundance were identified associated with these clinicopathological features (P 60 years), respectively (P < 0.05). | CONCLUSION: The different microbiota composition in the CRCs was associated with patients' clinicopathological features, which could be a consequence of microflora diversity.",Not found in abstract / unknown,Not found in abstract / unknown,Not found in abstract / unknown,Not found in abstract / unknown,Not found in abstract / unknown,Not found in abstract / unknown,Not found in abstract / unknown,Not found in abstract / unknown,Not found in abstract / unknown
ITB-000334,Microbiota Profile and Impact of Fusobacterium nucleatum in Colorectal Cancer Patients of Barretos Cancer Hospital.,Clinical statistics,,,Automatic candidate; requires manual review,"Moreover, the presence of Fn DNA in CRC tissue was also associated with a worse patient cancer-specific survival (69.9 vs. 82.2% in 5 years; p = 0.028) and overall survival (63.5 vs. 76.5%; p = 0.037). | Here we report, for the first time, the association of F. nucleatum presence with important clinical and molecular features in a Brazilian cohort of CRC patients. | Tumor detection and classification based on the gut microbiome might provide a promising approach to improve the prediction of patient outcome.","Fn DNA in the tumor tissue was significantly associated with proximal tumors (p = 0.001), higher depth of invasion (p = 0.014), higher clinical stages (p = 0.033), poor differentiation (p = 0.011), MSI-positive status (p < 0.0001), BRAF mutated tumors (p < 0.0001), and the loss of expression of mismatch-repair proteins MLH1 (p < 0.0001), MSH2 (p = 0.003), and PMS2 (p < 0.0001). | Moreover, the presence of Fn DNA in CRC tissue was also associated with a worse patient cancer-specific survival (69.9 vs. 82.2% in 5 years; p = 0.028) and overall survival (63.5 vs. 76.5%; p = 0.037). | Here we report, for the first time, the association of F. nucleatum presence with important clinical and molecular features in a Brazilian cohort of CRC patients.",Not found in abstract / unknown,Not found in abstract / unknown,Not found in abstract / unknown,Not found in abstract / unknown,Not found in abstract / unknown,Not found in abstract / unknown,Not found in abstract / unknown,Not found in abstract / unknown,Not found in abstract / unknown
ITB-000335,Neutrophils Restrict Tumor-Associated Microbiota to Reduce Growth and Invasion of Colon Tumors in Mice.,Mechanistic studies,Clinical statistics,,Automatic candidate; requires manual review,"BACKGROUND & AIMS: Neutrophils are among the most prevalent immune cells in the microenvironment of colon tumors; they are believed to promote growth of colon tumors, and their numbers correlate with outcomes of patients with colon cancer. | Trials of inhibitors of neutrophil trafficking are underway in patients with cancer, but it is not clear how neutrophils contribute to colon tumorigenesis.","METHODS: Colitis-associated colon cancer was induced in mice with conditional deletion of neutrophils (LysMCre;Mcl1fl/fl) and wild-type littermates (LysMCre;Mcl1wt/wt, control mice) by administration of azoxythmethane and/or dextran sulfate sodium. | Fecal and tumor-associated microbiota were assessed by 16s ribosomal RNA sequencing. | Neutrophil depletion correlated with increased numbers of bacteria in tumors and proliferation of tumor cells, tumor-cell DNA damage, and an inflammatory response mediated by interleukin 17 (IL17). | CONCLUSIONS: In comparisons of mice with vs without neutrophils, we found neutrophils to slow colon tumor growth and progression by restricting numbers of bacteria and tumor-associated inflammatory responses.",Not found in abstract / unknown,Not found in abstract / unknown,Not found in abstract / unknown,Administration of antibiotics or a neutralizing antibody against IL17 to neutrophil-deficient mice resulted in development of less-invasive tumors compared with mice given vehicle.,Not found in abstract / unknown,"METHODS: Colitis-associated colon cancer was induced in mice with conditional deletion of neutrophils (LysMCre;Mcl1fl/fl) and wild-type littermates (LysMCre;Mcl1wt/wt, control mice) by administration of azoxythmethane and/or dextran sulfate sodium. | Sporadic colon tumorigenesis was assessed in neutrophil-deficient and neutrophil-replete mice with conditional deletion of colon epithelial Apc (Cdx2-CreERT2;Apcfl/fl). | Primary colon tumor tissues from these mice were assessed by histology, RNA sequencing, quantitative polymerase chain reaction, and fluorescence in situ hybridization analyses. | RESULTS: In mice with inflammation-induced and sporadic colon tumors, depletion of neutrophils increased the growth, proliferation, and invasiveness of the tumors. | RNA sequencing analysis identified genes that regulate antimicrobial and inflammatory processes that were dysregulated in neutrophil-deficient colon tumors compared with colon tumors from control mice. | The 16s ribosomal RNA sequencing identified significant differences in the composition of the microbiota between colon tumors from neutrophil-deficient vs control mice. | Administration of antibiotics or a neutralizing antibody against IL17 to neutrophil-deficient mice resulted in development of less-invasive tumors compared with mice given vehicle. | CONCLUSIONS: In comparisons of mice with vs without neutrophils, we found neutrophils to slow colon tumor growth and progression by restricting numbers of bacteria and tumor-associated inflammatory responses.",Not found in abstract / unknown,Not found in abstract / unknown,Not found in abstract / unknown
ITB-000336,Changes in SNAI1 and VIM gene expression in Caco2 cells after cocultivation with bacteria from colorectal cancer biopsies.,Unresolved,,,Automatic candidate; requires manual review,Not found in abstract / unknown,Our data suggest bacteria presented in colorectal carcinoma tissues may cause changes in gene expression of EMT-associated genes.,Not found in abstract / unknown,Not found in abstract / unknown,Not found in abstract / unknown,Not found in abstract / unknown,Not found in abstract / unknown,In the present study we used different types of intracellular bacteria isolated from colorectal cancer biopsies to examine their effect on the expression of SNAI1 and VIM genes in Caco2 cell line.,Not found in abstract / unknown,Not found in abstract / unknown,Not found in abstract / unknown
ITB-000337,International Cancer Microbiome Consortium consensus statement on the role of the human microbiome in carcinogenesis.,Clinical statistics,,,Automatic candidate; requires manual review,"The panel cited the lack of large longitudinal, cohort studies as a principal deciding factor and agreed that this should be a future research priority. | CONCLUSION: Data from longitudinal cohort studies are needed to confirm the role of the human microbiome as a key driver in the aetiopathogenesis of cancer.","RESULTS: Some 18 experts convened for the roundtable discussion and five key questions were identified regarding: (1) the relevance of dysbiosis/an altered gut microbiome to carcinogenesis; (2) potential mechanisms of microbiota-induced carcinogenesis; (3) conceptual frameworks describing how the human microbiome may drive carcinogenesis; (4) causation versus association; and (5) future directions for research in the field.The panel considered that, despite mechanistic and supporting evidence from animal and human studies, there is currently no direct evidence that the human commensal microbiome is a key determinant in the aetiopathogenesis of cancer.",Not found in abstract / unknown,Not found in abstract / unknown,Not found in abstract / unknown,Not found in abstract / unknown,Not found in abstract / unknown,Not found in abstract / unknown,Not found in abstract / unknown,Not found in abstract / unknown,Not found in abstract / unknown
ITB-000338,Abstract 6095: Unique tumor microbiome in microsatellite instability high (MSI-H) colon carcinoma,Unresolved,,,Automatic candidate; requires manual review,Not found in abstract / unknown,In: Proceedings of the Annual Meeting of the American Association for Cancer Research 2020; 2020 Apr 27-28 and Jun 22-24.,Not found in abstract / unknown,Not found in abstract / unknown,Not found in abstract / unknown,Not found in abstract / unknown,Not found in abstract / unknown,Not found in abstract / unknown,Not found in abstract / unknown,Not found in abstract / unknown,Not found in abstract / unknown
ITB-000339,Association of autophagy status with amount of Fusobacterium nucleatum in colorectal cancer.,Clinical statistics,,,Automatic candidate; requires manual review,"Tumour BECN1, MAP1LC3, and SQSTM1 levels were not significantly associated with patient survival (Ptrend > 0.10).","Fusobacterium nucleatum (F. nucleatum), which has been associated with colorectal carcinogenesis, can impair anti-tumour immunity, and actively invade colon epithelial cells. | We conducted multivariable ordinal logistic regression analyses to examine the association of tumour BECN1, MAP1LC3, and SQSTM1 expression with the amount of F. nucleatum, adjusting for potential confounders, including microsatellite instability status; CpG island methylator phenotype; long-interspersed nucleotide element-1 methylation; and KRAS, BRAF, and PIK3CA mutations. | Compared with BECN1-low cases, BECN1-intermediate and BECN1-high cases were associated with lower amounts of F. nucleatum with odds ratios (for a unit increase in three ordinal categories of the amount of F. nucleatum) of 0.54 (95% confidence interval, 0.29-0.99) and 0.31 (95% confidence interval, 0.16-0.60), respectively (Ptrend 0.06). | Tumour BECN1, MAP1LC3, and SQSTM1 levels were not significantly associated with patient survival (Ptrend > 0.10). | In conclusion, tumour BECN1 expression is inversely associated with the amount of F. nucleatum in colorectal cancer tissue, suggesting a possible role of autophagy in the elimination of invasive microorganisms. © 2019 Pathological Society of Great Britain and Ireland.",Not found in abstract / unknown,Not found in abstract / unknown,Not found in abstract / unknown,Not found in abstract / unknown,Not found in abstract / unknown,Not found in abstract / unknown,Not found in abstract / unknown,Not found in abstract / unknown,Not found in abstract / unknown
ITB-000341,Tumor-Associated Microbiota in Proximal and Distal Colorectal Cancer and Their Relationships With Clinical Outcomes.,Clinical statistics,,,Automatic candidate; requires manual review,"In this study, we explored tumor microbiota diversity and composition difference in patients with proximal (N = 187) and distal CRCs (N = 142). | The Kaplan-Meier method was used to analyze the correlation between differential flora and overall survival rate of the patients. | The abundance of Fusobacteria was associated with age of patient, tumor diameter, and tumor microsatellite instability (MSI) status of the patients. | Moreover, Fusobacteria enrichment was associated with poor prognosis especially in patients with proximal colon cancers, but not in patients with distal CRC.","The Kaplan-Meier method was used to analyze the correlation between differential flora and overall survival rate of the patients. | The abundance of Fusobacteria was associated with age of patient, tumor diameter, and tumor microsatellite instability (MSI) status of the patients. | Moreover, Fusobacteria enrichment was associated with poor prognosis especially in patients with proximal colon cancers, but not in patients with distal CRC.",Not found in abstract / unknown,Not found in abstract / unknown,Not found in abstract / unknown,Not found in abstract / unknown,Not found in abstract / unknown,Not found in abstract / unknown,Not found in abstract / unknown,Not found in abstract / unknown,Not found in abstract / unknown
ITB-000343,The Sulfur Microbial Diet and Risk of Colorectal Cancer by Molecular Subtypes and Intratumoral Microbial Species in Adult Men.,Unresolved,,,Automatic candidate; requires manual review,Not found in abstract / unknown,"INTRODUCTION: We recently described the sulfur microbial diet, a pattern of intake associated with increased gut sulfur-metabolizing bacteria and incidence of distal colorectal cancer (CRC). | METHODS: We performed Cox proportional hazards modeling to examine the association between the sulfur microbial diet and incidence of overall and distal CRC by molecular and microbial subtype in the Health Professionals Follow-Up Study (1986-2012). | However, there was a suggestion of an association by prostaglandin synthase 2 (PTGS2) status with a multivariable adjusted hazard ratio for highest vs lowest tertile of sulfur microbial diet scores of 1.31 (95% confidence interval: 0.99-1.74, Ptrend = 0.07, Pheterogeneity = 0.04) for PTGS2-high CRC. | The association of the sulfur microbial diet with distal CRC seemed to differ by the presence of intratumoral Bifidobacterium spp. with an adjusted hazard ratio for highest vs lowest tertile of sulfur microbial diet scores of 1.65 (95% confidence interval: 1.14-2.39, Ptrend = 0.01, Pheterogeneity = 0.03) for Bifidobacterium-negative distal CRC. | DISCUSSION: Greater long-term adherence to the sulfur microbial diet could be associated with PTGS2-high and Bifidobacterium-negative distal CRC in men.",Not found in abstract / unknown,Not found in abstract / unknown,Not found in abstract / unknown,Not found in abstract / unknown,Not found in abstract / unknown,Not found in abstract / unknown,Not found in abstract / unknown,Not found in abstract / unknown,Not found in abstract / unknown
ITB-000344,Differential Mucosal Microbiome Profiles across Stages of Human Colorectal Cancer.,Clinical statistics,,,Automatic candidate; requires manual review,"However, the CRC stage- and spatial-specific bacterial taxa were less investigated, especially in a Chinese cohort, leading to our incomplete understanding of the functional roles of gut microbiota in promoting CRC progression and recurrence.","Moreover, co-occurrence and co-excluding network analysis of these genera showed strong correlations in CRC stage I, which were subsequently reduced in CRC stages II and III.","These biomarkers classified CRC stages I, II and III distinguished from each other with an area under the receiver-operating curve (AUC) > 0.5.",Not found in abstract / unknown,Not found in abstract / unknown,Not found in abstract / unknown,Not found in abstract / unknown,Not found in abstract / unknown,Not found in abstract / unknown,Not found in abstract / unknown,Not found in abstract / unknown
ITB-000345,ANGPTL4-Mediated Promotion of Glycolysis Facilitates the Colonization of Fusobacterium nucleatum in Colorectal Cancer.,Mechanistic studies,Clinical statistics,,Automatic candidate; requires manual review,"Furthermore, overall increased acetylation of histone H3 lysine 27 was observed in F. nucleatum-infected colorectal cancer cells and patient tumors, which was responsible for the corresponding transcriptional upregulation of ANGPTL4.",Not found in abstract / unknown,Not found in abstract / unknown,Not found in abstract / unknown,"However, the mechanisms underlying the colonization of F. nucleatum in colorectal cancer tissue are not yet clarified. | Upregulated ANGPTL4 promoted glucose uptake and glycolysis activity in colorectal cancer cells in vitro and in vivo, which are necessary for the colonization of F. nucleatum. | SIGNIFICANCE: F. nucleatum colonization in colorectal cancer is regulated by ANGPTL4-mediated glycolysis, suggesting that this axis could be targeted for combined repression of F. nucleatum and cancer progression.",Not found in abstract / unknown,Not found in abstract / unknown,"Upregulated ANGPTL4 promoted glucose uptake and glycolysis activity in colorectal cancer cells in vitro and in vivo, which are necessary for the colonization of F. nucleatum.",Not found in abstract / unknown,Not found in abstract / unknown,Not found in abstract / unknown
ITB-000346,Mapping the colorectal tumor microbiota.,Clinical statistics,,,Automatic candidate; requires manual review,"The gut microbiome in patients with colorectal cancer (CRC) is different than that of healthy controls. | To test this hypothesis, seven biopsies were taken from representative areas on and off the tumor in five patients with CRC.",Not found in abstract / unknown,Not found in abstract / unknown,Not found in abstract / unknown,Not found in abstract / unknown,Not found in abstract / unknown,Not found in abstract / unknown,Not found in abstract / unknown,Not found in abstract / unknown,Not found in abstract / unknown,Not found in abstract / unknown
ITB-000347,Metagenomic analysis of formalin-fixed paraffin-embedded tumor and normal mucosa reveals differences in the microbiome of colorectal cancer patients.,Clinical statistics,,,Automatic candidate; requires manual review,We selected a cohort of LS patients that had developed CRC and had undergone surgical resection.,"An increased risk of developing colorectal cancer (CRC) and other types of tumor is associated to Lynch syndrome (LS), an inherited condition caused by germline mutations in mismatch repair genes. | A metagenomic approach enabled the taxonomic and functional identification of the microbial community and associated genes detected in the specimens.",Not found in abstract / unknown,Not found in abstract / unknown,Not found in abstract / unknown,Not found in abstract / unknown,Not found in abstract / unknown,Not found in abstract / unknown,Not found in abstract / unknown,Not found in abstract / unknown,Not found in abstract / unknown
ITB-000348,The Potential of Colonic Tumor Tissue Fusobacterium nucleatum to Predict Staging and Its Interplay with Oral Abundance in Colon Cancer Patients.,Clinical statistics,,,Automatic candidate; requires manual review,METHODS: Thirty-six CC patients were included in the study to assess the Pg and Fn oral and colon tissue abundance by qPCR. | RESULTS: Patients had a greater quantity of Fn in the oral cavity than matched CC and adjacent non-neoplastic mucosa (adj t) tissues (p = 0.004 and p < 0.001).,"The aim of the study was to assess whether the abundance of these odontopathogenic bacteria was associated with colon cancer. | There was an association between the Fn quantity in the oral and CC tissue and a statistically significant relation between the Fn abundance in adenocarcinoma (ADK) and staging (p = 0.016). | CONCLUSION: In our study, Pg was absent in colon tissues but was correlated with the oral inflammation gingival and plaque indices.",Not found in abstract / unknown,Not found in abstract / unknown,Not found in abstract / unknown,Not found in abstract / unknown,Not found in abstract / unknown,Not found in abstract / unknown,Not found in abstract / unknown,Not found in abstract / unknown,Not found in abstract / unknown
ITB-000349,Oral and Intravenous Iron Therapy Differentially Alter the On- and Off-Tumor Microbiota in Anemic Colorectal Cancer Patients.,Clinical statistics,,,Automatic candidate; requires manual review,"Anemic patients with colorectal adenocarcinoma received either oral ferrous sulphate (n = 16) or intravenous ferric carboxymaltose (n = 24). | Off-tumor microbiota of oral iron-treated patients showed higher abundances of the orders Clostridiales, Cytophagales, and Anaeroplasmatales compared to intravenous iron-treated patients. | The on- and off-tumor microbiota associated with intravenous iron-treated patients infers increased abundances of enzymes involved in iron sequestration and anti-inflammatory/oncogenic metabolite production, compared to oral iron-treated patients.","We performed an intervention study to compare oral and intravenous iron therapy on the colonic tumor-associated (on-tumor) and paired non-tumor-associated adjacent (off-tumor) microbiota. | The on- and off-tumor microbiota associated with intravenous iron-treated patients infers increased abundances of enzymes involved in iron sequestration and anti-inflammatory/oncogenic metabolite production, compared to oral iron-treated patients.",Not found in abstract / unknown,Not found in abstract / unknown,Not found in abstract / unknown,Not found in abstract / unknown,Not found in abstract / unknown,Not found in abstract / unknown,Not found in abstract / unknown,Not found in abstract / unknown,Not found in abstract / unknown
ITB-000350,Differences in the On- and Off-Tumor Microbiota between Right- and Left-Sided Colorectal Cancer.,Clinical statistics,,,Automatic candidate; requires manual review,"This study aims to determine differences in the on- and off-tumor microbiota between patients with right- and left-sided colorectal cancer. | Microbiome profiling of tumor and tumor-adjacent biopsies from patients with right-sided (n = 17) and left-sided (n = 7) colorectal adenocarcinoma was performed using 16S ribosomal RNA sequencing. | Off-tumor alpha and beta diversity were significantly different between right- and left-sided colorectal cancer patients. | Patients with left-sided colorectal cancer had large taxonomic differences between their paired on- and off-tumor microbiota, while patients with right-sided colorectal cancer showed relatively fewer taxonomic differences.",Not found in abstract / unknown,Not found in abstract / unknown,Not found in abstract / unknown,Not found in abstract / unknown,Not found in abstract / unknown,Not found in abstract / unknown,Not found in abstract / unknown,Not found in abstract / unknown,Not found in abstract / unknown,Not found in abstract / unknown
ITB-000351,Analysis of changes in microbiome compositions related to the prognosis of colorectal cancer patients based on tissue-derived 16S rRNA sequences.,Clinical statistics,,,Automatic candidate; requires manual review,"METHODS: In the present work, we analyzed 102 microbiome datasets containing tumor- and normal tissue-derived microbiomes obtained from a total of 51 Korean colorectal cancer (CRC) patients using 16S rRNA amplicon sequencing. | Two types of comparisons were used: 'normal versus (vs.) tumor' comparison and 'recurrent vs. nonrecurrent' comparison, for which the prognosis of patients was retrospectively determined. | Surprisingly, in the 'recurrent vs. nonrecurrent' comparison, we observed that these two pathogenic bacteria were more abundant in the patients without recurrence than in the patients with recurrence. | CONCLUSIONS: Taken together, it seems that understanding the composition of tissue microbiomes is useful for predicting the prognosis of CRC patients.","In addition, the amount of these two pathogenic bacteria was positively correlated with the expression levels of host genes involved in the cell cycle and cell proliferation, confirming the association of microbiomes with tumorigenic pathway genes in the host.",Not found in abstract / unknown,Not found in abstract / unknown,Not found in abstract / unknown,Not found in abstract / unknown,Not found in abstract / unknown,Not found in abstract / unknown,Not found in abstract / unknown,Not found in abstract / unknown,Not found in abstract / unknown
ITB-000352,16S rRNA of Mucosal Colon Microbiome and CCL2 Circulating Levels Are Potential Biomarkers in Colorectal Cancer.,Clinical statistics,,,Automatic candidate; requires manual review,"The mucosal colon microbiome and C-C motif chemokine 2 (CCL2) were investigated in 20 healthy controls (HC) and 20 CRC patients using 16S rRNA sequencing and immunoluminescent assay, respectively. | A total of 10 HC subjects were classified as overweight/obese (OW/OB_HC) and 10 subjects were normal weight (NW_HC); 15 CRC patients were classified as OW/OB_CRC and 5 patients were NW_CRC. | Globally, Streptococcus intermedius, Gemella haemolysans, Fusobacterium nucleatum, Bacteroides fragilis and Escherichia coli were significantly increased in CRC patient tumor/lesioned tissue (CRC_LT) and CRC patient unlesioned tissue (CRC_ULT) microbiomes compared to HC microbiomes.","CCL2 circulating levels were associated with tumor presence and with the abundance of Fusobacterium nucleatum, Bacteroides fragilis and Gemella haemolysans.",Not found in abstract / unknown,Not found in abstract / unknown,Not found in abstract / unknown,Not found in abstract / unknown,Not found in abstract / unknown,Not found in abstract / unknown,Not found in abstract / unknown,Not found in abstract / unknown,Not found in abstract / unknown
ITB-000353,Fusobacterium Nucleatum Promotes the Development of Colorectal Cancer by Activating a Cytochrome P450/Epoxyoctadecenoic Acid Axis via TLR4/Keap1/NRF2 Signaling.,Clinical statistics,,,Automatic candidate; requires manual review,"Fusobacterium nucleatum (Fn) plays a crucial role in the development of colorectal cancer, however, whether Fn infection modifies metabolism in patients with colorectal cancer remains unknown. | Here, LC-MS/MS-based lipidomics identified the upregulation of cytochrome P450 monooxygenases, primarily CYP2J2, and their mediated product 12,13-EpOME in patients with colorectal cancer tumors and mouse models, which increased the invasive and migratory ability of colorectal cancer cells in vivo and in vitro by regulating the epithelial-mesenchymal transition (EMT). | Metagenomic sequencing indicated a positive correlation between increased levels of fecal Fn and serum 12,13-EpOME in patients with colorectal cancer. | High levels of CYP2J2 in tumor tissues also correlated with high Fn levels and worse overall survival in patients with stage III/IV colorectal cancer. | Collectively, these data identify that Fn promotes EMT and metastasis in colorectal cancer by activating a TLR4/Keap1/NRF2 axis to increase CYP2J2 and 12,13-EpOME, which could serve as clinical biomarkers and therapeutic targets for Fn-infected patients with colorectal cancer. | SIGNIFICANCE: This study uncovers a mechanism by which Fusobacterium nucleatum regulates colorectal cancer metabolism to drive metastasis, suggesting the potential biomarker and therapeutic utility of the CYP2J2/12,13-EpOME axis in Fn-infected patients.","Metagenomic sequencing indicated a positive correlation between increased levels of fecal Fn and serum 12,13-EpOME in patients with colorectal cancer. | High levels of CYP2J2 in tumor tissues also correlated with high Fn levels and worse overall survival in patients with stage III/IV colorectal cancer.",Not found in abstract / unknown,Not found in abstract / unknown,Not found in abstract / unknown,Not found in abstract / unknown,Not found in abstract / unknown,"Here, LC-MS/MS-based lipidomics identified the upregulation of cytochrome P450 monooxygenases, primarily CYP2J2, and their mediated product 12,13-EpOME in patients with colorectal cancer tumors and mouse models, which increased the invasive and migratory ability of colorectal cancer cells in vivo and in vitro by regulating the epithelial-mesenchymal transition (EMT).",Not found in abstract / unknown,Not found in abstract / unknown,Not found in abstract / unknown
ITB-000354,Colorectal Tumour Mucosa Microbiome Is Enriched in Oral Pathogens and Defines Three Subtypes That Correlate with Markers of Tumour Progression.,Clinical statistics,,,Automatic candidate; requires manual review,"We performed 16S rRNA gene sequencing of paired tumour tissue, adjacent visually normal mucosa and stool swabs of 178 patients with stage 0-IV CRC to describe the tumour microbiome and its association with clinical variables. | Based on the tumour microbiome, we stratified CRC patients into three subtypes, significantly associated with prognostic factors such as tumour grade, sidedness and TNM staging, BRAF mutation and MSI status.","Even though the shifts in gut microbiome in the normal-adenoma-carcinoma sequence were described, the landscape of the microbiome within CRC and its associations with clinical variables remain under-explored. | We performed 16S rRNA gene sequencing of paired tumour tissue, adjacent visually normal mucosa and stool swabs of 178 patients with stage 0-IV CRC to describe the tumour microbiome and its association with clinical variables. | We identified new genera associated either with CRC tumour mucosa or CRC in general. | Based on the tumour microbiome, we stratified CRC patients into three subtypes, significantly associated with prognostic factors such as tumour grade, sidedness and TNM staging, BRAF mutation and MSI status. | We found that the CRC microbiome is strongly correlated with the grade, location and stage, but these associations are dependent on the microbial environment.",Not found in abstract / unknown,Not found in abstract / unknown,Not found in abstract / unknown,Not found in abstract / unknown,Not found in abstract / unknown,Not found in abstract / unknown,Not found in abstract / unknown,Not found in abstract / unknown,Not found in abstract / unknown
ITB-000355,Diagnosis and functional prediction of microbial markers in tumor tissues of sporadic colorectal cancer patients associated with the MLH1 protein phenotype.,Clinical statistics,,,Automatic candidate; requires manual review,"OBJECTIVE: Most patients with sporadic colorectal cancer (SCRC) develop microsatellite instability because of defects in mismatch repair (MMR). | RESULTS: The study included 23 patients with negative/defective MLH1 (DM group) and 22 patients with positive/intact MLH1 (IM group). | CONCLUSION: In conclusion, the genera Lachnoclostridium and Coprococcus as key species may be crucial biomarkers for non-invasive diagnostic prediction of DM in patients with SCRC in the future.",Not found in abstract / unknown,"We aimed to construct a high-accuracy model to detect and evaluate the area under the receiver operating characteristic curve with candidate biomarkers. | On the basis of the model of diagnostic prediction, we built a simplified optimal model through stepwise selection, consisting of the top two bacterial candidate markers (area under the curve = 0.93).",Not found in abstract / unknown,Not found in abstract / unknown,Not found in abstract / unknown,Not found in abstract / unknown,Not found in abstract / unknown,Not found in abstract / unknown,Not found in abstract / unknown,Not found in abstract / unknown
ITB-000356,Dysbiosis of human tumor microbiome and aberrant residence of Actinomyces in tumor-associated fibroblasts in young-onset colorectal cancer.,Clinical statistics,,,Automatic candidate; requires manual review,"The colonic microbiome differs between patients with CRC and healthy controls; however, few studies have investigated the role of the tumor microbiota in disease diagnosis and tumorigenesis of yCRC. | An independent cohort was used to validate the results.","Correlation analysis revealed that Actinomyces co-occurred with various pro-tumor microbial taxa, including Bacteroidia, Gammaproteobacteria, and Pseudomonas. | The Actinomyces in CRC was co-localized with cancer-associated fibroblasts and activated the TLR2/NF-κB pathway and reduces CD8+ T lymphocyte infiltration in CRC microenvironment.",Not found in abstract / unknown,Not found in abstract / unknown,Not found in abstract / unknown,Not found in abstract / unknown,Not found in abstract / unknown,Not found in abstract / unknown,Not found in abstract / unknown,Not found in abstract / unknown,Not found in abstract / unknown
ITB-000357,"EGFR-targeted bacteriophage lambda penetrates model stromal and colorectal carcinoma tissues, is taken up into carcinoma cells, and interferes with 3-dimensional tumor formation.",Unresolved,,,Automatic candidate; requires manual review,Not found in abstract / unknown,Not found in abstract / unknown,Not found in abstract / unknown,Not found in abstract / unknown,Not found in abstract / unknown,Not found in abstract / unknown,Not found in abstract / unknown,Not found in abstract / unknown,Not found in abstract / unknown,Not found in abstract / unknown,Not found in abstract / unknown
ITB-000360,Metagenomics analysis of cultured mucosal bacteria from colorectal cancer and adjacent normal mucosal tissues.,Clinical statistics,,,Automatic candidate; requires manual review,"Twenty-eight paired tumour and non-tumour tissues from 14 patients undergoing surgery for CRC were analysed. | Myroides odoratimimus and Cellulophaga baltica could be isolated from all the tumour samples of 14 CRC patients, suggesting that these species may be related to tumour occurrence and development.",Not found in abstract / unknown,Not found in abstract / unknown,Not found in abstract / unknown,Not found in abstract / unknown,Not found in abstract / unknown,Not found in abstract / unknown,Not found in abstract / unknown,Not found in abstract / unknown,Not found in abstract / unknown,Not found in abstract / unknown
ITB-000361,Live attenuated bacterium limits cancer resistance to CAR-T therapy by remodeling the tumor microenvironment.,Unresolved,,,Automatic candidate; requires manual review,Not found in abstract / unknown,Not found in abstract / unknown,Not found in abstract / unknown,Not found in abstract / unknown,Not found in abstract / unknown,Not found in abstract / unknown,Not found in abstract / unknown,"In this study, we demonstrated that Bm∆vjbR homed to tumor tissue and improved the TME in a murine model of solid cancer. | In a murine colon adenocarcinoma model, when combined with adoptive transfer of tumor-specific carcinoembryonic antigen chimeric antigen receptor CD8+ T cells, tumor cell growth and proliferation was almost completely abrogated, and host survival was 100%.",Not found in abstract / unknown,Not found in abstract / unknown,Not found in abstract / unknown
ITB-000362,Fusobacterium nucleatum promotes colorectal cancer cells adhesion to endothelial cells and facilitates extravasation and metastasis by inducing ALPK1/NF-κB/ICAM1 axis.,Clinical statistics,,,Automatic candidate; requires manual review,"Metastasis is the leading cause of death for colorectal cancer (CRC) patients, and the spreading tumor cells adhesion to endothelial cells is a critical step for extravasation and further distant metastasis. | Interestingly, the abundance of F. nucleatum in tumor tissues of CRC patients was positively associated with the expression levels of ALPK1 and ICAM1. | Moreover, high expression of ALPK1 or ICAM1 was significantly associated with a shorter overall survival time of CRC patients.","Interestingly, the abundance of F. nucleatum in tumor tissues of CRC patients was positively associated with the expression levels of ALPK1 and ICAM1. | Moreover, high expression of ALPK1 or ICAM1 was significantly associated with a shorter overall survival time of CRC patients.",Not found in abstract / unknown,Not found in abstract / unknown,Not found in abstract / unknown,Not found in abstract / unknown,Not found in abstract / unknown,Not found in abstract / unknown,Not found in abstract / unknown,Not found in abstract / unknown,Not found in abstract / unknown
ITB-000363,Accuracy and Clinical Relevance of Intra-Tumoral Fusobacterium nucleatum Detection in Formalin-Fixed Paraffin-Embedded (FFPE) Tissue by Droplet Digital PCR (ddPCR) in Colorectal Cancer.,Clinical statistics,,,Automatic candidate; requires manual review,"We evaluated the detection accuracy and clinical relevance of Fn DNA by ddPCR in a molecularly characterized, formalin-fixed, paraffin-embedded (FFPE) CRC cohort previously analyzed by qPCR for Fn levels. | The measures of accuracy for Fn status compared to the prior results generated by qPCR and the association with clinicopathological and molecular patients' features were also evaluated. | Fn DNA were detected in 20.1% of cases and further classified as Fn-high and Fn-low/negative, according to the median amount of Fn DNA that were detected in all cases and associated with the patient's worst prognosis.","The measures of accuracy for Fn status compared to the prior results generated by qPCR and the association with clinicopathological and molecular patients' features were also evaluated. | Fn DNA were detected in 20.1% of cases and further classified as Fn-high and Fn-low/negative, according to the median amount of Fn DNA that were detected in all cases and associated with the patient's worst prognosis.",Not found in abstract / unknown,Not found in abstract / unknown,Not found in abstract / unknown,Not found in abstract / unknown,Not found in abstract / unknown,Not found in abstract / unknown,Not found in abstract / unknown,Not found in abstract / unknown,Not found in abstract / unknown
ITB-000364,Tumor Necrosis Factor-α-Induced Protein 8-Like 2 Fosters Tumor-Associated Microbiota to Promote the Development of Colorectal Cancer.,Clinical statistics,,,Automatic candidate; requires manual review,"Here, we found that a member of the TNFα-induced protein 8 (TNFAIP8) family called TIPE2 (TNFAIP8-like 2) was significantly upregulated in murine intestinal tumors and in human colorectal cancer, and colorectal cancer with high expression of Tipe2 mRNA associated with reduced survival time of patients.","Here, we found that a member of the TNFα-induced protein 8 (TNFAIP8) family called TIPE2 (TNFAIP8-like 2) was significantly upregulated in murine intestinal tumors and in human colorectal cancer, and colorectal cancer with high expression of Tipe2 mRNA associated with reduced survival time of patients.",Not found in abstract / unknown,Not found in abstract / unknown,Not found in abstract / unknown,Not found in abstract / unknown,Not found in abstract / unknown,"Here, we found that a member of the TNFα-induced protein 8 (TNFAIP8) family called TIPE2 (TNFAIP8-like 2) was significantly upregulated in murine intestinal tumors and in human colorectal cancer, and colorectal cancer with high expression of Tipe2 mRNA associated with reduced survival time of patients. | Consistent with these findings, TIPE2 deficiency significantly inhibited the development of colorectal cancer in mice treated with azoxymethane/dextran sodium sulfate and in Apcmin/+ mice. | Transplantation of TIPE2-deficient bone marrow into wild-type mice successfully dampened the latter's tumorigenic phenotype, indicating a hematopoietic-specific role for TIPE2.",Not found in abstract / unknown,Not found in abstract / unknown,Not found in abstract / unknown
ITB-000365,"Tumor tissue-specific bacterial biomarker panel for colorectal cancer: Bacteroides massiliensis, Alistipes species, Alistipes onderdonkii, Bifidobacterium pseudocatenulatum, Corynebacterium appendicis.",Clinical statistics,,,Automatic candidate; requires manual review,We aimed to decipher the microbial signature in tumor tissues from North Indian CRC patients.,The expression profile analysis deciphered a decreased diversity among the tumor-associated microbial communities.,Not found in abstract / unknown,Not found in abstract / unknown,Not found in abstract / unknown,Not found in abstract / unknown,Not found in abstract / unknown,Not found in abstract / unknown,Not found in abstract / unknown,Not found in abstract / unknown,Not found in abstract / unknown
ITB-000366,Effect of the intratumoral microbiota on spatial and cellular heterogeneity in cancer.,Technical methods,Clinical statistics,,Automatic candidate; requires manual review,"We adapted 10x Visium spatial transcriptomics to determine the identity and in situ location of intratumoral microbial communities within patient tissues. | We developed a single-cell RNA-sequencing method that we name INVADEseq (invasion-adhesion-directed expression sequencing) and, by applying this to patient tumours, identify cell-associated bacteria and the host cells with which they interact, as well as uncovering alterations in transcriptional pathways that are involved in inflammation, metastasis, cell dormancy and DNA repair.","The tumour-associated microbiota is an intrinsic component of the tumour microenvironment across human cancer types1,2. | Using GeoMx digital spatial profiling6, we show that bacterial communities populate microniches that are less vascularized, highly immuno‑suppressive and associated with malignant cells with lower levels of Ki-67 as compared to bacteria-negative tumour regions. | We developed a single-cell RNA-sequencing method that we name INVADEseq (invasion-adhesion-directed expression sequencing) and, by applying this to patient tumours, identify cell-associated bacteria and the host cells with which they interact, as well as uncovering alterations in transcriptional pathways that are involved in inflammation, metastasis, cell dormancy and DNA repair.",Not found in abstract / unknown,Not found in abstract / unknown,Not found in abstract / unknown,Not found in abstract / unknown,Not found in abstract / unknown,Not found in abstract / unknown,"We developed a single-cell RNA-sequencing method that we name INVADEseq (invasion-adhesion-directed expression sequencing) and, by applying this to patient tumours, identify cell-associated bacteria and the host cells with which they interact, as well as uncovering alterations in transcriptional pathways that are involved in inflammation, metastasis, cell dormancy and DNA repair.",Not found in abstract / unknown,Not found in abstract / unknown
ITB-000367,The cancer chemotherapeutic 5-fluorouracil is a potent Fusobacterium nucleatum inhibitor and its activity is modified by intratumoral microbiota.,Clinical statistics,,,Automatic candidate; requires manual review,"Fusobacterium nucleatum (Fn) is a dominant bacterial species in colorectal cancer (CRC) tissue that is associated with cancer progression and poorer patient prognosis. | Lastly, we demonstrate that ex vivo patient CRC tumor microbiota undergo community disruption after 5-FU exposure and have the potential to deplete 5-FU levels, reducing local drug efficacy. | Together, these observations argue for further investigation into the role of the CRC intratumoral microbiota in patient response to chemotherapy.",Fusobacterium nucleatum (Fn) is a dominant bacterial species in colorectal cancer (CRC) tissue that is associated with cancer progression and poorer patient prognosis.,Not found in abstract / unknown,Not found in abstract / unknown,Not found in abstract / unknown,Not found in abstract / unknown,Not found in abstract / unknown,Not found in abstract / unknown,Not found in abstract / unknown,Not found in abstract / unknown,Not found in abstract / unknown
ITB-000368,Identification of Streptococcus gallolyticus in tumor samples of Iranian patients diagnosed with colorectal cancer.,Clinical statistics,,,Automatic candidate; requires manual review,"We aimed to determine the prevalence of S. gallolyticus in tumor specimens obtained from Iranian patients diagnosed with colorectal cancer. | Polymerase chain reaction was used to confirm the presence of S. gallolyticus in patients' tissue samples. | RESULTS: Of 176 patients, 65 were diagnosed with colorectal cancer whereas 111 did not have any colon disease. | Overall, 72 (40%) patients carried S. gallolyticus; only 29% of the patients without colorectal cancer were positive for S. gallolyticus. | Among the patients with colorectal cancer, 39 (60%) were positive with S. gallolyticus (P = 0.006) whereas 33 of 111 (29.7%) control subjects were positive for S. gallolyticus (P > 0.05); thus, 70.3% of the control subjects were not infected with S. gallolyticus. | We found a high prevalence of S. gallolyticus among an Iranian cohort of patients with colorectal cancer.","No correlation was found between age, colonization with S. gallolyticus, gender, or risk factors. | Diagnosis of colorectal cancer and presence of S. gallolyticus significantly correlated (P = 0.006; odds ratio = 1.46; 95% CI = 1.21-3.87). | Despite previous reports, we report a positive correlation between colorectal cancer and S. gallolyticus colonization.",Not found in abstract / unknown,Not found in abstract / unknown,"No correlation was found between age, colonization with S. gallolyticus, gender, or risk factors. | Despite previous reports, we report a positive correlation between colorectal cancer and S. gallolyticus colonization.",Not found in abstract / unknown,Not found in abstract / unknown,Not found in abstract / unknown,Not found in abstract / unknown,Not found in abstract / unknown,Not found in abstract / unknown
ITB-000369,Luminal and Tumor-Associated Gut Microbiome Features Linked to Precancerous Lesions Malignancy Risk: A Compositional Approach.,Clinical statistics,,,Automatic candidate; requires manual review,Paired stool and tumor brush biopsy samples were collected from 50 patients with precancerous lesions and early forms of colon cancer; their microbial communities were profiled using high-throughput 16S rRNA sequencing.,"Identification of specific bacterial taxa associated with early stages of colorectal cancer may help develop effective microbiome-based diagnostics. | For precancerous lesions, links of their characteristics to luminal and tumor-associated microbiome composition are to be elucidated. | Compositionality-aware statistical analysis of microbiome composition revealed its associations with the number of lesions, lesion type, location and malignization pathway. | A major determinant of precancerous lesions malignancy risk-the number of lesions-was positively associated with the abundance of H2S-producing taxa.",Not found in abstract / unknown,Not found in abstract / unknown,Not found in abstract / unknown,Not found in abstract / unknown,Not found in abstract / unknown,Not found in abstract / unknown,Not found in abstract / unknown,Not found in abstract / unknown,Not found in abstract / unknown
ITB-000370,Whole-Transcriptome Sequencing Reveals Characteristics of Cancer Microbiome in Korean Patients with GI Tract Cancer: Fusobacterium nucleatum as a Therapeutic Target.,Clinical statistics,,,Automatic candidate; requires manual review,"To ensure ethnic consistency, Korean patients with GI tract cancer were selected.",Not found in abstract / unknown,Not found in abstract / unknown,Not found in abstract / unknown,Not found in abstract / unknown,Not found in abstract / unknown,Not found in abstract / unknown,Not found in abstract / unknown,Not found in abstract / unknown,Not found in abstract / unknown,Not found in abstract / unknown
ITB-000371,Elucidating colorectal cancer-associated bacteria through profiling of minimally perturbed tissue-associated microbiota.,Clinical statistics,,,Automatic candidate; requires manual review,"In this study, we evaluated the viability of identifying CRC-associated mucosal bacteria through centimeter-scale profiling of the microbiota in tumors and adjacent noncancerous tissue from eleven patients who underwent colonic resection without preoperative bowel preparation. | High-throughput 16S rRNA gene sequencing revealed that differences between on- and off-tumor microbiota varied considerably among patients. | For some patients, phylotypes affiliated with genera previously implicated in colorectal carcinogenesis, as well as genera with less well-understood roles in CRC, were enriched in tumor tissue, whereas for other patients, on- and off-tumor microbiota were very similar. | This is one of the first studies to analyze largely unperturbed mucosal microbiota in tissue samples from the resected colons of unprepped CRC patients. | Future studies with larger cohorts are expected to clarify the causes and consequences of the observed variability in the emergence of tumor-localized microbiota among patients.","Sequencing-based interrogation of gut microbiota is a valuable approach for detecting microbes associated with colorectal cancer (CRC); however, such studies are often confounded by the effect of bowel preparation. | In this study, we evaluated the viability of identifying CRC-associated mucosal bacteria through centimeter-scale profiling of the microbiota in tumors and adjacent noncancerous tissue from eleven patients who underwent colonic resection without preoperative bowel preparation. | Notably, the enrichment of phylotypes in tumor-associated mucosa was highly localized and no longer apparent even a few centimeters away from the tumor.",Not found in abstract / unknown,Not found in abstract / unknown,Not found in abstract / unknown,Not found in abstract / unknown,Not found in abstract / unknown,Not found in abstract / unknown,Not found in abstract / unknown,Not found in abstract / unknown,Not found in abstract / unknown
ITB-000372,Interaction between intratumoral microbiota and tumor mediates the response of neoadjuvant therapy for rectal cancer.,Clinical statistics,,,Automatic candidate; requires manual review,BACKGROUND: Previous observations have demonstrated that the response to neoadjuvant chemoradiotherapy (nCRT) is highly variable in patients with locally advanced rectal cancer (LARC). | METHODS: We explored the microbial profiles in the tumor microenvironment of LARC using RNA-seq data from a published European cohort.,"Twelve differential microbes were discovered between the pCR and non-pCR groups, six of which were related to subclusters of cancer-associated fibroblasts (CAFs) associated with extracellular matrix formation.","A microbial risk score based on the relative abundance of seven differential microbes had predictive value for the nCRT response (AUC = 0.820, p < 0.001).",Not found in abstract / unknown,Not found in abstract / unknown,Not found in abstract / unknown,Not found in abstract / unknown,Not found in abstract / unknown,Not found in abstract / unknown,Not found in abstract / unknown,Not found in abstract / unknown
ITB-000373,Racial disparities in metastatic colorectal cancer outcomes revealed by tumor microbiome and transcriptome analysis with bevacizumab treatment.,Clinical statistics,,,Automatic candidate; requires manual review,"The racial variations in the molecular and microbiological profiles of mCRC patients, however, remain under-explored. | Also, we independently acquired samples from 12 mCRC patients, specifically, 6 White individuals and 6 of Black or African American descent. | Results: Our study revealed notable racial disparities in the molecular signatures and microbiota profiles of mCRC patients.","Background: Metastatic colorectal cancer (mCRC) is a heterogeneous disease, often associated with poor outcomes and resistance to therapies. | Particularly, the bacteria Helicobacter cinaedi and Sphingobium herbicidovorans emerged as significant influencers, with strong correlations to the genes SELENBP1 and SNORA38, respectively. | The identified correlations between specific bacteria and genes highlight potential avenues for targeted therapies and a more personalized therapeutic approach.",Not found in abstract / unknown,Not found in abstract / unknown,Not found in abstract / unknown,Not found in abstract / unknown,Not found in abstract / unknown,Not found in abstract / unknown,Not found in abstract / unknown,Not found in abstract / unknown,Not found in abstract / unknown
ITB-000374,Tumor microbiome analysis provides prognostic value for patients with stage III colorectal cancer.,Clinical statistics,,,Automatic candidate; requires manual review,"INTRODUCTION: Although patients with colorectal cancer (CRC) can receive optimal treatment, the risk of recurrence remains. | This study aimed to evaluate whether the tumor microbiome can be a predictor of recurrence in patients with stage III CRC. | METHODS: Using 16S rRNA gene sequencing, we analyzed the microbiomes of tumor and adjacent tissues acquired during surgery in 65 patients with stage III CRC and evaluated the correlation of the tissue microbiome with CRC recurrence. | Additionally, the tumor tissue microbiome data of 71 patients with stage III CRC from another center were used as a validation set. | Logistic regression analysis revealed that a recurrence prediction model including tumor tissue microbiome data had a better prediction performance than clinical factors (area under the curve [AUC] 0.846 vs. 0.679, p = 0.009), regardless of sex (male patients: AUC 0.943 vs. 0.818, p = 0.043; female patients: AUC 0.885 vs. 0.590, p = 0.017). | When this prediction model was applied to the validation set, it had a higher AUC value than clinical factors in female patients. | CONCLUSION: Our results suggest that the tumor microbiome of patients with CRC be a potential predictor of postoperative disease recurrence.","METHODS: Using 16S rRNA gene sequencing, we analyzed the microbiomes of tumor and adjacent tissues acquired during surgery in 65 patients with stage III CRC and evaluated the correlation of the tissue microbiome with CRC recurrence.","Logistic regression analysis revealed that a recurrence prediction model including tumor tissue microbiome data had a better prediction performance than clinical factors (area under the curve [AUC] 0.846 vs. 0.679, p = 0.009), regardless of sex (male patients: AUC 0.943 vs. 0.818, p = 0.043; female patients: AUC 0.885 vs. 0.590, p = 0.017). | When this prediction model was applied to the validation set, it had a higher AUC value than clinical factors in female patients.",Not found in abstract / unknown,Not found in abstract / unknown,Not found in abstract / unknown,Not found in abstract / unknown,Not found in abstract / unknown,Not found in abstract / unknown,Not found in abstract / unknown,Not found in abstract / unknown
ITB-000376,Multi-Omics Analysis Reveals Intratumor Microbes as Immunomodulators in Colorectal Cancer.,Clinical statistics,,,Automatic candidate; requires manual review,"Additionally, we found that Clostridium was enriched in CRC patients who were nonsensitive to immune checkpoint blockade (ICB) therapy. | Our findings highlight the crucial role of intratumor microbes in affecting immune-cell infiltration patterns, prognosis, and therapy response of CRC and provide insights for improving current immunotherapeutic treatment strategies and prognosis for CRC patients. | IMPORTANCE Using the multi-omics data from The Cancer Genome Atlas (TCGA) colorectal cancer (CRC) cohort, we estimated the tumor microenvironment (TME) infiltration patterns of patients and unraveled the interplay of gene expression, epigenetic modification, and the intratumor microbiome.","Multiple tumor-infiltrating immune cells (TIICs) and immune-related genes were associated with intratumor microbial abundance. | We further provided clues that the intratumor microbes might influence the response to ICB therapy by mediating TIICs, especially MAIT (mucosa-associated invariant T) cells. | Finally, three ICB-related TIICs and 22 of their associated microbes showed the potential to predict the response to ICB therapy (area under the receiver operating characteristic curve [AUC] = 89%). | We identified a set of combined features, including 3 ICB-related tumor-infiltrating immune cells (TIICs) and 22 of their associated microbes, that are predictive of ICB responses.","Finally, three ICB-related TIICs and 22 of their associated microbes showed the potential to predict the response to ICB therapy (area under the receiver operating characteristic curve [AUC] = 89%).",Not found in abstract / unknown,Not found in abstract / unknown,Not found in abstract / unknown,Not found in abstract / unknown,Not found in abstract / unknown,Not found in abstract / unknown,Not found in abstract / unknown,Not found in abstract / unknown
ITB-000377,"The Colorectal Cancer Microbiota Alter Their Transcriptome To Adapt to the Acidity, Reactive Oxygen Species, and Metabolite Availability of Gut Microenvironments.",Mechanistic studies,Clinical statistics,,Automatic candidate; requires manual review,"In this pilot study, we sequenced fecal metatranscriptomes of 10 non-CRC and 10 CRC patient gut microbiomes and conducted differential gene expression analyses to assess any changed functionality in disease. | We report that oxidative stress responses were the dominant activity across cohorts, an overlooked protective housekeeping role of the human gut microbiome. | Moreover, microbes promoted transcription of genes involved in metabolism of several beneficial metabolites, suggesting their contribution to patient metabolite deficiencies previously solely attributed to tumor cells.",Not found in abstract / unknown,Not found in abstract / unknown,Not found in abstract / unknown,"CRC microbes enhanced expression of genes for host colonization, biofilm formation, genetic exchange, virulence determinants, antibiotic, and acid resistances. | We observed a greater activation of expression of genes involved in virulence, host colonization, exchange of genetic material, metabolite utilization, defense against antibiotics, and environmental pressures.",Not found in abstract / unknown,Not found in abstract / unknown,"We showed in vitro that expression of genes involved in amino acid-dependent acid resistance mechanisms of meta-gut Escherichia coli responded differently to acid, salt, and oxidative pressures under aerobic conditions. | Here, for the first time, we demonstrate that the activity of microbial genomes is regulated by the health status of the gut in vivo and in vitro and provides new insights for shifts in microbial gene expression in colorectal cancer.",Not found in abstract / unknown,Not found in abstract / unknown,Not found in abstract / unknown
ITB-000378,The intratumor microbiome is associated with microsatellite instability.,Clinical statistics,,,Automatic candidate; requires manual review,"Among 451 CRC patients, our key finding was strong associations of multiple CRC-associated genera, including Dialister and Casatella, with MSI. | Diversity of oral cavity-originating microbes was also associated with MSI among CRC and stomach adenocarcinoma patients.","Microsatellite instability (MSI) is associated with higher tumor immunity and mutational burden. | Using whole transcriptome and whole genome sequencing microbial abundance data, we investigated associations of intratumoral microbes with MSI, survival, and MSI-relevant tumor molecular characteristics across multiple cancer types including colorectal cancer (CRC), stomach adenocarcinoma, and endometrial carcinoma. | Among 451 CRC patients, our key finding was strong associations of multiple CRC-associated genera, including Dialister and Casatella, with MSI. | Dialister and Casatella abundance was associated with improved overall survival (hazard ratiomortality = 0.56, 95% confidence interval = 0.34 to 0.92, and hazard ratiomortality = 0.44, 95% confidence interval = 0.27 to 0.72), respectively, comparing higher relative to lower quantiles. | Multiple intratumor microbes were associated with immune genes and tumor mutational burden. | Diversity of oral cavity-originating microbes was also associated with MSI among CRC and stomach adenocarcinoma patients.",Not found in abstract / unknown,Not found in abstract / unknown,Not found in abstract / unknown,Not found in abstract / unknown,Not found in abstract / unknown,Not found in abstract / unknown,Not found in abstract / unknown,Not found in abstract / unknown,Not found in abstract / unknown
ITB-000380,Colon Cancer Microbiome Landscaping: Differences in Right- and Left-Sided Colon Cancer and a Tumor Microbiome-Ileal Microbiome Association.,Clinical statistics,,,Automatic candidate; requires manual review,"Our prospective study aimed to map the colon cancer landscape using 16S rRNA amplicon sequencing in biopsy samples from the terminal ileum, healthy colon tissue, healthy rectal tissue and tumor tissue as well as in preoperative and postoperative stool samples of 41 patients. | Our analysis revealed the following: (i) right- and left-sided colon cancers harbor distinct and diverse microbiomes, (ii) the tumor microbiome leads to a more consistent cancer-defined microbiome between locations and reveals a tumor microbiome-ileal microbiome association, (iii) the stool only partly reflects the microbiome landscape in patients with CC, and (iv) mechanical bowel preparation and perioperative antibiotics together with surgery result in major changes in the stool microbiome, characterized by a significant increase in the abundance of potentially pathogenic bacteria, such as Enterococcus. | Collectively, our results provide new and valuable insights into the complex microbiome landscape in patients with colon cancer.","Our analysis revealed the following: (i) right- and left-sided colon cancers harbor distinct and diverse microbiomes, (ii) the tumor microbiome leads to a more consistent cancer-defined microbiome between locations and reveals a tumor microbiome-ileal microbiome association, (iii) the stool only partly reflects the microbiome landscape in patients with CC, and (iv) mechanical bowel preparation and perioperative antibiotics together with surgery result in major changes in the stool microbiome, characterized by a significant increase in the abundance of potentially pathogenic bacteria, such as Enterococcus.",Not found in abstract / unknown,Not found in abstract / unknown,Not found in abstract / unknown,Not found in abstract / unknown,Not found in abstract / unknown,Not found in abstract / unknown,Not found in abstract / unknown,Not found in abstract / unknown,Not found in abstract / unknown
ITB-000381,Levels of systemic inflammation response index are correlated with tumor-associated bacteria in colorectal cancer.,Clinical statistics,,,Automatic candidate; requires manual review,"The primary aim of this study was to investigate the prognostic effects of the systemic inflammation response index (SIRI) on the survival outcomes of CRC patients who experienced surgical therapy, and the second aim was to reveal the potential association between SIRI levels and tumor-associated bacteria in CRC. | We recruited a cohort of 298 CRC patients who experienced surgical resection in Wuhan Union Hospital. | These patients were assigned to the low and high groups based on the cut-off value of SIRI. | Survival analysis uncovered that the high SIRI cohort exhibited significantly shorter overall and disease-free survival time than low SIRI companions after PSM.","The relationship between systemic inflammation and tumor-associated bacteria is largely unknown in colorectal cancer (CRC). | The primary aim of this study was to investigate the prognostic effects of the systemic inflammation response index (SIRI) on the survival outcomes of CRC patients who experienced surgical therapy, and the second aim was to reveal the potential association between SIRI levels and tumor-associated bacteria in CRC. | There existed significant differences in the diversity and compositions of tumor-associated bacteria between the low and high SIRI groups.",Not found in abstract / unknown,Not found in abstract / unknown,Not found in abstract / unknown,Not found in abstract / unknown,Not found in abstract / unknown,Not found in abstract / unknown,Not found in abstract / unknown,Not found in abstract / unknown,Not found in abstract / unknown
ITB-000382,Distinct Signatures of Tumor-Associated Microbiota and Metabolome in Low-Grade vs. High-Grade Dysplastic Colon Polyps: Inference of Their Role in Tumor Initiation and Progression.,Clinical statistics,,,Automatic candidate; requires manual review,"Thus, we characterized the mucosa- and lumen-associated microbiota (MAM and LAM, respectively) and mucosa-associated metabolites in low- vs. high-grade dysplastic colon polyps from 78 patients. | By stratifying patients for polyp histology, we found that bacteria proposed as passengers by previous studies colonized high-grade dysplastic adenomas, whereas driver taxa were enriched in low-grade polyps.","According to the driver-passenger model for colorectal cancer (CRC), the tumor-associated microbiota is a dynamic ecosystem of bacterial species where bacteria with carcinogenic features linked to CRC initiation are defined as ""drivers"", while opportunistic bacteria colonizing more advanced tumor stages are known as ""passengers"". | We reasoned that also gut microbiota-associated metabolites may be differentially enriched according to tumor stage, and be potential determinants of CRC development. | Thus, we characterized the mucosa- and lumen-associated microbiota (MAM and LAM, respectively) and mucosa-associated metabolites in low- vs. high-grade dysplastic colon polyps from 78 patients. | Furthermore, we report altered ""mucosa-associated metabolite"" levels in low- vs. high-grade groups. | Altogether, our findings support the involvement of bacterial species and associated metabolites in CRC mucosal homeostasis in a tumor-stage-specific manner.",Not found in abstract / unknown,Not found in abstract / unknown,"By stratifying patients for polyp histology, we found that bacteria proposed as passengers by previous studies colonized high-grade dysplastic adenomas, whereas driver taxa were enriched in low-grade polyps.",Not found in abstract / unknown,Not found in abstract / unknown,Not found in abstract / unknown,Not found in abstract / unknown,Not found in abstract / unknown,Not found in abstract / unknown
ITB-000383,The Local Tumor Microbiome Is Associated with Survival in Late-Stage Colorectal Cancer Patients.,Clinical statistics,,,Automatic candidate; requires manual review,"To understand the role of these polymicrobial communities in survival, we conducted a nested case-control study in late-stage cancer patients undergoing resection for primary adenocarcinoma. | Furthermore, a larger difference between normal and tumor tissue was associated with prognosis: patients with shorter survival had a larger difference between normal and tumor tissue. | Our results suggest that a polymicrobial tumor-specific microbiome is associated with survival in late-stage colorectal cancer patients. | We found differences between the tumor microbiome and the microbiome of the rest of the intestine in patients, and the magnitude of this difference was associated with survival, or, the more like a healthy gut a tumor looked, the better a patient's prognosis.","The gut microbiome is associated with survival in colorectal cancer. | However, in situ imaging of tumors demonstrate a polymicrobial tumor-associated community. | Furthermore, a larger difference between normal and tumor tissue was associated with prognosis: patients with shorter survival had a larger difference between normal and tumor tissue. | Within the tumor tissue, we identified a 39-member community statistic associated with survival; for every log2-fold increase in this value, an individual's odds of survival increased by 20% (odds ratio survival 1.20; 95% confidence interval = 1.04 to 1.33). | Our results suggest that a polymicrobial tumor-specific microbiome is associated with survival in late-stage colorectal cancer patients. | We found differences between the tumor microbiome and the microbiome of the rest of the intestine in patients, and the magnitude of this difference was associated with survival, or, the more like a healthy gut a tumor looked, the better a patient's prognosis.",Not found in abstract / unknown,Not found in abstract / unknown,Not found in abstract / unknown,Not found in abstract / unknown,Not found in abstract / unknown,Not found in abstract / unknown,Not found in abstract / unknown,Not found in abstract / unknown,Not found in abstract / unknown
ITB-000384,Modulation of Intratumoral Fusobacterium nucleatum to Enhance Sonodynamic Therapy for Colorectal Cancer with Reduced Phototoxic Skin Injury.,Microbial therapeutics,,Materials / delivery design,Automatic candidate; requires manual review,Not found in abstract / unknown,Not found in abstract / unknown,Not found in abstract / unknown,Not found in abstract / unknown,Not found in abstract / unknown,Not found in abstract / unknown,Not found in abstract / unknown,In vivo results demonstrated that Au@BSA-CuPpIX effectively eliminated F. nucleatum to enhance the therapeutic efficacy of sonodynamic therapy (SDT) for orthotopic CRC and inhibit lung metastasis.,Not found in abstract / unknown,Not found in abstract / unknown,"Herein, we propose an intratumoral F. nucleatum-modulating strategy for enhancing the therapeutic efficacy of CRC and inhibiting lung metastasis by designing an antibacterial nanoplatform (Au@BSA-CuPpIX), which produced reactive oxygen species (ROS) under ultrasound and exhibited strong antibacterial activity. | Notably, entrapped gold nanoparticles reduced the phototoxicity of metalloporphyrin accumulated in the skin during tumor treatment, preventing severe inflammation and damage to the skin."
ITB-000385,Location and condition based reconstruction of colon cancer microbiome from human RNA sequencing data.,Clinical statistics,,,Automatic candidate; requires manual review,"The method was tested on public datasets from The Cancer Genome Atlas, and its accuracy was assessed on a new cohort of colorectal cancer patients. | Our results may improve patient stratification and pave the path for mechanistic studies on microbiota-tumour crosstalk.","BACKGROUND: The association between microbes and cancer has been reported repeatedly; however, it is not clear if molecular tumour properties are connected to specific microbial colonisation patterns. | This is due mainly to the current technical and analytical strategy limitations to characterise tumour-associated bacteria. | RESULTS: Our analysis shows that intratumoural microbiome composition is correlated with survival, anatomic location, microsatellite instability, consensus molecular subtype and immune cell infiltration in colon tumours. | In particular, we find Faecalibacterium prausnitzii, Coprococcus comes, Bacteroides spp., Fusobacterium spp. and Clostridium spp. to be strongly associated with tumour properties. | CONCLUSIONS: We implemented an approach to concurrently analyse clinical and molecular properties of the tumour as well as the composition of the associated microbiome.",Not found in abstract / unknown,Not found in abstract / unknown,"BACKGROUND: The association between microbes and cancer has been reported repeatedly; however, it is not clear if molecular tumour properties are connected to specific microbial colonisation patterns.",Not found in abstract / unknown,Not found in abstract / unknown,Not found in abstract / unknown,Not found in abstract / unknown,Not found in abstract / unknown,Not found in abstract / unknown
ITB-000386,Pathobionts in the tumour microbiota predict survival following resection for colorectal cancer.,Clinical statistics,,,Automatic candidate; requires manual review,"METHODS: A multicentre, prospective observational study was conducted of CRC patients undergoing primary surgical resection in the UK (n = 74) and Czech Republic (n = 61).","Cox proportional hazards regression was used to ascertain clusters associated with disease-free survival over median follow-up of 50 months. | Cluster 7, containing the pathobionts Fusobacterium nucleatum and Granulicatella adiacens, was strongly associated with CRC (PFDR = 0.0002). | Cluster 1, containing Faecalibacterium prausnitzii and Ruminococcus gnavus, was negatively associated with cancer (PFDR = 0.0009), and abundance was independently predictive of worse disease-free survival (adjusted p = 0.0009). | Met 1, composed of medium chain (MCFA), long-chain (LCFA) and very long-chain (VLCFA) fatty acid species, ceramides and lysophospholipids, was negatively associated with CRC (PFDR = 2.61 × 10-11); Met 2, composed of phosphatidylcholine species, nucleosides and amino acids, was strongly associated with CRC (PFDR = 1.30 × 10-12), but metabolite clusters were not associated with disease-free survival (p = 0.358). | An association was identified between Met 1 and DNA mismatch-repair deficiency (p = 0.005). | CONCLUSIONS: Networks of pathobionts in the tumour mucosal niche are associated with tumour mutation and metabolic subtypes and predict favourable outcome following CRC resection.",Not found in abstract / unknown,Not found in abstract / unknown,Not found in abstract / unknown,Not found in abstract / unknown,Not found in abstract / unknown,Not found in abstract / unknown,Not found in abstract / unknown,Not found in abstract / unknown,Not found in abstract / unknown
ITB-000387,Biglycan regulated colorectal cancer progress by modulating enteric neuron-derived IL-10 and abundance of Bacteroides thetaiotaomicron.,Clinical statistics,,,Automatic candidate; requires manual review,"Biglycan (BGN) is a proteoglycan with branch chains and highly expressed in enteric neurons in the tumor tissue of colorectal cancer (CRC), which is negatively associated with survival rates in patients with CRC.","Biglycan (BGN) is a proteoglycan with branch chains and highly expressed in enteric neurons in the tumor tissue of colorectal cancer (CRC), which is negatively associated with survival rates in patients with CRC. | In the present study, we found that biglycan deficiency changed tumor distribution in a colitis-associated colon cancer model.",Not found in abstract / unknown,Not found in abstract / unknown,Not found in abstract / unknown,Not found in abstract / unknown,Not found in abstract / unknown,Not found in abstract / unknown,Not found in abstract / unknown,Not found in abstract / unknown,Not found in abstract / unknown
ITB-000388,Colorectal cancer-specific microbiome in peripheral circulation and cancer tissues.,Clinical statistics,,,Automatic candidate; requires manual review,"METHODS: In order to validate the microbial biomarkers distinguishing CRC and the variations in microorganisms present in serum and tumors, we performed 2bRAD-M to characterize the microbiomes in serum and cancer tissues of CRC patients with and without lymph node or liver metastasis. | The analysis of α-diversity and β-diversity has revealed notable variations in serum microbiota diversities in CRC patients, particularly those with liver metastasis.",Not found in abstract / unknown,Not found in abstract / unknown,Not found in abstract / unknown,Not found in abstract / unknown,Not found in abstract / unknown,Not found in abstract / unknown,Not found in abstract / unknown,Not found in abstract / unknown,Not found in abstract / unknown,Not found in abstract / unknown
ITB-000389,Detection and comparison of tumor cell-associated microbiota from different compartments of colorectal cancer.,Clinical statistics,,,Automatic candidate; requires manual review,"The 5R-16s rRNA gene sequencing was performed using 44 samples from 11 patients with CRC, including CRC tumor tissues (TT), normal tissues adjacent to CRC (NT), tumor cells (TC), and normal cells (NC).","The present study aimed to develop a new method for isolating tumor cell-associated microbiota and comparing microbial populations from different compartments. | Detection of CRC cell-associated microbiota using a cell enzymatic digestion method showed that some bacteria, such as Fusobacterium, Eikenella, Shewanella, and Listeria, were more abundant in TT than NT, whereas the abundance of Akkermansia was lower in TT than NT.",Not found in abstract / unknown,Not found in abstract / unknown,Not found in abstract / unknown,Not found in abstract / unknown,Not found in abstract / unknown,Not found in abstract / unknown,Not found in abstract / unknown,Not found in abstract / unknown,Not found in abstract / unknown
ITB-000390,From colon wall to tumor niche: Unraveling the microbiome's role in colorectal cancer progression.,Clinical statistics,,,Automatic candidate; requires manual review,This study aims to elucidate the gut microbiome's role in CRC progression by analyzing paired tumor and mucosal tissue samples obtained from the colon walls of 17 patients.,"Through sequencing of the V3-V4 region of the 16S rRNA gene, we characterized the tumor microbiome and assessed its association with clinical variables. | Taxonomy analysis identified diverse bacterial genera, with some primarily associated with the colon wall and others unique to this region.",Not found in abstract / unknown,Not found in abstract / unknown,Not found in abstract / unknown,Not found in abstract / unknown,Not found in abstract / unknown,Not found in abstract / unknown,Not found in abstract / unknown,Not found in abstract / unknown,Not found in abstract / unknown
ITB-000392,Intratumor microbiome-derived butyrate promotes chemo-resistance in colorectal cancer.,Clinical statistics,,,Automatic candidate; requires manual review,"METHODS: We performed a comprehensive analysis of the microbiome composition in CRC patients with varying resistance-free survival (RFS) durations, utilizing 16S rRNA sequencing. | RESULTS: Our 16S sequencing analysis revealed a reduction in microbial diversity within tumor samples of patients with resistance, as indicated by metrics such as observed taxonomic units, Shannon, and Simpson indices.","Utilizing a Lasso regression model, we identified six genera-Roseburia, Helicobacter, Gardnerella, Flavonifractor, Coprococcus, and Anaerostipes-that significantly correlated with recurrence-free survival.",Not found in abstract / unknown,Not found in abstract / unknown,Not found in abstract / unknown,Not found in abstract / unknown,Not found in abstract / unknown,"Furthermore, we assessed the prognostic significance of circulating microbiome DNA (cmDNA) and examined the effects of exogenous butyrate supplementation on the chemosensitivity of CRC cell lines.",Not found in abstract / unknown,Not found in abstract / unknown,Not found in abstract / unknown
ITB-000393,Reduced Abundance of Phocaeicola in Mucosa-associated Microbiota Is Associated with Distal Colorectal Cancer Metastases Possibly through an Altered Local Immune Environment.,Clinical statistics,,,Automatic candidate; requires manual review,"METHODS: Twenty-eight consecutive patients with distal CRC undergoing surgical resection in our hospital were enrolled. | The RA of Phocaeicola at tumor sites did not correlate either with depth of tumor invasion (pT-stage) or tumor size, however they were significantly reduced in patients with nodal metastases (p<0.05) and those with distant metastases (p<0.001).","OBJECTIVES: The aim of this study was to identify the microbiota whose decrease in tumor area was associated with the metastatic process of distal colorectal cancer (CRC). | The densities of tumor-infiltrating lymphocytes (TIL) and tumor associated macrophages (TAM) in the colorectal cancers were immunohistochemically evaluated. | The RA of Phocaeicola at tumor sites showed positive correlation with the densities of CD3(+) or CD8(+) TIL. | Since P. vulgatus was the most dominant species (47%) of the Phocaeicola, the RA of P. vulgatus and CRC metastasis and its association with TIL and TAM were also investigated.",Not found in abstract / unknown,Not found in abstract / unknown,Not found in abstract / unknown,Not found in abstract / unknown,Not found in abstract / unknown,Not found in abstract / unknown,Not found in abstract / unknown,Not found in abstract / unknown,Not found in abstract / unknown
ITB-000394,Spatial transcriptomic analysis reveals local effects of intratumoral fusobacterial infection on DNA damage and immune signaling in rectal cancer,Unresolved,,,Automatic candidate; requires manual review,Not found in abstract / unknown,"Mucinous colorectal cancer (CRC) is a common histological subtype of colorectal adenocarcinoma, associated with a poor response to chemoradiotherapy. | The commensal facultative anaerobes fusobacteria, have been associated with poor prognosis specifically in mesenchymal CRC. | Fusobacteria high regions were associated with increased oxidative stress, DNA damage, and P53 signaling. | Meanwhile, fusobacteria low regions were associated with significantly greater M2 macrophage (p < 0.001), fibroblast (p < 0.001), pericyte (p = 0.002), and endothelial (p < 0.001) counts.",Not found in abstract / unknown,Not found in abstract / unknown,Not found in abstract / unknown,Not found in abstract / unknown,Not found in abstract / unknown,Not found in abstract / unknown,Not found in abstract / unknown,Not found in abstract / unknown,Not found in abstract / unknown
ITB-000396,Killing tumor-associated bacteria with a liposomal antibiotic generates neoantigens that induce anti-tumor immune responses.,Microbial therapeutics,Mechanistic studies; Clinical statistics,Materials / delivery design,Automatic candidate; requires manual review,"In patients with colorectal cancer (CRC), we found that pre-resection antibiotics targeting anaerobic bacteria substantially improved disease-free survival by 25.5%.","For mouse studies, we designed an antibiotic silver-tinidazole complex encapsulated in liposomes (LipoAgTNZ) to eliminate tumor-associated bacteria in the primary tumor and liver metastases without causing gut microbiome dysbiosis. | Our strategy targets tumor-associated bacteria to elicit anti-tumoral immunity, paving the way for microbiome-immunotherapy interventions.",Not found in abstract / unknown,Not found in abstract / unknown,"Mouse CRC models colonized by tumor-promoting bacteria (Fusobacterium nucleatum spp.) or probiotics (Escherichia coli Nissle spp.) responded to LipoAgTNZ therapy, which enabled more than 70% long-term survival in two F. nucleatum-infected CRC models. | The antibiotic treatment generated microbial neoantigens that elicited anti-tumor CD8+ T cells.",Not found in abstract / unknown,Not found in abstract / unknown,"For mouse studies, we designed an antibiotic silver-tinidazole complex encapsulated in liposomes (LipoAgTNZ) to eliminate tumor-associated bacteria in the primary tumor and liver metastases without causing gut microbiome dysbiosis. | Mouse CRC models colonized by tumor-promoting bacteria (Fusobacterium nucleatum spp.) or probiotics (Escherichia coli Nissle spp.) responded to LipoAgTNZ therapy, which enabled more than 70% long-term survival in two F. nucleatum-infected CRC models.",Not found in abstract / unknown,Not found in abstract / unknown,"For mouse studies, we designed an antibiotic silver-tinidazole complex encapsulated in liposomes (LipoAgTNZ) to eliminate tumor-associated bacteria in the primary tumor and liver metastases without causing gut microbiome dysbiosis."
ITB-000397,An emerging antibacterial nanovaccine for enhanced chemotherapy by selectively eliminating tumor-colonizing bacteria.,Unresolved,,,Automatic candidate; requires manual review,Not found in abstract / unknown,Not found in abstract / unknown,Not found in abstract / unknown,Not found in abstract / unknown,Not found in abstract / unknown,Not found in abstract / unknown,Not found in abstract / unknown,Not found in abstract / unknown,Not found in abstract / unknown,Not found in abstract / unknown,Not found in abstract / unknown
ITB-000398,Immunogenic peptides putatively from intratumor microbes: Opportunities for colorectal cancer treatment.,Clinical statistics,,,Automatic candidate; requires manual review,"Analyzing 10 colorectal cancer (CRC) patients, we identified 154 putative microbe-derived human leukocyte antigen (HLA)-I ligands. | We discovered 20 peptides originating from F. nucleatum, thirteen of which, including two peptides shared across multiple patients, were tumor specific.",Not found in abstract / unknown,Not found in abstract / unknown,Not found in abstract / unknown,Not found in abstract / unknown,Not found in abstract / unknown,Not found in abstract / unknown,Not found in abstract / unknown,Not found in abstract / unknown,Not found in abstract / unknown,Not found in abstract / unknown
ITB-000399,Distinct intratumoral microbiome of young-onset and average-onset colorectal cancer.,Clinical statistics,,,Automatic candidate; requires manual review,"METHODS: 16S rRNA amplicon sequencing was performed in tumor and paired adjacent non-malignant fresh frozen tissue specimens prospectively collected from 136 yoCRC and 140 aoCRC patients. | FINDINGS: yoCRC patients were more likely to have left-sided (72.8 vs. 54.3%), rectal (36.7% vs. 25%), and stage IV (28% vs. 15%) tumors. yoCRC tumors had significantly higher microbial alpha diversity (p = 1.5 × 10-5) and varied beta diversity (R2 = 0.31, p = 0.013) than aoCRC tumors. yoCRC tumors were enriched with Akkermansia and Bacteroides, whereas aoCRC tumors showed greater relative abundances of Bacillus, Staphylococcus, Listeria, Enterococcus, Pseudomonas, Fusobacterium, and Escherichia/Shigella.","Statistical tests included Fisher's exact test, ANOVA, PERMANOVA with Bonferroni correction, linear regression, and Wilcoxon test. p-value <0.05 was considered statistically significant. | Akkermansia had a predominantly negative correlation with the microbial communities in yoCRC tumors. yoCRC and aoCRC tumors had distinct microbial profiles associated with tumor location, sidedness, stage, and obesity. | Fusobacterium (R2 = -0.23, p = 0.001) and Akkermansia (R2 = 0.05, p = 0.001) abundance correlated with overall survival in yoCRC.",Not found in abstract / unknown,Not found in abstract / unknown,Not found in abstract / unknown,Not found in abstract / unknown,Not found in abstract / unknown,Not found in abstract / unknown,Not found in abstract / unknown,Not found in abstract / unknown,Not found in abstract / unknown
ITB-000400,Fusobacterium nucleatum promotes tumor progression in KRAS p.G12D-mutant colorectal cancer by binding to DHX15.,Mechanistic studies,Clinical statistics,,Automatic candidate; requires manual review,"Fusobacterium nucleatum (F. nucleatum) promotes intestinal tumor growth and its relative abundance varies greatly among patients with CRC, suggesting the presence of unknown, individual-specific effectors in F. nucleatum-dependent carcinogenesis.",Not found in abstract / unknown,Not found in abstract / unknown,Not found in abstract / unknown,Orally gavaged P. distasonis in mice alleviates the F. nucleatum-dependent CRC progression.,Not found in abstract / unknown,Not found in abstract / unknown,"Here, we identify that F. nucleatum is enriched preferentially in KRAS p.G12D mutant CRC tumor tissues and contributes to colorectal tumorigenesis in Villin-Cre/KrasG12D+/- mice. | Additionally, Parabacteroides distasonis (P. distasonis) competes with F. nucleatum in the G12D mouse model and human CRC tissues with the KRAS mutation. | Orally gavaged P. distasonis in mice alleviates the F. nucleatum-dependent CRC progression. | Knock out of Dhx15 in Villin-Cre/KrasG12D+/- mice attenuates the CRC phenotype.",Not found in abstract / unknown,Not found in abstract / unknown,Not found in abstract / unknown
ITB-000401,KRAS mutations promote the intratumoral colonization of enterotoxigenic bacteroides fragilis in colorectal cancer through the regulation of the miRNA3655/SURF6/IRF7/IFNβ axis.,Unresolved,,,Automatic candidate; requires manual review,Not found in abstract / unknown,"KRAS mutations are associated with poor prognosis in colorectal cancer (CRC). | Although the association between the gut microbiota and CRC has been extensively documented, it is unclear whether KRAS mutations can regulate the gut microbiota. | This provides new potential strategies for treating CRC associated with KRAS mutations or high levels of ETBF.",Not found in abstract / unknown,Not found in abstract / unknown,"Further transcriptomic sequencing revealed that SURF6 promotes intratumoral colonization of ETBF in CRC by inhibiting the nuclear translocation and transcription levels of the IRF7, affecting the activation of the IFNβ promoter. | These data indicate that KRAS mutations affect the intratumoral colonization of ETBF in CRC through the miR3655/SURF6/IRF7/IFNβ axis.",Not found in abstract / unknown,Not found in abstract / unknown,Not found in abstract / unknown,Not found in abstract / unknown,Not found in abstract / unknown,Not found in abstract / unknown
ITB-000402,Tumor-resident microbiota contributes to colorectal cancer liver metastasis by lactylation and immune modulation.,Unresolved,,,Automatic candidate; requires manual review,Not found in abstract / unknown,Not found in abstract / unknown,Not found in abstract / unknown,Not found in abstract / unknown,Not found in abstract / unknown,Not found in abstract / unknown,Not found in abstract / unknown,Not found in abstract / unknown,Not found in abstract / unknown,Not found in abstract / unknown,Not found in abstract / unknown
ITB-000403,The Tumor Microbiome Reacts to Hypoxia and Can Influence Response to Radiation Treatment in Colorectal Cancer.,Clinical statistics,,,Automatic candidate; requires manual review,"UNLABELLED: Tumor hypoxia has been shown to predict poor patient outcomes in several cancer types, partially because it reduces radiation's ability to kill cells. | Therefore, we examined the RNA sequencing data from the Oncology Research Information Exchange Network database of patients with colorectal cancer treated with radiotherapy. | Our analysis showed that the hypoxia expression score predicted poor patient outcomes and identified tumors enriched with certain microbes such as Fusobacterium nucleatum. | The presence of other microbes, such as Fusobacterium canifelinum, predicted poor patient outcomes, suggesting a potential interaction between hypoxia, the microbiome, and radiation response.",Hypoxic gene expression scores associated with certain microbes and elicited an adaptive transcriptional response in others that could contribute to poor clinical outcomes.,Not found in abstract / unknown,Not found in abstract / unknown,Not found in abstract / unknown,Not found in abstract / unknown,Not found in abstract / unknown,"To experimentally investigate this concept, we implanted CT26 colorectal cancer cells into immune-competent BALB/c and immune-deficient athymic nude mice.",Not found in abstract / unknown,Not found in abstract / unknown,Not found in abstract / unknown
ITB-000404,Tumour-associated and non-tumour-associated bacteria co-abundance groups in colorectal cancer.,Clinical statistics,,,Automatic candidate; requires manual review,METHODS: Bacterial 16 S rRNA sequencing was performed by using TT samples and NT samples of 251 patients with colorectal cancer.,"However, the differences in bacterial co-abundance groups (CAGs) between tumor tissue (TT) and normal tissue (NT), as well as their associations with clinical features, are needed to be clarified. | In addition, CAG 2 was also significantly associated with tumor microsatellite instability (13.2% in unstable vs. 2.0% in stable, p = 0.016), and CAG 4 was positively correlated with the level of CA199 (r = 0.17, p = 0.009).",Not found in abstract / unknown,Not found in abstract / unknown,Not found in abstract / unknown,Not found in abstract / unknown,Not found in abstract / unknown,Not found in abstract / unknown,Not found in abstract / unknown,Not found in abstract / unknown,Not found in abstract / unknown
ITB-000405,Power-law scaling in intratumoral microbiota of colorectal cancer.,Unresolved,,,Automatic candidate; requires manual review,Not found in abstract / unknown,"We confirm a direct correlation between the quantity of Amplicon Sequence Variants (ASVs) within CRC tumors and tumor sizes, following a (log)power model, explaining 47% of the variation.",Not found in abstract / unknown,Not found in abstract / unknown,Not found in abstract / unknown,Not found in abstract / unknown,Not found in abstract / unknown,Not found in abstract / unknown,Not found in abstract / unknown,Not found in abstract / unknown,Not found in abstract / unknown
ITB-000406,Multi-Omics analysis elucidates tumor microenvironment and intratumor microbes of angiogenesis subtypes in colon cancer.,Clinical statistics,,,Automatic candidate; requires manual review,"RESULTS: CC samples were grouped into two AGSs (AGS-A and AGS-B) groups and patients in the AGS-B group had poor prognosis. | A convenient 6-gene angiogenesis-related signature (ARS), was established to identify AGSs and predict the prognosis in CC patients.",Not found in abstract / unknown,The prognostic model was constructed based on the differential genes between two subtypes.,Not found in abstract / unknown,Not found in abstract / unknown,Not found in abstract / unknown,Not found in abstract / unknown,Not found in abstract / unknown,Not found in abstract / unknown,Not found in abstract / unknown,Not found in abstract / unknown
ITB-000407,Colorectal cancer microbiome programs DNA methylation of host cells by affecting methyl donor metabolism.,Reviews / synthesis,,,Automatic candidate; requires manual review,"METHODS: Metagenomic sequencing of fecal samples was performed on matched CRC patients (n = 18) and healthy controls (n = 18). | Additionally, tissue microbiome was profiled with 16S rRNA gene sequencing on tumor (n = 24) and tumor-adjacent normal (n = 24) tissues of CRC patients, while host DNA methylation was assessed through whole-genome bisulfite sequencing (WGBS) in a subset of 13 individuals.","Of note, we observed a pronounced enrichment of microbial-associated CpGs within the promoter regions of genes in adjacent normal tissues, a phenomenon notably absent in tumor tissues. | Furthermore, we established consistent and recurring associations between methylation patterns of tumor-related genes and specific bacterial taxa.",Not found in abstract / unknown,Not found in abstract / unknown,Not found in abstract / unknown,Not found in abstract / unknown,Not found in abstract / unknown,Not found in abstract / unknown,Not found in abstract / unknown,Not found in abstract / unknown,Not found in abstract / unknown
ITB-000408,"Intratumoral presence of the genotoxic gut bacteria pks+ E. coli, Enterotoxigenic Bacteroides fragilis, and Fusobacterium nucleatum and their association with clinicopathological and molecular features of colorectal cancer.",Clinical statistics,,,Automatic candidate; requires manual review,"METHODS: We screened 1697 tumour-derived DNA samples from the Australasian Colorectal Cancer Family Registry, Melbourne Collaborative Cohort Study and the ANGELS study using targeted PCR.","BACKGROUND: This study aimed to investigate clinicopathological and molecular tumour features associated with intratumoral pks+ Escherichia coli (pks+E.coli+), pks+E.coli- (non-E.coli bacteria harbouring the pks island), Enterotoxigenic Bacteroides fragilis (ETBF) and Fusobacterium nucleatum (F. nucleatum). | RESULTS: Pks+E.coli+ was associated with male sex (P G somatic mutation (P = 0.03). | The association between pks+E.coli+ and APC:c.835-8 A > G was specific to early-onset CRCs (diagnosed G was not associated with pks+E.coli- (P = 0.36). | F. nucleatum was associated with DNA mismatch repair deficiency (MMRd), BRAF:c.1799T>A p.V600E mutation, CpG island methylator phenotype, proximal tumour location, and high levels of tumour infiltrating lymphocytes (Ps G somatic mutation, suggesting that this mutation is specifically related to DNA damage from colibactin-producing E.coli exposures. | F. nucleatum was associated with both hereditary and sporadic MMRd subtypes, suggesting the MMRd tumour microenvironment is important for F. nucleatum colonisation irrespective of its cause.",Not found in abstract / unknown,Not found in abstract / unknown,"F. nucleatum was associated with both hereditary and sporadic MMRd subtypes, suggesting the MMRd tumour microenvironment is important for F. nucleatum colonisation irrespective of its cause.",Not found in abstract / unknown,Not found in abstract / unknown,Not found in abstract / unknown,Not found in abstract / unknown,Not found in abstract / unknown,Not found in abstract / unknown
ITB-000409,Tumor-associated microbiota in colorectal cancer with vascular tumor thrombus and neural invasion and association with clinical prognosis.,Clinical statistics,,,Automatic candidate; requires manual review,"Neural invasion (NI) and vascular tumor thrombus (VT) are associated with poor prognosis in patients with colorectal cancer (CRC). | In this study, we apply 16S rRNA amplicon sequencing to tumor tissues and adjacent normal tissues in patients with CRC to determine the microbial differences. | A discovery cohort, including 30 patients with NI, 23 with VT, and 35 with double-negative CRC tissue, is utilized. | Then, we analyze the relationship between the specific bacterial taxa and indicators of different dimensions in separate cohorts. | In the discovery cohort, the diversity and composition of the gut microbiome distinctly differ between the tumor and nontumor tissues in the NI and VT groups. | A high abundance of Cupriavidus is found to be related to a short survival time of NI CRC, while Herbaspirillum is a potential microbial biomarker predicting the prognosis of patients with CRC with NI or VT. | Moreover, the abundance of Cupriavidus or Herbaspirillum is associated with some clinical patient characteristics and prognosis, respectively. | In conclusion, this study is the first to comprehensively elaborate the differences in the gut microbiota of patients with CRC with different invasion statuses and to prove the relationship between some gut microbiota and clinical patient characteristics.","Neural invasion (NI) and vascular tumor thrombus (VT) are associated with poor prognosis in patients with colorectal cancer (CRC). | Moreover, the abundance of Cupriavidus or Herbaspirillum is associated with some clinical patient characteristics and prognosis, respectively.",Not found in abstract / unknown,Not found in abstract / unknown,Not found in abstract / unknown,Not found in abstract / unknown,Not found in abstract / unknown,Not found in abstract / unknown,Not found in abstract / unknown,Not found in abstract / unknown,Not found in abstract / unknown
ITB-000410,Fusobacterium nucleatum infection modulates the transcriptome and epigenome of HCT116 colorectal cancer cells in an oxygen-dependent manner.,Unresolved,,,Automatic candidate; requires manual review,Not found in abstract / unknown,Not found in abstract / unknown,Not found in abstract / unknown,Not found in abstract / unknown,Not found in abstract / unknown,Not found in abstract / unknown,Not found in abstract / unknown,"While previous in vitro studies have shown that intracellular F. nucleatum enhances malignant phenotypes such as cell migration, the dependence of this regulation on features of the tumor microenvironment (TME) such as oxygen levels are wholly uncharacterized. | Using a multiomic approach, we analyze epigenomic alterations of H3K27ac and global transcriptomic alterations sustained within a hypoxia and normoxia conditioned CRC cell line HCT116 at 24 h following initial infection with F. nucleatum.",Not found in abstract / unknown,Not found in abstract / unknown,Not found in abstract / unknown
ITB-000411,Identification of shared and disease-specific intratumoral microbiome-host gene associations in gastrointestinal tumors.,Clinical statistics,,,Automatic candidate; requires manual review,"Here, we utilized a machine learning-based framework to jointly dissect the paired intratumoral microbiome and host transcriptome profiles in patients with colon adenocarcinoma, hepatocellular carcinoma, and gastric cancer.","We identified associations between intratumoral microbes and host genes that depict shared as well as cancer type-specific patterns. | We found that a common set of host genes and pathways implicated in cell proliferation and energy metabolism are associated with cancer type-specific intratumoral microbes. | In addition, we also found that intratumoral microbes that have been implicated in three gastrointestinal tumors, such as Lachnoclostridium, are correlated with different host pathways in each tumor, indicating that similar microbes can influence host tumorigenesis in a cancer type-specific manner by regulation of different host genes. | Our study reveals patterns of association between intratumoral microbiota and host genes in gastrointestinal tumors, providing new insights into the biology of gastrointestinal tumors.NEW & NOTEWORTHY Our study constitutes a pivotal advancement in elucidating the intricate relationship between the intratumoral microbiome and host gene regulation, thereby gaining insights into the pivotal role that the intratumoral microbiome plays in the etiology of gastrointestinal tumors.",Not found in abstract / unknown,Not found in abstract / unknown,Not found in abstract / unknown,Not found in abstract / unknown,Not found in abstract / unknown,Not found in abstract / unknown,Not found in abstract / unknown,Not found in abstract / unknown,Not found in abstract / unknown
ITB-000412,New Insights into Mucosa-Associated Microbiota in Paired Tumor and Non-Tumor Adjacent Mucosal Tissues in Colorectal Cancer Patients.,Clinical statistics,,,Automatic candidate; requires manual review,"METHODS: To that aim, we evaluate differences in the bacterial composition of 130 paired tumor and non-tumor adjacent tissues from a cohort of CRC patients from the Biobank of the University of Navarra, Spain.","This article aims to address these limitations, providing new insights into the microbiota associated with CRC pathogenesis and implementing its analyses in personalized medicine. | RESULTS: To our knowledge, this is the first study to report an increased relative abundance of Streptococcus periodonticum and a decreased relative abundance of Corynebacterium associated with CRC. | Overall, these results contribute to a better understanding of the CRC-associated microbiota, addressing critical barriers to its implementation in personalized medicine.",Not found in abstract / unknown,Not found in abstract / unknown,Not found in abstract / unknown,Not found in abstract / unknown,Not found in abstract / unknown,Not found in abstract / unknown,Not found in abstract / unknown,Not found in abstract / unknown,Not found in abstract / unknown
ITB-000413,Antibacterial tellurium-containing polycarbonate drug carriers to eliminate intratumor bacteria for synergetic chemotherapy against colorectal cancer.,Microbial therapeutics,,Materials / delivery design,Automatic candidate; requires manual review,Not found in abstract / unknown,"Therefore, the tellurium-containing polymers are expected to serve as novel antibacterial agents in vivo and have great potential in the F.nucleatum-associated cancers.",Not found in abstract / unknown,Not found in abstract / unknown,Not found in abstract / unknown,Not found in abstract / unknown,Not found in abstract / unknown,"In vitro mechanism study indicates that the tellurium-containing polymers are highly effective in killing F.nucleatum through a membrane disruption mechanism. | Both in vitro and in vivo studies show that PTE@CDDP could inhibit intratumor F.nucleatum and lead to a reduction in cell proliferation and inflammation in the tumor site. | Therefore, the tellurium-containing polymers are expected to serve as novel antibacterial agents in vivo and have great potential in the F.nucleatum-associated cancers.",Not found in abstract / unknown,Not found in abstract / unknown,"The results show that the particle size of the prepared nanoparticles could be maintained at about 105 nm in the digestive system environment, which is in line with the optimal particle size of oral nanomedicine. | Together, the study identifies that the CDDP-loaded tellurium-containing nanoparticles have great potential for treating the F.nucleatum-promoted colorectal cancer (CRC) by combining intratumor microbiota modulation and chemotherapy. | A convenient oral dosage form of cisplatin (CDDP)-loaded tellurium-containing nanoparticles (PTE@CDDP) was adopted here, and the synergistic antibacterial/chemotherapy effect occurred."
ITB-000414,Bacterial profiling of colorectal cancer biopsies: a culture-based study in Indian patients.,Unresolved,,,Automatic candidate; requires manual review,Not found in abstract / unknown,Not found in abstract / unknown,Not found in abstract / unknown,Not found in abstract / unknown,Not found in abstract / unknown,Not found in abstract / unknown,Not found in abstract / unknown,Not found in abstract / unknown,Not found in abstract / unknown,Not found in abstract / unknown,Not found in abstract / unknown
ITB-000415,Enhancing fibroblast-epithelial cell communications: Serpine2 as a key molecule in Fusobacterium nucleatum-promoted colon cancer.,Clinical statistics,,,Automatic candidate; requires manual review,"Furthermore, patients with metastatic colon cancer exhibited significantly higher Serpine2 expression compared to those without metastasis.","Furthermore, Serpine2 has been identified as a potential molecular marker associated with Fn-mediated colon cancer progression and metastasis.",Not found in abstract / unknown,Not found in abstract / unknown,Not found in abstract / unknown,Not found in abstract / unknown,Not found in abstract / unknown,"Clinical tissue samples and external datasets, along with in vitro co-culture experiments, were utilized to validate these findings.",Not found in abstract / unknown,Not found in abstract / unknown,Not found in abstract / unknown
ITB-000416,Engineered Bio‐Heterojunction for Effective Treatment of Colorectal Cancer Through Intratumoral Bacteria Scavenging and Autophagy Regulation,Unresolved,,,Automatic candidate; requires manual review,Not found in abstract / unknown,Not found in abstract / unknown,Not found in abstract / unknown,Not found in abstract / unknown,Not found in abstract / unknown,Not found in abstract / unknown,Not found in abstract / unknown,"In vivo assays and sequencing analysis confirm that VIC bio‐HJs have excellent bacteria‐killing ability while being able to induce excessive autophagy in tumor cells, ultimately leading to more cell death.",Not found in abstract / unknown,Not found in abstract / unknown,Not found in abstract / unknown
ITB-000419,Monocyte/macrophage-mediated transport and intratumoral bacteria-responsive ZIF nanoplatform for enhanced immunotherapy against microsatellite-stable colorectal cancer,Unresolved,,,Automatic candidate; requires manual review,Not found in abstract / unknown,Not found in abstract / unknown,Not found in abstract / unknown,Not found in abstract / unknown,Not found in abstract / unknown,Not found in abstract / unknown,Not found in abstract / unknown,Not found in abstract / unknown,Not found in abstract / unknown,Not found in abstract / unknown,Not found in abstract / unknown
ITB-000420,Intratumoural pks+Escherichia coli is associated with risk of metachronous colorectal cancer and adenoma development in people with Lynch syndrome.,Unresolved,,,Automatic candidate; requires manual review,Not found in abstract / unknown,"Cox proportional-hazards regression estimated the associations of each bacteria with the risk of metachronous CRC and neoplasia. | Pks+ E. coli in the initial CRC was associated with an increased risk of metachronous CRC (hazard ratio [95% confidence interval] = 2.32 [1.29-4.17], P = 0.005) and metachronous colorectal neoplasia (1.51 [1.02-2.23], P = 0.040) when compared with CRCs without pks+ E. coli. | Having intratumoural pks+ E. coli is associated with increased risk of metachronous CRC, suggesting that, if validated, people with LS might benefit from pks+ E. coli screening and eradication.",Not found in abstract / unknown,Not found in abstract / unknown,Not found in abstract / unknown,Not found in abstract / unknown,Not found in abstract / unknown,Not found in abstract / unknown,Not found in abstract / unknown,Not found in abstract / unknown,Not found in abstract / unknown
ITB-000421,Microbiome and biofilm insights from normal vs tumor tissues in Thai colorectal cancer patients.,Clinical statistics,,,Automatic candidate; requires manual review,"This study investigates gut microbiota and biofilm-producing bacteria in 35 Thai CRC patients, analyzing paired normal and tumor biopsy samples.","These findings highlight CRC-associated microbiota alterations and pathogenic biofilm production, emphasizing a spatial relationship between tumor location and microbial distribution, with potential implications for understanding CRC pathogenesis and therapeutic targeting.",Not found in abstract / unknown,Not found in abstract / unknown,Not found in abstract / unknown,Not found in abstract / unknown,Not found in abstract / unknown,Not found in abstract / unknown,Not found in abstract / unknown,Not found in abstract / unknown,Not found in abstract / unknown
ITB-000422,Tailoring a Functional Synthetic Microbial Community Alleviates Fusobacterium nucleatum-infected Colorectal Cancer via Ecological Control.,Mechanistic studies,Clinical statistics,,Automatic candidate; requires manual review,"In particular, Fusobacterium nucleatum (F. nucleatum) is prevalent in patients with CRC, and eliminating it is beneficial for treatment. | Here, multiple metagenomic sequencing cohorts are combined with multiomics to analyze the microbiome and related functional alterations. | The sequencing result shows that F. nucleatum is more abundant in both the feces and tumor tissues of CRC patients.",Not found in abstract / unknown,Not found in abstract / unknown,Not found in abstract / unknown,"Furthermore, the SynCom successfully inhibits F. nucleatum growth in vitro and achieves colonization in vivo. | Additionally, it promotes F. nucleatum decolonization, and enhances tryptophan metabolism and secondary bile acid conversion, leading to reduced lipid accumulation, decreased inflammatory reaction, and enhanced tumor inhibition effect.",Not found in abstract / unknown,Not found in abstract / unknown,"A synthetic microbial community (SynCom) is then designed by metabolic network reconstruction, and its performance is validated using coculture experiments and an AOM-DSS induced mouse CRC model. | Furthermore, the SynCom successfully inhibits F. nucleatum growth in vitro and achieves colonization in vivo.",Not found in abstract / unknown,Not found in abstract / unknown,Not found in abstract / unknown
ITB-000423,Intratumoral microbial community profiling identifies clinicomolecular and prognostic subtypes of colorectal cancer liver metastasis.,Clinical statistics,,,Automatic candidate; requires manual review,"Using 5R 16S rRNA gene sequencing method, we analyzed the intratumoral microbiota of patients with colorectal cancer with and without liver metastasis. | CRLM patients were classified into three intratumoral microbial community subtypes (IMCSs).",Not found in abstract / unknown,"These included IMCS1 (sugar metabolism-related liver metastasis with T cell activation, moderate proliferation and invasion, and median disease-free survival (mDFS) of 22 months), IMCS2 (protein metabolism-related liver metastasis with natural killer cell activation, high proliferation and invasion, and mDFS of 12 months), and IMCS3 (lipid metabolism-related liver metastasis with a pauci-immune phenotype, the highest level of proliferation and invasion, and mDFS of 10 months).",Not found in abstract / unknown,Not found in abstract / unknown,Not found in abstract / unknown,Not found in abstract / unknown,Not found in abstract / unknown,Not found in abstract / unknown,Not found in abstract / unknown,Not found in abstract / unknown
ITB-000424,"Age-diet interactions significantly influence intratumoral gene expression, gut microbiome signature and tumor microenvironment in colorectal cancer.",Unresolved,,,Automatic candidate; requires manual review,Not found in abstract / unknown,"Epidemiological studies suggest that chronological age and diet are among the major contributing factors correlated with the incidence of CRC. | Our study aimed to provide insights into the association between age, diet, and gut microbiome in CRC using molecular techniques including RNA sequencing, cytokine analysis, and metagenomic analysis. | The major findings of this study are that age and diet impact intratumoral gene signaling (nuclear and mitochondrial), and hub genes we identified are associated with prognosis in CRC.",Not found in abstract / unknown,Not found in abstract / unknown,Not found in abstract / unknown,Not found in abstract / unknown,Not found in abstract / unknown,"We used syngeneic MC38 mice model divided into two age groups (old and young) and three diet groups (standard chow, calorie-restricted and high-fat). | Fecal microbiome analysis showed that old microbiomes have higher alpha diversity compared to young mice.",Not found in abstract / unknown,Not found in abstract / unknown,Not found in abstract / unknown
ITB-000425,Combined tumor-associated microbiome and immune gene expression profiling predict response to neoadjuvant chemo-radiotherapy in locally advanced rectal cancer.,Clinical statistics,,,Automatic candidate; requires manual review,"A minority of patients show complete response (CR) to nCRT and may avoid surgery and its functional consequences. | Instead, most patients show non-complete response (non-CR) and may benefit from additional treatments to increase CR rates. | We performed a combined analysis of tumor-associated microbiome and immune gene expression profiling of diagnostic biopsies from 70 patients undergoing nCRT followed by rectal resection, including 16 with CR and 54 with non-CR. | Findings were validated by an independent cohort of 49 patients, including 7 with CR and 42 with non-CR. | Immune gene profiling revealed a panel of 59 differentially expressed genes and significant upregulation of IFN-gamma and -alpha response in patients with CR. | Integrated microbiome and immune gene profiling analysis unraveled clustering of microbial taxa with each other and with immune cell-related genes and allowed the identification of a combined signature correctly identifying non-CRS in both cohorts. | Correct identification of unresponsive patients and of bacteria promoting responsiveness might lead to innovative therapeutic approaches based on gut microbiota pre-conditioning to increase nCRT effectiveness in LARC.","We performed a combined analysis of tumor-associated microbiome and immune gene expression profiling of diagnostic biopsies from 70 patients undergoing nCRT followed by rectal resection, including 16 with CR and 54 with non-CR. | Colonization by bacterial species of Ruminococcus genera was consistently associated with CR, whereas abundance of Fusobacterium, Porhpyromonas, and Oscillibacter species predicted non-CR.",Not found in abstract / unknown,Not found in abstract / unknown,"Colonization by bacterial species of Ruminococcus genera was consistently associated with CR, whereas abundance of Fusobacterium, Porhpyromonas, and Oscillibacter species predicted non-CR.",Not found in abstract / unknown,Not found in abstract / unknown,Not found in abstract / unknown,Not found in abstract / unknown,Not found in abstract / unknown,Not found in abstract / unknown
ITB-000426,Fusobacterium nucleatum upregulates the immune inhibitory receptor PD-L1 in colorectal cancer cells via the activation of ALPK1.,Unresolved,,,Automatic candidate; requires manual review,Not found in abstract / unknown,Fusobacterium nucleatum is a Gram-negative oncobacterium that is associated with colorectal cancer.,Not found in abstract / unknown,Not found in abstract / unknown,Not found in abstract / unknown,Not found in abstract / unknown,Not found in abstract / unknown,"Here, we show that both living F. nucleatum and sterile F. nucleatum-conditioned medium promote CXCL8 release from the intestinal adenocarcinoma HT-29 cell line.",Not found in abstract / unknown,Not found in abstract / unknown,Not found in abstract / unknown
ITB-000427,Fusobacterium nucleatum-driven CX3CR1+ PD-L1+ phagocytes route to tumor tissues and reshape tumor microenvironment.,Clinical statistics,,,Automatic candidate; requires manual review,"Here, we observed that Fn-infected neutrophils/macrophages (PMNs/MΦs), especially PMNs, accumulate in tumor tissues and fecal Fn abundance correlates positively with an abundance of blood PD-L1+ PMNs in CRC patients.",Not found in abstract / unknown,Not found in abstract / unknown,Not found in abstract / unknown,Not found in abstract / unknown,Not found in abstract / unknown,Not found in abstract / unknown,"Moreover, Fn accumulates in tumor tissues of tumor-bearing mice via intragingival infection and intravenous injection. | Treatment with the doxycycline eradicated intracellular Fn, thereby reducing the CX3CR1+PD-L1+ PMNs populations and slowing Fn-promoted tumor growth and metastasis in mice.",Not found in abstract / unknown,Not found in abstract / unknown,Not found in abstract / unknown
ITB-000428,The interplay between tissue-resident microbiome and host proteins by integrated multi-omics during progression of colorectal adenoma to carcinoma.,Clinical statistics,,,Automatic candidate; requires manual review,"Functional validation in patient-derived organoids and murine allograft models confirmed that enterotoxigenic Bacteroides fragilis and Fusobacterium nucleatum promoted tumor growth by activating Wnt/β-catenin and NF-κB signaling pathways, corroborating the functional potential of these biomarkers.",Not found in abstract / unknown,"Leveraging this interplay, we identified 14 multi-kingdom microbial and 8 protein markers that strongly distinguished A from T samples (area under the receiver operating characteristic curve (AUROC) = 0.962), with external validation in two independent datasets (AUROC = 0.920 and 0.735).","Leveraging this interplay, we identified 14 multi-kingdom microbial and 8 protein markers that strongly distinguished A from T samples (area under the receiver operating characteristic curve (AUROC) = 0.962), with external validation in two independent datasets (AUROC = 0.920 and 0.735).",Not found in abstract / unknown,Not found in abstract / unknown,Not found in abstract / unknown,"Functional validation in patient-derived organoids and murine allograft models confirmed that enterotoxigenic Bacteroides fragilis and Fusobacterium nucleatum promoted tumor growth by activating Wnt/β-catenin and NF-κB signaling pathways, corroborating the functional potential of these biomarkers.",Not found in abstract / unknown,Not found in abstract / unknown,Not found in abstract / unknown
ITB-000429,Intratumoral microbiota-derived S1P sensitizes the combination therapy of capecitabine and PD-1 inhibitors.,Unresolved,,,Automatic candidate; requires manual review,Not found in abstract / unknown,Not found in abstract / unknown,Not found in abstract / unknown,Not found in abstract / unknown,Not found in abstract / unknown,Not found in abstract / unknown,Not found in abstract / unknown,"By comparing germ-free (GF) and specific pathogen-free (SPF) mouse models of 33 potential CRC treatments, we screened out capecitabine-MIH4 (anti-PD-1 antibody) combination regimen significantly augmented by intratumoral microbiota in tumor regression.",Not found in abstract / unknown,Not found in abstract / unknown,Not found in abstract / unknown
ITB-000430,"Intratumoral microbiota, fatty acid metabolism, and tumor microenvironment constitute an unresolved trinity in colon adenocarcinoma.",Clinical statistics,,,Automatic candidate; requires manual review,"Here, we analyzed intratumoral microbiome samples and matched host transcriptome samples from 420 patients with COAD in The Cancer Genome Atlas (TCGA). | All patients were divided into two subtypes (FAM_high and FAM_low) based on the Gene set variation analysis (GSVA) score of FAM pathway. | More importantly, the crosstalk between the three can have a significant impact on prognosis, response to immunotherapy, and drug sensitivity of patients.",Not found in abstract / unknown,Not found in abstract / unknown,Not found in abstract / unknown,Not found in abstract / unknown,Not found in abstract / unknown,Not found in abstract / unknown,Not found in abstract / unknown,Not found in abstract / unknown,Not found in abstract / unknown,Not found in abstract / unknown
ITB-000431,Tumor and intratumoral pathogen cascade-targeting photothermal nanotherapeutics for boosted immunotherapy of colorectal cancer.,Microbial therapeutics,,Materials / delivery design,Automatic candidate; requires manual review,Not found in abstract / unknown,Not found in abstract / unknown,Not found in abstract / unknown,Not found in abstract / unknown,Not found in abstract / unknown,Not found in abstract / unknown,Not found in abstract / unknown,Not found in abstract / unknown,Not found in abstract / unknown,Not found in abstract / unknown,"Herein, a controllable ""Shielding-deshielding"" N-acetylgalactosamine (GalNAc)-derived photothermal nanotherapeutic is developed to mediate cascade targeting toward tumor and intratumoral Fn for enhanced photothermal-immunotherapy. | This nanotherapeutic can in situ generate near infrared-II laser-activatable photothermal agent by reacting with endogenous hydrogen sulfide in CRC. | This cascade-targeting nanotherapeutic enables efficacious tumor accumulation and reinforces photothermal therapy (PTT) efficacy."
ITB-000432,Bifidobacterium longum subsp. longum XZ01 delays the progression of colon cancer in mice through the interaction between the microbial spatial distribution and tumour immunity.,Unresolved,,,Automatic candidate; requires manual review,"This study revealed that the influence of active microorganisms on the tumour immune microenvironment is crucial for effective immunotherapy intervention, potentially offering new targets for improving patient prognosis.",Not found in abstract / unknown,Not found in abstract / unknown,Not found in abstract / unknown,"Studies have shown that the colonisation of active microorganisms is more conducive to the development of tumour immunotherapy, but intuitive evidence regarding shaping of the tumour immune microenvironment is lacking.",Not found in abstract / unknown,Not found in abstract / unknown,"In this study, we used Bifidobacterium longum subsp. longum (XZ01) to intervene in a colon cancer mouse model and found that its mechanism may be related to the interaction between the spatial distribution of microorganisms and tumour immunity.",Not found in abstract / unknown,Not found in abstract / unknown,Not found in abstract / unknown
ITB-000433,An interplay between human genetics and intratumoral microbiota in the progression of colorectal cancer.,Clinical statistics,,,Automatic candidate; requires manual review,"With 748 Chinese CRC patients enrolled from three cohorts, we find that the single nucleotide polymorphism (SNP) rs2355016, located in the intron of ATP-sensitive inward rectifier potassium channel 11 (KCNJ11), is significantly associated with the abundance of Fusobacterium. | Compared with the rs2355016 GG genotype, patients carrying the A allele exhibit downregulation of KCNJ11 and enrichment of Fusobacterium, which corresponds to accelerated proliferation and progression. | Our study explores the interaction between intratumoral microbiota and SNPs in CRC patients, which will enhance our understanding of CRC proliferation.","With 748 Chinese CRC patients enrolled from three cohorts, we find that the single nucleotide polymorphism (SNP) rs2355016, located in the intron of ATP-sensitive inward rectifier potassium channel 11 (KCNJ11), is significantly associated with the abundance of Fusobacterium.",Not found in abstract / unknown,Not found in abstract / unknown,Not found in abstract / unknown,Not found in abstract / unknown,Not found in abstract / unknown,Not found in abstract / unknown,Not found in abstract / unknown,Not found in abstract / unknown,Not found in abstract / unknown
ITB-000434,"Epigenetic Modulation, Intratumoral Microbiome, and Immunity in Early-Onset Colorectal Cancer.",Clinical statistics,,,Automatic candidate; requires manual review,"We characterized the DNA methylation (DNAm) signature and measured DNAm age in EOCRC by using The Cancer Genome Atlas (TCGA). | Furthermore, we carefully identified intratumoral microbes from TCGA and the Oncology Research Information Exchange Network datasets and then related the microbes to deconvolved immune cell abundances in EOCRC. | We observed that the DNAm age in the EOCRC cohort was 12 years older when compared with the average-onset colorectal cancer (AOCRC) cohort, using three different epigenetic clocks. | These differences were validated in the gene expression data from TCGA and the Oncology Research Information Exchange Network.","Differentially methylated sites associated with gene expression include cAMP-responsive element binding protein signaling in neurons, G protein-coupled receptor signaling, phagosome formation, and S100 family signaling. | Interestingly, the most abundant microbes interacted with the immune systems differently between the EOCRC and AOCRC tumors, characterized by more and larger positive correlations in EOCRC. | We observed accelerated epigenetic aging in EOCRC and epigenetic changes associated with chronic inflammation. | Tumor immune cell abundances correlated more strongly with microbes in EOCRC than in AOCRC.",Not found in abstract / unknown,Not found in abstract / unknown,Not found in abstract / unknown,Not found in abstract / unknown,Not found in abstract / unknown,Not found in abstract / unknown,Not found in abstract / unknown,Not found in abstract / unknown,Not found in abstract / unknown
ITB-000435,Fusobacterium nucleatum enhances oxaliplatin resistance in colon cancer by increasing PVT1 expression.,Clinical statistics,,,Automatic candidate; requires manual review,"BACKGROUND: Approximately 50% of colorectal cancer (CRC) patients exhibit high levels of Fusobacterium nucleatum (Fn), which is associated with chemotherapy resistance.","BACKGROUND: Approximately 50% of colorectal cancer (CRC) patients exhibit high levels of Fusobacterium nucleatum (Fn), which is associated with chemotherapy resistance. | METHODS: qPCR was used to analyze the correlation between Fn abundance and clinical parameters in 80 human colon cancer samples. | RESULTS: qPCR experiments showed that Fn abundance was associated with later clinical stage and shorter RFS. | The abundance of Fn in colon cancer tissues was positively correlated with the level of PVT1, and the mechanism was that PVT1 binds to AAA domain protein 3 (ATAD3A) and prevents its ubiquitination.",Not found in abstract / unknown,Not found in abstract / unknown,Not found in abstract / unknown,Not found in abstract / unknown,Not found in abstract / unknown,"As Fn itself cannot be directly targeted for therapy in vivo, elucidating the mechanism underlying Fn-induced chemotherapy resistance is crucial, though it remains unclear.",Not found in abstract / unknown,Not found in abstract / unknown,Not found in abstract / unknown
ITB-000436,ATF6 activation alters colonic lipid metabolism causing tumour-associated microbial adaptation.,Unresolved,,,Automatic candidate; requires manual review,Not found in abstract / unknown,Not found in abstract / unknown,Not found in abstract / unknown,Not found in abstract / unknown,Not found in abstract / unknown,Not found in abstract / unknown,Not found in abstract / unknown,"Transcriptional analysis in intestinal epithelial cells of ATF6 transgenic mice (nATF6IEC) identifies bacteria-specific changes in cellular metabolism enriched for fatty acid biosynthesis. | Untargeted metabolomics and isotype labelling confirm ATF6-related enrichment of long-chain fatty acids in colonic tissue of humans, mice and organoids. | FASN inhibition and microbiota transfer in germ-free nATF6IEC mice confirm the causal involvement of ATF6-induced lipid alterations in tumorigenesis.",Not found in abstract / unknown,Not found in abstract / unknown,Not found in abstract / unknown
ITB-000438,Tumor Tissue Microbiota in Colorectal Cancer: PCR Profile of FFPE Blocks in Associations with Metastatic Status.,Unresolved,,,Automatic candidate; requires manual review,Signals linking F. nucleatum to metastatic CRC and Acinetobacter spp. to non-metastatic disease merit validation in larger cohorts; tumor-tissue microbiome features may complement clinicopathological assessment.,BACKGROUND: Tumor-associated microbiota are implicated in colorectal cancer (CRC).,"Quantitative features were modeled by LASSO logistic regression; discrimination of single taxa and combinations was evaluated by ROC/AUC. | RESULTS: In relative-abundance analyses, Fusobacterium nucleatum showed pro-metastatic value (AUC = 0.622). | The best absolute-abundance model for metastasis combined F. nucleatum, Faecalibacterium prausnitzii, total bacterial load, and Akkermansia muciniphila (AUC = 0.739). | Anti-metastatic directionality in relative-abundance models was driven by Acinetobacter spp.; the two-taxon set Eubacterium rectale + Acinetobacter spp. achieved AUC = 0.747.",Not found in abstract / unknown,Not found in abstract / unknown,Not found in abstract / unknown,Not found in abstract / unknown,Not found in abstract / unknown,Not found in abstract / unknown,Not found in abstract / unknown,Not found in abstract / unknown
ITB-000441,Targeting intratumoral bacteria reverses MHC-I suppression and enhances nano-based chemoimmunotherapy in colorectal cancer.,Microbial therapeutics,,Materials / delivery design,Automatic candidate; requires manual review,Not found in abstract / unknown,Not found in abstract / unknown,Not found in abstract / unknown,Not found in abstract / unknown,Not found in abstract / unknown,Not found in abstract / unknown,Not found in abstract / unknown,Antitumor efficacy and safety were also evaluated in vivo using a tumor-bearing mouse model.,Not found in abstract / unknown,Not found in abstract / unknown,"METHODS: A targeted multimodal nano-based chemoimmunotherapy was engineered by co-loading hyaluronic acid (HA)-coated silver nanoparticles (Ag NPs) and paclitaxel (PTX) into tumor-targeting cationic liposomes (Cls). | These results highlighted the dual benefit of liposomes in addressing microbial dysbiosis and immune evasion in CRC. | CONCLUSION: This innovative liposomal strategy disrupts the immunosuppressive TME and synergizes with a small-molecule chemotherapeutic agent to induce tumor cell apoptosis, representing a novel approach to potentiate cancer immunotherapy."
ITB-000449,Fusobacterium nucleatum Promotes Exosomal LncRNA MANCR Secretion from Colorectal Cancer Cells to Induce PD-L1 Expression in Macrophages.,Clinical statistics,,,Automatic candidate; requires manual review,"Analysis of 54 clinical colorectal cancer specimens revealed that high intratumoral F. nucleatum load correlated significantly with PD-L1 upregulation in tumor-associated macrophages, diminished CD8+ T-cell cytotoxicity, and poor patient prognosis.","Analysis of 54 clinical colorectal cancer specimens revealed that high intratumoral F. nucleatum load correlated significantly with PD-L1 upregulation in tumor-associated macrophages, diminished CD8+ T-cell cytotoxicity, and poor patient prognosis. | Mechanistically, F. nucleatum infection activated NF-κB signaling in colorectal cancer cells to induce the transcription of the long noncoding RNA mitotically associated long noncoding RNA (MANCR), which was selectively packaged into exosomes via the ESCRT-III/ALIX complex and transferred to macrophages.",Not found in abstract / unknown,Not found in abstract / unknown,Not found in abstract / unknown,Not found in abstract / unknown,Not found in abstract / unknown,"In humanized mouse models, F. nucleatum exposure inhibited CD8+ T-cell infiltration and suppressed granzyme B activity, thereby compromising antitumor immunity and facilitating tumor proliferation and metastasis.",Not found in abstract / unknown,Not found in abstract / unknown,Not found in abstract / unknown
ITB-000451,Altered crosstalk of bacterial lipopolysaccharide with immune cells in colorectal cancer compared to paired adjacent intestinal tissue.,Clinical statistics,,,Automatic candidate; requires manual review,"By applying 3D light-sheet imaging, spatial transcriptomics, and imaging mass cytometry to patient-derived CRC and adjacent intestinal tissue, bacterial lipopolysaccharide (LPS) can be visualized alongside immune cells and vessels.","In CRC-adjacent tissue, bacterial LPS is mainly associated with CD11c+ dendritic cells, CD15+ neutrophils, and CD163+ macrophages.",Not found in abstract / unknown,Not found in abstract / unknown,Not found in abstract / unknown,Not found in abstract / unknown,Not found in abstract / unknown,Not found in abstract / unknown,Not found in abstract / unknown,Not found in abstract / unknown,Not found in abstract / unknown
ITB-000453,Nanoprodrug targeting tumor-associated intracellular bacteria enhances colorectal cancer immunotherapy.,Microbial therapeutics,,Materials / delivery design,Automatic candidate; requires manual review,Not found in abstract / unknown,"The tumor-associated intracellular microbiota influences cancer progression by fostering an immunosuppressive tumor microenvironment. | When combined with anti-PD-L1 therapy, MTCP-NPs amplify anti-tumor efficacy and prolong survival while promoting the generation of memory-like T cells associated with sustained immune responses. | This strategy establishes a unique microbiome-immunotherapy framework by targeting tumor-associated intracellular bacteria to unleash T cell responses.",Not found in abstract / unknown,Not found in abstract / unknown,Not found in abstract / unknown,Not found in abstract / unknown,Not found in abstract / unknown,Not found in abstract / unknown,Not found in abstract / unknown,Not found in abstract / unknown,"To disarm this microbial shield, we develop infection-specific ciprofloxacin (CIP) prodrug nanoparticles (MTCP-NPs) conjugated to an M2 macrophage-targeting peptide (IL4Rpep-1) via a cathepsin B (CTSB)-cleavable linker (FRRG) to selectively kill intramacrophage F. nucleatum."
ITB-000455,"The landscape of tissue-resident microbiota across normal, polyp, and colorectal cancer tissues.",Clinical statistics,,,Automatic candidate; requires manual review,"Here, we conducted a comprehensive cross-sectional analysis of TRM distribution and abundance across 1134 clinical specimens, including normal mucosa, precancerous polyps, and colorectal cancer (CRC) tissues.","Emerging evidence suggests that tissue-resident microbiota (TRM) is associated with tumor biology; however, their distribution and compositional characteristics across different colorectal tissue types remain incompletely defined. | In contrast, intratumoral microbiota composition showed subtle variation across established tumor stages and was not associated with clinical outcomes. | These findings define diagnostic group-associated patterns of TRM in colorectal tissues and establish a foundation for future mechanistic investigations into the biological roles of TRM in colorectal cancer.",Not found in abstract / unknown,Not found in abstract / unknown,Not found in abstract / unknown,Not found in abstract / unknown,Not found in abstract / unknown,Not found in abstract / unknown,Not found in abstract / unknown,Not found in abstract / unknown,Not found in abstract / unknown
ITB-000457,Cross-cohort resistome and virulome gradients structure the colorectal cancer microbiome.,Clinical statistics,,,Automatic candidate; requires manual review,"We performed an assembly-based metagenomic analysis of more than 500 samples from three geographically distinct cohorts to characterize resistome and virulome patterns associated with CRC. | These components were statistically robust, directionally stable across cohorts, and consistent with functional themes frequently reported in CRC microbiome studies.","The gut microbiome is increasingly implicated in colorectal cancer (CRC), yet the functional signatures associated with disease progression remain poorly resolved across populations. | We performed an assembly-based metagenomic analysis of more than 500 samples from three geographically distinct cohorts to characterize resistome and virulome patterns associated with CRC. | One gradient was enriched for adhesion, efflux, and biofilm-associated functions, while the second reflected immunomodulatory and barrier-related pathways. | These results suggest that functional gene profiles in CRC are organized along reproducible statistical axes, and highlight functional modules, such as adhesion-, iron-associated, and immune-interaction pathways that may complement taxonomic or metabolic biomarkers in future multimodal approaches. | Our work provides a reproducible, assembly-based framework for examining the functional organization of CRC-associated microbiomes across diverse populations.",Not found in abstract / unknown,Not found in abstract / unknown,Not found in abstract / unknown,Not found in abstract / unknown,Not found in abstract / unknown,Not found in abstract / unknown,Not found in abstract / unknown,Not found in abstract / unknown,Not found in abstract / unknown
ITB-000458,Impact of Helicobacter pylori infection on gut and intratumoral microbiome and its association with immunotherapy response in gastrointestinal cancer.,Clinical statistics,,,Automatic candidate; requires manual review,"METHODS: We recruited 218 GC patients, 134 esophageal squamous cell carcinoma (ESCC) patients, and 86 dMMR/MSI-H colorectal cancer (CC) patients and collected their stool and tumor samples to analyze the gut and intratumoral microbiome. | RESULTS: H. pylori-positive patients showed higher alpha diversity and unique microbial signatures, which were associated with increased immune-related progression-free survival (irPFS) and overall survival (irOS). | However, they predicted poor prognosis in patients with esophageal squamous cell carcinoma and colorectal cancer patients with dMMR/MSI-H.","BACKGROUND: Helicobacter pylori (H. pylori) infection is associated with enhanced efficacy of immunotherapy in gastric cancer (GC). | We assessed microbial diversity and composition and correlated these findings with clinical outcomes to evaluate the relationship between H. pylori status, microbiome alterations, and immunotherapy efficacy. | RESULTS: H. pylori-positive patients showed higher alpha diversity and unique microbial signatures, which were associated with increased immune-related progression-free survival (irPFS) and overall survival (irOS). | ER4, and Ruminococcus bromii, which were associated with improved treatment response.",Incorporating H. pylori infection status into the microbiome-based prediction model further improved the accuracy of predicting immunotherapy outcomes in GC. | The clinical value of H. pylori infection status should be considered when establishing a prediction model for immunotherapy efficacy based on gut microbiome.,Not found in abstract / unknown,Not found in abstract / unknown,Not found in abstract / unknown,Not found in abstract / unknown,Not found in abstract / unknown,Not found in abstract / unknown,Not found in abstract / unknown,Not found in abstract / unknown
ITB-000459,Intratumoral microbiome signatures in a North Central Indian colorectal cancer cohort: identification of novel prognostic biomarkers and functional pathways.,Clinical statistics,,,Automatic candidate; requires manual review,"In fact, till date there is no comprehensive study yet that directly compares the microbiome of EOCRC patients in North Central India to other EOCRC groups globally. | We analysed 50 matched tumor and adjacent normal tissues (obtained from the same patient) using 16S rRNA amplicon sequencing. | These findings highlight novel microbial biomarkers and immune-related pathways with potential prognostic implications in this regional CRC cohort.","This comparative observational study aimed to investigate intratumoral microbial signatures in early-onset CRC (EOCRC) and their association with clinical outcomes. | Our findings revealed distinct intratumoral enrichment of oral pathobionts such as Leptotrichia buccalis and Filifactor alocis, which showed significant correlation with mortality risk. | Caldilinea aerophila was detected for the first time in human tumor tissue and was strongly associated with advanced TNM stages (p = 0.01; 83% specificity) in North Central Indian population.",Not found in abstract / unknown,Not found in abstract / unknown,Not found in abstract / unknown,Not found in abstract / unknown,Not found in abstract / unknown,Not found in abstract / unknown,Not found in abstract / unknown,Not found in abstract / unknown,Not found in abstract / unknown
ITB-000460,Tumor-infiltrating bacteria disrupt cancer epithelial cell interactions and induce cell-cycle arrest.,Clinical statistics,,,Automatic candidate; requires manual review,"Findings were validated by live-cell imaging, spatial profiling, mouse models, and a 52-patient colorectal cancer cohort. | In an independent rectal cancer cohort, high Fusobacterium burden correlates with reduced therapy response.",Not found in abstract / unknown,Not found in abstract / unknown,Not found in abstract / unknown,Not found in abstract / unknown,Not found in abstract / unknown,Not found in abstract / unknown,"In vitro, Fusobacterium nucleatum disrupts epithelial contacts, inducing G0-G1 arrest and transcriptional quiescence. | Findings were validated by live-cell imaging, spatial profiling, mouse models, and a 52-patient colorectal cancer cohort.",Not found in abstract / unknown,Not found in abstract / unknown,Not found in abstract / unknown
ITB-000465,Intratumoral microbiota and host genotype cooperatively shape neutrophil cytotoxic functions in colorectal cancer.,Clinical statistics,,,Automatic candidate; requires manual review,"Supporting these findings, in human CRCs, elevated Fusobacterium nucleatum loads and high TAN densities correlate with improved prognosis, whereas lack of Siglec-14 expression is associated with reduced patient survival.","The role of tumor-associated neutrophils (TANs) infiltrating colorectal cancers (CRCs) is still debated. | Supporting these findings, in human CRCs, elevated Fusobacterium nucleatum loads and high TAN densities correlate with improved prognosis, whereas lack of Siglec-14 expression is associated with reduced patient survival.",Not found in abstract / unknown,Not found in abstract / unknown,Not found in abstract / unknown,Not found in abstract / unknown,Not found in abstract / unknown,"Importantly, Fusobacterium nucleatum, but not Bacteroides fragilis, triggers neutrophils to release cytotoxic proteins showing tumoricidal activity in vitro and in xenograft models.",Not found in abstract / unknown,Not found in abstract / unknown,Not found in abstract / unknown
ITB-000466,Hungatella hathewayi: A Tumor-Derived Bacterium Enriched in Colorectal Cancer Tissues and a Potential Diagnostic Biomarker.,Clinical statistics,,,Automatic candidate; requires manual review,"Using quantitative real-time PCR (qPCR), we found significant enrichment of H. hathewayi in fecal samples from CRC patients compared to healthy controls, with mean fold changes of 137-fold and 142-fold for primers P48 and P52, respectively.",Not found in abstract / unknown,Not found in abstract / unknown,Not found in abstract / unknown,Not found in abstract / unknown,Not found in abstract / unknown,Not found in abstract / unknown,In vitro assays using CRC cell lines demonstrated that H. hathewayi-derived succinate upregulates HIF-1α and SUCNR1 expression and promotes cell metastasis by inducing epithelial-mesenchymal transition (EMT).,Not found in abstract / unknown,Not found in abstract / unknown,Not found in abstract / unknown
ITB-000467,Dynamic reorganisation of intratumoural bacterial florae during colorectal cancer progression.,Unresolved,,,Automatic candidate; requires manual review,Not found in abstract / unknown,Not found in abstract / unknown,Not found in abstract / unknown,Not found in abstract / unknown,METHODS: FISH experiments and 16S rRNA sequencing were conducted to determine the inducements of various bacterial colonisation within tissues. | Various degrees of colorectal gland differentiation within tumours cause heterogeneous intratumoural bacterial colonisation.,Not found in abstract / unknown,Not found in abstract / unknown,Not found in abstract / unknown,Not found in abstract / unknown,Not found in abstract / unknown,Not found in abstract / unknown
ITB-000470,Metatranscriptomic analysis of the microbiota of tumor tissue in colon cancer.,Clinical statistics,,,Automatic candidate; requires manual review,"Here, the metatranscriptomic data of tumor and control tissue-associated microbiota (n = 18 pairs), as well as from subgingival sulcus (n = 15) of CRC patients, was analyzed.","Here, the metatranscriptomic data of tumor and control tissue-associated microbiota (n = 18 pairs), as well as from subgingival sulcus (n = 15) of CRC patients, was analyzed. | In addition, the activity of this species was positively correlated with other oral bacteria in the tumors, including Parvimonas micra, Peptostreptococcus stomatis, and Granulicatella adiacens, along with gut bacteria like Hungatella hathewayi, suggesting a potential relationship among them. | Regarding bacterial gene expression, a change in the functional profile was observed, including a higher expression of genes associated with carbon metabolism in control in contrast to an increase of amino acid-related genes in tumor. | Correlation analysis of the bacterial activity with the host transcriptional profile showed significant correlations of the Fusobacterium-Peptostreptotoccus-Hungatella cluster with human genes involved in inflammation and metastasis, confirming the association of this microbial consortium with tumor development. | CONCLUSIONS: In short, this study discovered new traits about tumor microbial-associated composition and activity and its connection with the oral composition that would be essential to unravel the translocation, colonization, and tumorigenesis of the CRC.",Not found in abstract / unknown,Not found in abstract / unknown,"Interestingly, a significantly higher expression in tumor than control tissue of potential virulence factors from F. nucleatum was found, supporting their relevance in niche colonization and tumorigenesis. | CONCLUSIONS: In short, this study discovered new traits about tumor microbial-associated composition and activity and its connection with the oral composition that would be essential to unravel the translocation, colonization, and tumorigenesis of the CRC.",Not found in abstract / unknown,Not found in abstract / unknown,Not found in abstract / unknown,Not found in abstract / unknown,Not found in abstract / unknown,Not found in abstract / unknown
ITB-000471,Intratumoral Prevotella copri Reprograms MARCO+ Tumor-Associated Macrophages by Depleting Glycerophosphocholine to Drive Colorectal Cancer Progression.,Clinical statistics,,,Automatic candidate; requires manual review,"In this study, 16S rRNA sequencing of tissues from patients with colorectal cancer identified Prevotella, particularly the dominant species Prevotella copri, as a key intratumoral bacterium. | Untargeted metabolomics revealed glycerophosphocholine (GPC) as the only conserved metabolite depleted by P. copri across murine models and bacterial cultures, a finding confirmed by spatial metabolomics in clinical specimens.","The parenchymal invasion of P. copri was confirmed by FISH, and the abundance of P. copri correlated with advanced tumor stages and postoperative serologic markers. | In multiple murine models, P. copri not only accelerated tumor growth but also reprogrammed tumor-associated macrophages (TAM) toward a protumoral state.",Not found in abstract / unknown,Not found in abstract / unknown,Not found in abstract / unknown,Not found in abstract / unknown,Not found in abstract / unknown,"In multiple murine models, P. copri not only accelerated tumor growth but also reprogrammed tumor-associated macrophages (TAM) toward a protumoral state. | Untargeted metabolomics revealed glycerophosphocholine (GPC) as the only conserved metabolite depleted by P. copri across murine models and bacterial cultures, a finding confirmed by spatial metabolomics in clinical specimens.",Not found in abstract / unknown,Not found in abstract / unknown,Not found in abstract / unknown
ITB-000846,Tumor-associated microbiome features of metastatic colorectal cancer and clinical implications.,Clinical statistics,,,Automatic candidate; requires manual review,"We analyzed 16S rRNA sequencing data from tumor samples of patients with metastatic CRC and determined the clinical implications. | MATERIALS AND METHODS: We enrolled 133 patients with metastatic CRC at St. | The median age of patients was 63 years (range, 34-82 years), and 76 patients (63.3%) were male. | After removing genera with <1% of the total reads in each patient, 523 genera were identified.","Survival analysis revealed that the presence of Prevotella (p = 0.052), Fusobacterium (p = 0.002), Selenomonas (p<0.001), Fretibacterium (p = 0.001), Porphyromonas (p = 0.007), Peptostreptococcus (p = 0.002), and Leptotrichia (p = 0.003) were associated with short overall survival (OS, <24 months), while the presence of Sphingomonas was associated with long OS (p = 0.070). | From the multivariate analysis, the presence of Selenomonas (hazard ratio [HR], 6.35; 95% confidence interval [CI], 2.38-16.97; p<0.001) was associated with poor prognosis along with high CEA level.",Not found in abstract / unknown,Not found in abstract / unknown,Not found in abstract / unknown,Not found in abstract / unknown,Not found in abstract / unknown,Not found in abstract / unknown,Not found in abstract / unknown,Not found in abstract / unknown,Not found in abstract / unknown
ITB-000848,Elimination of Fusobacterium nucleatum With Biomimetic Nanoparticles to Reverse Tumor Immunosuppression and Enhance Colorectal Cancer Therapy.,Microbial therapeutics,,Materials / delivery design,Automatic candidate; requires manual review,Not found in abstract / unknown,"Tumor-associated microbes like Fusobacterium nucleatum (F. nucleatum) critically contribute to immunosuppression and hinder cancer therapy. | This work proposes a therapeutic strategy for cancer that targets tumor-associated bacteria to reprogram the TME, paving the way for more effective cancer treatments.",Not found in abstract / unknown,Not found in abstract / unknown,Not found in abstract / unknown,Not found in abstract / unknown,Not found in abstract / unknown,Not found in abstract / unknown,Not found in abstract / unknown,Not found in abstract / unknown,"To overcome this challenge, we developed a microbe-targeted immune reprogramming strategy utilizing tumor cell membrane-camouflaged Ag@MSN-PpIX nanoparticles (M-MAP)."
ITB-000851,Tumour microbiomes and Fusobacterium genomics in Vietnamese colorectal cancer patients.,Clinical statistics,,,Automatic candidate; requires manual review,"We enrolled 43 Vietnamese CRC patients and 25 participants with non-cancerous colorectal polyps to study the colonic microbiomes and genomic diversity of Fusobacterium in this population, using a combination of 16S rRNA gene profiling, anaerobic microbiology, and whole genome analysis. | We obtained 53 Fusobacterium genomes, representing 26 strains, from the saliva, tumour and non-tumour tissues of six CRC patients. | Our work provides a framework to understand the genomic diversity of Fusobacterium within the CRC patients, which can be exploited for the development of CRC diagnostic and therapeutic options targeting this oncobacterium.","Perturbations in the gut microbiome have been associated with colorectal cancer (CRC), with the colonic overabundance of Fusobacterium nucleatum shown as the most consistent marker. | Phylogenetic analyses showed that within four individuals, tumour-associated Fusobacterium were clonal to those isolated from non-tumour tissues.",Not found in abstract / unknown,Not found in abstract / unknown,Not found in abstract / unknown,Not found in abstract / unknown,Not found in abstract / unknown,Not found in abstract / unknown,Not found in abstract / unknown,Not found in abstract / unknown,Not found in abstract / unknown
ITB-000852,Distinct clinical and microbial profiles in left-sided and right-sided colorectal cancer: a comprehensive analysis.,Clinical statistics,,,Automatic candidate; requires manual review,"This study investigates the clinical and microbial differences between left-sided colorectal cancer (LCC) and right-sided colorectal cancer (RCC), as well as the microbial profiles in tumor tissues (T) and peritumoral tissues (P) of colorectal cancer (CRC) patients. | A total of 240 tissue samples were collected from CRC patients and classified based on the tumor location (LCC vs RCC) and tissue type (tumor vs peritumoral). | LCC patients were older, heavier, and taller, with higher levels of tumor markers (CEA and CA199). | In this study of 240 Chinese patients, we report the first integrated analysis combining clinical features with tissue microbial profiles (tumor vs peritumoral) according to the primary tumor location.","Future research should further explore these differences and their clinical implications.IMPORTANCEColorectal cancer (CRC) exhibits marked biological and prognostic differences between left-sided (LCC) and right-sided (RCC) tumors, yet the role of the tumor-associated microbiome stratified by sidedness remains poorly defined.",Not found in abstract / unknown,Not found in abstract / unknown,Not found in abstract / unknown,Not found in abstract / unknown,Not found in abstract / unknown,Not found in abstract / unknown,Not found in abstract / unknown,Not found in abstract / unknown,Not found in abstract / unknown
ITB-000853,A distinct Fusobacterium nucleatum clade dominates the colorectal cancer niche.,Mechanistic studies,Clinical statistics,,Automatic candidate; requires manual review,"High intratumoural Fn loads are associated with recurrence, metastases and poorer patient prognosis5-8. | Here, to delineate Fn genetic factors facilitating tumour colonization, we generated closed genomes for 135 Fn strains; 80 oral strains from individuals without cancer and 55 unique cancer strains cultured from tumours from 51 patients with CRC. | Microbiome analysis of human tumour tissue from 116 patients with CRC demonstrated Fna C2 enrichment. | This was further supported by metagenomic analysis of stool samples from 627 patients with CRC and 619 healthy individuals.","High intratumoural Fn loads are associated with recurrence, metastases and poorer patient prognosis5-8. | Inter-Fna analyses identified 195 Fna C2-associated genetic factors consistent with increased metabolic potential and colonization of the gastrointestinal tract.",Not found in abstract / unknown,Not found in abstract / unknown,"Here, to delineate Fn genetic factors facilitating tumour colonization, we generated closed genomes for 135 Fn strains; 80 oral strains from individuals without cancer and 55 unique cancer strains cultured from tumours from 51 patients with CRC. | Inter-Fna analyses identified 195 Fna C2-associated genetic factors consistent with increased metabolic potential and colonization of the gastrointestinal tract.",Not found in abstract / unknown,Not found in abstract / unknown,"In support of this, Fna C2-treated mice had an increased number of intestinal adenomas and altered metabolites.",Not found in abstract / unknown,Not found in abstract / unknown,Not found in abstract / unknown
ITB-000862,Fusobacterium nucleatum in Colorectal Cancer Relates to Immune Response Differentially by Tumor Microsatellite Instability Status.,Clinical statistics,,,Automatic candidate; requires manual review,"Using samples from 1,041 rectal and colon cancer patients within the Nurses' Health Study and Health Professionals Follow-up Study, we measured F. nucleatum DNA in tumor tissue by a quantitative polymerase chain reaction assay.","The presence of Fusobacterium nucleatum (F. nucleatum) in colorectal carcinoma tissue has been associated with microsatellite instability (MSI), lower-level T-cell infiltrates, and poor clinical outcomes. | Considering differences in the tumor-immune microenvironment between MSI-high and non-MSI-high carcinomas, we hypothesized that the association of F. nucleatum with immune response might differ by tumor MSI status. | Multivariable logistic regression models were used to examine the association between F. nucleatum status and histopathologic lymphocytic reactions or density of CD3+ cells, CD8+ cells, CD45RO (PTPRC)+ cells, or FOXP3+ cells in strata of tumor MSI status. | The association of F. nucleatum with tumor-infiltrating lymphocytes (TIL) and intratumoral periglandular reaction differed by tumor MSI status (P interaction = 0.002). | The presence of F. nucleatum was negatively associated with TIL in MSI-high tumors [multivariable odds ratio (OR), 0.45; 95% confidence interval (CI), 0.22-0.92], but positively associated with TIL in non-MSI-high tumors (multivariable OR 1.91; 95% CI, 1.12-3.25). | No significant differential association was observed for peritumoral lymphocytic reaction, Crohn-like lymphoid reaction, or T-cell densities. | In conclusion, the association of F. nucleatum with immune response to colorectal carcinoma differs by tumor MSI status, suggesting that F. nucleatum and MSI status interact to affect antitumor immune reactions.",Not found in abstract / unknown,Not found in abstract / unknown,Not found in abstract / unknown,Not found in abstract / unknown,Not found in abstract / unknown,Not found in abstract / unknown,Not found in abstract / unknown,Not found in abstract / unknown,Not found in abstract / unknown
ITB-000864,Heterogeneous distribution of Fusobacterium nucleatum in the progression of colorectal cancer.,Clinical statistics,,,Automatic candidate; requires manual review,BACKGROUND AND AIM: Fusobacterium nucleatum (Fn) is involved in colorectal cancer (CRC) growth and is a biomarker for patient prognosis and management.,"The intratumoral heterogeneity of Fn is important in the use of Fn as a biomarker, as Fn is associated with CRC proliferative capacity.",Not found in abstract / unknown,Not found in abstract / unknown,Not found in abstract / unknown,Not found in abstract / unknown,Not found in abstract / unknown,Not found in abstract / unknown,Not found in abstract / unknown,Not found in abstract / unknown,Not found in abstract / unknown
ITB-000865,Impact of Fusobacterium nucleatum on immune cell interactions and gene expression in colorectal cancer: a retrospective cohort study.,Clinical statistics,,,Automatic candidate; requires manual review,"METHODS: A cohort of 107 patients with localized CRC treated between 2005 and 2017 was analyzed, categorizing tumors as Fn-positive (Fn+) or Fn-negative (Fn-) using quantitative PCR. | Patient characteristics, tumor characteristics and survival data were compared between groups. | RESULTS: In 45 out of 107 patients (42%) tumors were classified as Fn+.","Fn positivity was significantly associated with poor tumor differentiation (p=0.008) but did not significantly impact overall survival (OS; log-rank p = 0.099) or disease-free survival (DFS, log-rank p=0.595).",Not found in abstract / unknown,Not found in abstract / unknown,Not found in abstract / unknown,Not found in abstract / unknown,Not found in abstract / unknown,Not found in abstract / unknown,Not found in abstract / unknown,Not found in abstract / unknown,Not found in abstract / unknown
ITB-000868,Parvimonas micra is associated with tumour immune profiles in molecular subtypes of colorectal cancer.,Clinical statistics,,,Automatic candidate; requires manual review,"We applied specific qPCR to detect Parvimonas micra and Fusobacterium nucleatum in tumour tissues from an immunologically well-characterised cohort of 69 CRC patients. | This cohort included detailed analyses of immune profiles based on flow cytometry and transcriptomics in tumour tissue and blood, along with comprehensive analyses of molecular subtypes.","The aim of this study was to explore the effect of specific CRC associated microbes on the tumour immune response, which has a considerable prognostic value in CRC. | We found a significant association of P. micra with high-grade tumours and tumours of CMS1 subtype. | F. nucleatum was significantly associated with right-sided tumours, microsatellite instability, and CMS1 tumours. | The immunological analyses revealed significant associations of P. micra with activated CD69+ T lymphocytes and increased antigen-presenting HLA-DR+ B lymphocytes. | P. micra was also positively associated with M1 and M2 macrophage traits. | No associations were found between F. nucleatum and immune profiles in this study. | Our findings support novel associations between P. micra and the immune response in CRC.",Not found in abstract / unknown,Not found in abstract / unknown,The impact of P. micra tumour colonisation on the immune response was further assessed using transcriptomics in validation of our findings.,Not found in abstract / unknown,Not found in abstract / unknown,Not found in abstract / unknown,Not found in abstract / unknown,Not found in abstract / unknown,Not found in abstract / unknown
ITB-000874,Colorectal cancer biofilm composition reveals distinct bacterial species signature.,Clinical statistics,,,Automatic candidate; requires manual review,"This study aims to explore the microbial composition of colonic biofilms from the Indian cohort of colorectal cancer patients from New Delhi, which is witnessing a rise in the incidence of CRC. | KEY POINTS: • Tumor-associated biofilms show distinct microbial dysbiosis in Indian CRC patients. • Enrichment of Escherichia coli, Klebsiella pneumoniae, and Bacteroides fragilis was observed at tumor site. • Insights into biofilm composition may aid to targeted interventions for CRC risk reduction.","The results showed quite different microbial patterns and tumor-associated biofilms were found to have an increased density of Escherichia coli, Klebsiella pneumoniae, and Bacteroides fragilis, while Fusobacterium nucleatum and E. coli (pks⁺) with a pks⁺ genomic island encoding the genotoxin colibactin were seen less often. | KEY POINTS: • Tumor-associated biofilms show distinct microbial dysbiosis in Indian CRC patients. • Enrichment of Escherichia coli, Klebsiella pneumoniae, and Bacteroides fragilis was observed at tumor site. • Insights into biofilm composition may aid to targeted interventions for CRC risk reduction.",Not found in abstract / unknown,Not found in abstract / unknown,Not found in abstract / unknown,Not found in abstract / unknown,Not found in abstract / unknown,Not found in abstract / unknown,Not found in abstract / unknown,Not found in abstract / unknown,Not found in abstract / unknown
ITB-000887,Association of Dietary Patterns With Risk of Colorectal Cancer Subtypes Classified by Fusobacterium nucleatum in Tumor Tissue.,Clinical statistics,,,Automatic candidate; requires manual review,"DESIGN, SETTING, AND PARTICIPANTS: A prospective cohort study was conducted using data from the Nurses' Health Study (June 1, 1980, to June 1, 2012) and the Health Professionals Follow-up Study (June 1, 1986, to June 1, 2012) on a total of 121 700 US female nurses and 51 529 US male health professionals aged 30 to 55 years and 40 to 75 years, respectively (both predominantly white individuals), at enrollment.","OBJECTIVE: To test the hypothesis that the associations of prudent diets (rich in whole grains and dietary fiber) and Western diets (rich in red and processed meat, refined grains, and desserts) with colorectal cancer risk may differ according to the presence of F nucleatum in tumor tissue. | The association of prudent diet with colorectal cancer significantly differed by tissue F nucleatum status (P = .01 for heterogeneity); prudent diet score was associated with a lower risk of F nucleatum-positive cancers (P = .003 for trend; multivariable hazard ratio of 0.43; 95% CI, 0.25-0.72, for the highest vs the lowest prudent score quartile) but not with F nucleatum-negative cancers (P = .47 for trend, the corresponding multivariable hazard ratio of 0.95; 95% CI, 0.77-1.17). | CONCLUSIONS AND RELEVANCE: Prudent diets rich in whole grains and dietary fiber are associated with a lower risk for F nucleatum-positive colorectal cancer but not F nucleatum-negative cancer, supporting a potential role for intestinal microbiota in mediating the association between diet and colorectal neoplasms.",Not found in abstract / unknown,Not found in abstract / unknown,Not found in abstract / unknown,Not found in abstract / unknown,Not found in abstract / unknown,Not found in abstract / unknown,Not found in abstract / unknown,Not found in abstract / unknown,Not found in abstract / unknown
ITB-000889,Cytotoxic T-Cell Trafficking Chemokine Profiles Correlate With Defined Mucosal Microbial Communities in Colorectal Cancer.,Clinical statistics,,,Automatic candidate; requires manual review,"We analyzed the expression of chemokine C-X-C motif ligands 9, 10, and 11 (CXCL9, CXCL10, and CXCL11), and C-C motif ligand 5 (CCL5), characterized gut mucosa-associated microbiota (MAM), and investigated their correlations in CRC patients. | Our results showed that the expression of CXCL9, CXCL10, and CXCL11 was significantly higher in tumor than in adjacent normal tissues in 136 CRC patients.","The current study aimed to evaluate the expression of major cytotoxic T-cell trafficking chemokines (CTTCs) and chemokine-associated microbiota profiles in both tumor and adjacent normal tissues during CRC progression. | We analyzed the expression of chemokine C-X-C motif ligands 9, 10, and 11 (CXCL9, CXCL10, and CXCL11), and C-C motif ligand 5 (CCL5), characterized gut mucosa-associated microbiota (MAM), and investigated their correlations in CRC patients. | Notably, the high expression of CXCL9 in tumor tissues was associated with enhanced CD8+ T-cell infiltration and improved survival. | In addition, stronger associations between oral bacteria and other gut microbes were observed. | Furthermore, the correlation analysis between the defined MAM and individual CTTCs showed that the CTTCs' correlated operational taxonomic units (OTUs) in tumor and adjacent normal tissues rarely overlap with each other. | Notably, all the enriched OTUs were positively correlated with the CTTCs in either tumor or adjacent normal tissues. | Our findings demonstrated stronger interactions between oral bacteria and gut microbes, and a shifted correlation pattern between MAM and major CTTCs in tumor tissues, underlining possible mechanisms of gut microbiota-host interaction in CRC.",Not found in abstract / unknown,Not found in abstract / unknown,Not found in abstract / unknown,Not found in abstract / unknown,Not found in abstract / unknown,Not found in abstract / unknown,Not found in abstract / unknown,Not found in abstract / unknown,Not found in abstract / unknown
ITB-000891,Differences in tissue-associated bacteria between metastatic and non-metastatic colorectal cancer.,Clinical statistics,,,Automatic candidate; requires manual review,METHODS: 16S rDNA amplicon high-throughput sequencing was used to test the intestinal tissue-associated microbiota in patients with metastatic CRC (n = 48) and non-metastatic CRC (n = 44).,"However, the effects of the tissue-associated microbiota on CRC metastasis are poorly defined. | METHODS: 16S rDNA amplicon high-throughput sequencing was used to test the intestinal tissue-associated microbiota in patients with metastatic CRC (n = 48) and non-metastatic CRC (n = 44).","Receiver operating characteristic (ROC) curves were plotted to evaluate the ability of the differential bacteria in predicting the metastasis of CRC. | The ROC curves of the selected bacteria showed area under the curve (AUC) values ranging from 0.598 to 0.69; when CEA and the selected bacteria were combined, the AUC values increased from 0.678 to 0.705.",Not found in abstract / unknown,Not found in abstract / unknown,Not found in abstract / unknown,Not found in abstract / unknown,Not found in abstract / unknown,Not found in abstract / unknown,Not found in abstract / unknown,Not found in abstract / unknown
ITB-000897,Fusobacterium nucleatum in biopsied tissues from colorectal cancer patients and alcohol consumption in Korea.,Clinical statistics,,,Automatic candidate; requires manual review,"We aimed to determine the prevalence of CRC-associated bacteria using quantitative real-time PCR (qPCR) or 16S rRNA analysis and the statistical correlations of patient demographics and clinical characteristics comprising alcohol consumption with CRC-associated bacteria. | We determined the prevalence of five CRC-associated bacterial species in 38 CRC patients (39 samples) and 21 normal individuals using qPCR, and the relative abundance of bacterial taxa in the gut microbiome was assessed using 16S rRNA analysis. | Fusobacterium nucleatum was the only bacterium that was significantly (P < 0.0001) more prevalent in the cancer tissue (82.1%) than in the normal tissue (0%) by qPCR. 16S rRNA analysis showed a significant correlation between six operational taxonomic units (OTUs), namely, the genera Fusobacterium, Peptostreptococcus, Collinsella, Prevotella, Parvimonas, and Gemella, in patients with CRC.","We aimed to determine the prevalence of CRC-associated bacteria using quantitative real-time PCR (qPCR) or 16S rRNA analysis and the statistical correlations of patient demographics and clinical characteristics comprising alcohol consumption with CRC-associated bacteria. | We determined the prevalence of five CRC-associated bacterial species in 38 CRC patients (39 samples) and 21 normal individuals using qPCR, and the relative abundance of bacterial taxa in the gut microbiome was assessed using 16S rRNA analysis. | Fusobacterium nucleatum was the only bacterium that was significantly (P < 0.0001) more prevalent in the cancer tissue (82.1%) than in the normal tissue (0%) by qPCR. 16S rRNA analysis showed a significant correlation between six operational taxonomic units (OTUs), namely, the genera Fusobacterium, Peptostreptococcus, Collinsella, Prevotella, Parvimonas, and Gemella, in patients with CRC. | An integrated analysis using 16S rRNA data and epidemiological characteristics showed that alcohol consumption was significantly correlated with the abundance of Fusobacterium OTUs. | The correlation of alcohol consumption with the abundance of Fusobacterium OTUs in cancer tissue discovered using 16S rRNA analysis suggests a possible link between alcohol metabolism and subsequent tumorigenesis caused by F. nucleatum.",Not found in abstract / unknown,Not found in abstract / unknown,Not found in abstract / unknown,Not found in abstract / unknown,Not found in abstract / unknown,Not found in abstract / unknown,Not found in abstract / unknown,Not found in abstract / unknown,Not found in abstract / unknown
ITB-000899,High frequency of enterotoxigenic Bacteroides fragilis and Enterococcus faecalis in the paraffin-embedded tissues of Iranian colorectal cancer patients.,Clinical statistics,,,Automatic candidate; requires manual review,"So, we aimed to quantitate Streptococcus gallolyticus, Fusobacterium spp, Enterococcus faecalis and enterotoxigenic Bacteroides fragilis (ETBF) in formalin-fixed and paraffin-embedded (FFPE) colorectal tissue samples of Iranian CRC patients and healthy controls. | METHODS: A total of 80 FFPE colorectal tissue samples of CRC patients (n = 40) and healthy controls (n = 40) were investigated for the presence and copy number of above bacterial species using quantitative PCR. | CONCLUSION: Our study revealed the higher concentration of E. faecalis and ETBF in FFPE samples of CRC patients than controls.","BACKGROUND: The association between specific bacteria and colorectal cancer (CRC) has been proposed. | However, additional investigations on fecal and fresh colorectal cancer tissue samples are required to substantiate this correlation.",Not found in abstract / unknown,Not found in abstract / unknown,Not found in abstract / unknown,Not found in abstract / unknown,Not found in abstract / unknown,Not found in abstract / unknown,Not found in abstract / unknown,Not found in abstract / unknown,Not found in abstract / unknown
ITB-000900,Highly Sensitive DNA Testing of Fusobacterium nucleatum in Colorectal Tumors.,Unresolved,,,Automatic candidate; requires manual review,Not found in abstract / unknown,"BACKGROUND: Fusobacterium nucleatum (Fn) has been associated with the risk of colorectal cancer, poor colorectal cancer survival, and tumor attributes. | In multivariable-adjusted analyses, proximal colon tumors were significantly associated with Fn enrichment (OR vs. rectal tumors: 1.86; 95% confidence interval, 1.11-3.24). | IMPACT: ddPCR enhanced detection of Fn(nusG) for studies targeting tumor-associated bacteria.",Not found in abstract / unknown,Not found in abstract / unknown,Not found in abstract / unknown,Not found in abstract / unknown,Not found in abstract / unknown,Not found in abstract / unknown,Not found in abstract / unknown,Not found in abstract / unknown,Not found in abstract / unknown
ITB-000901,Intestinal bacteria detected in cancer and adjacent tissue from patients with colorectal cancer.,Clinical statistics,,,Automatic candidate; requires manual review,"However, a significant difference was identified in the composition of intestinal bacteria in stool samples collected from patients following surgery compared with stool samples collected prior to surgery. | Each patient had their own unique intestinal bacterial community, likely due to a number of factors, including diet, genetic factors and health status. | Finally, PCA suggested that the bacterial community structure in all patient stools was similar following surgery. | The current study provides information regarding the diversity of the intestinal bacterial community of patients with CRC and provides a basis for postoperative intestinal assessments.","In addition, phylogenetic trees revealed that the most abundant operational taxonomic unit, 0001, was associated with Escherichia coli in all samples.",Not found in abstract / unknown,Not found in abstract / unknown,Not found in abstract / unknown,Not found in abstract / unknown,Not found in abstract / unknown,Not found in abstract / unknown,Not found in abstract / unknown,Not found in abstract / unknown,Not found in abstract / unknown
ITB-000902,Long-read 16S rRNA amplicon sequencing reveals microbial characteristics in patients with colorectal adenomas and carcinoma lesions in Egypt.,Clinical statistics,,,Automatic candidate; requires manual review,"AIM: To address the scarcity of information on differential microbiome composition of tumor tissue in comparison to adenomas and the lack of such data from Egyptian patients with CRC. | MATERIALS AND METHODS: Long-read nanopore sequencing of 16S rRNA amplicons was used to profile the colonic microbiota from fresh colonoscopic biopsy samples of Egyptian patients with CRC and patients with colonic polyps. | The Enterococcus spp. were significantly overabundant in patients with rectal cancer and early-onset CRC, while Staphylococcus spp. were significantly higher in patients with sigmoid cancer and late-onset CRC. | In addition, the relative abundance of Fusobacterium nucleatum was significantly higher in CRC patients. | In summary, this study addressed the microbial dysbiosis associated with CRC and colonic polyps groups, paving the way for a better understanding of the pathogenesis of early and late-onset CRC in Egyptian patients.","In summary, this study addressed the microbial dysbiosis associated with CRC and colonic polyps groups, paving the way for a better understanding of the pathogenesis of early and late-onset CRC in Egyptian patients.",Not found in abstract / unknown,Not found in abstract / unknown,Not found in abstract / unknown,Not found in abstract / unknown,Not found in abstract / unknown,Not found in abstract / unknown,Not found in abstract / unknown,Not found in abstract / unknown,Not found in abstract / unknown
ITB-000904,Mucosal cancer-associated microbes and anastomotic leakage after resection of colorectal carcinoma.,Clinical statistics,,,Automatic candidate; requires manual review,"METHODS: We analyzed 256 fresh frozen tissues of colorectal cancer from patients who underwent elective colorectal resection and anastomosis. | Multivariable logistic regression analysis was conducted to assess associations of these microbes with anastomotic leakage, adjusting for patient and tumor characteristics, and surgery-related factors.","Thus, we hypothesized that amounts of colorectal cancer-associated microbes in colorectal tissue might be associated with anastomotic leakage after resection for colorectal carcinoma. | Amounts of colorectal cancer-associated microbes, including Fusobacterium nucleatum, Escherichia coli possessing the polyketide synthase (pks) gene cluster, Enterococcus faecalis, and Bifidobacterium genus, in colorectal cancer tissues were measured by quantitative polymerase chain reaction assay; we equally dichotomized positive cases (high versus low). | Multivariable logistic regression analysis was conducted to assess associations of these microbes with anastomotic leakage, adjusting for patient and tumor characteristics, and surgery-related factors. | Compared with Bifidobacterium genus-negative cases, Bifidobacterium genus-high cases were associated with an increased risk of anastomotic leakage (multivariable odds ratio, 3.96; 95% confidence interval, 1.50 to 10.51; Ptrend = 0.004). | The association of Fusobacterium nucleatum, pks-positive Escherichia coli, or Enterococcus faecalis with anastomotic leakage was not statistically significant. | CONCLUSIONS: The amount of Bifidobacterium genus in colorectal tissue is associated with an increased risk of anastomotic leakage after resection for colorectal cancer.",Not found in abstract / unknown,Not found in abstract / unknown,Not found in abstract / unknown,Not found in abstract / unknown,Not found in abstract / unknown,Not found in abstract / unknown,Not found in abstract / unknown,Not found in abstract / unknown,Not found in abstract / unknown
ITB-000905,Pks-positive Escherichia coli in tumor tissue and surrounding normal mucosal tissue of colorectal cancer patients.,Clinical statistics,,,Automatic candidate; requires manual review,This study included 413 patients with CRC.,"A significant association exists between the gut microbiome and colorectal carcinogenesis, as well as cancer progression. | High abundance of pks+ E. coli in tumor tissue was significantly associated with shallower tumor depth (hazard ratio [HR] = 5.0, 95% confidence interval [CI] = 2.3-11.3, p < 0.001) and absence of lymph node metastasis (HR = 3.0, 95% CI = 1.8-5.1, p < 0.001) in multivariable logistic analyses. | Pks+ E. coli-low and -negative groups were significantly associated with shorter CRC-specific survival (HR = 6.4, 95% CI = 1.7-25.6, p = 0.005) and shorter relapse-free survival (HR = 3.1, 95% CI = 1.3-7.3, p = 0.01) compared to the pks+ E. coli-high group. | Pks+ E. coli was abundant in Stages 0-I CRC and associated with CRC prognosis. | These results suggest that pks+ E. coli might contribute to carcinogenesis of CRC but might not be associated with tumor progression.",Not found in abstract / unknown,Not found in abstract / unknown,Not found in abstract / unknown,Not found in abstract / unknown,Not found in abstract / unknown,Not found in abstract / unknown,Not found in abstract / unknown,Not found in abstract / unknown,Not found in abstract / unknown
ITB-000911,Tissue-resident Lachnospiraceae family bacteria protect against colorectal carcinogenesis by promoting tumor immune surveillance.,Clinical statistics,,,Automatic candidate; requires manual review,"Here, we analyzed the intratissue bacteria from CRC patient colon tissues.",Not found in abstract / unknown,Not found in abstract / unknown,Not found in abstract / unknown,Not found in abstract / unknown,Not found in abstract / unknown,Not found in abstract / unknown,Tissue-resident Rg and Bp reduced colon tumor growth and promoted the activation of CD8+ T cells in immunocompetent mice.,Not found in abstract / unknown,Not found in abstract / unknown,Not found in abstract / unknown
ITB-000914,Co-occurrence of anaerobic bacteria in colorectal carcinomas.,Unresolved,,,Automatic candidate; requires manual review,Not found in abstract / unknown,"Metagenomic studies have shown an association between Fusobacterium species and colorectal carcinoma. | We analyzed these data using co-occurrence networks in order to identify microbe-microbe and host-microbe associations specific to tumors. | This polymicrobial signature was associated with over-expression of numerous host genes, including the gene encoding the pro-inflammatory chemokine Interleukin-8. | The tumor-associated bacteria we have identified are all Gram-negative anaerobes, recognized previously as constituents of the oral microbiome, which are capable of causing infection. | CONCLUSIONS: A polymicrobial signature of Gram-negative anaerobic bacteria is associated with colorectal carcinoma tissue.",Not found in abstract / unknown,Not found in abstract / unknown,Not found in abstract / unknown,Not found in abstract / unknown,Not found in abstract / unknown,Not found in abstract / unknown,Not found in abstract / unknown,Not found in abstract / unknown,Not found in abstract / unknown
ITB-000916,Enterococcus faecalis promotes a migratory and invasive phenotype in colon cancer cells.,Unresolved,,,Automatic candidate; requires manual review,Not found in abstract / unknown,Not found in abstract / unknown,Not found in abstract / unknown,Not found in abstract / unknown,Not found in abstract / unknown,Not found in abstract / unknown,Not found in abstract / unknown,The presence of collagenolytic bacteria at this site correlates with the tumor progression in a mouse model of post-surgical tumor development. | Therefore the aims of this study were to assess the role of collagenolytic E. faecalis on the migration and invasion of a murine colon cancer cell line.,Not found in abstract / unknown,Not found in abstract / unknown,Not found in abstract / unknown
ITB-000917,Characterization of tumor-infiltrating immune cells in relation to microbiota in colorectal cancers.,Clinical statistics,,,Automatic candidate; requires manual review,"Bacteroides (phylum Bacteroidetes) and Faecalibacterium (phylum Firmicutes) were increased in the patients with high numbers of Tregs and clearly high distribution of FOXp3highCD45RA- Tregs, which are the effector Tregs. | Faecalibacterium, Ruminococcaceae, Eubacterium (phylum Firmicutes), and Bacteroides were increased in patients with a high distribution of M1 TAMs.","To develop new treatment strategies, including immunotherapy for colorectal cancer (CRC), we evaluated the correlations between subpopulations of tumor-infiltrating immune cells (TIICs) and intestinal microbiota in CRC. | TIICs including Tregs, Th17 cells and tumor-associated macrophages (TAMs) in the surgically resected specimens were analyzed using flow cytometry. | TIICs subpopulations in the normal mucosa and tumor samples were evaluated, and the correlations between the TIIC subpopulations and intestinal microbiota were analyzed.",Not found in abstract / unknown,Not found in abstract / unknown,Not found in abstract / unknown,Not found in abstract / unknown,Not found in abstract / unknown,Not found in abstract / unknown,Not found in abstract / unknown,Not found in abstract / unknown,Not found in abstract / unknown
ITB-000922,Bacteroides acidifaciens enriched by KRAS mutation promotes colorectal tumorigenesis.,Mechanistic studies,Clinical statistics,,Automatic candidate; requires manual review,"Here, we profiled intratumoral microbiomes from KRAS-mutant CRC patients and intestine-specific oncogenic KRASG12D mice, revealing that KRAS reshapes the microbial community, enriching Bacteroides acidifaciens that predicts poor prognosis in KRAS-mutant CRC patients.",Not found in abstract / unknown,Not found in abstract / unknown,Not found in abstract / unknown,Not found in abstract / unknown,SusF ablation or ARHGEF2 knockout in KRAS-mutant CRC cells abrogates the pro-tumorigenic effects of B. acidifaciens.,Not found in abstract / unknown,"Here, we profiled intratumoral microbiomes from KRAS-mutant CRC patients and intestine-specific oncogenic KRASG12D mice, revealing that KRAS reshapes the microbial community, enriching Bacteroides acidifaciens that predicts poor prognosis in KRAS-mutant CRC patients. | Employing isogenic CRC cells and mice with or without mutant KRAS, we demonstrate that B. acidifaciens promotes malignant phenotypes in KRAS-mutant CRC cells and intestine-specific KRASG12D mice but not in wild-type counterparts.",Not found in abstract / unknown,Not found in abstract / unknown,Not found in abstract / unknown
ITB-000925,Re-purposing 16S rRNA gene sequence data from within case paired tumor biopsy and tumor-adjacent biopsy or fecal samples to identify microbial markers for colorectal cancer.,Clinical statistics,,,Automatic candidate; requires manual review,"In this study, we systematically analyzed previously published 16S rRNA sequence data from CRC patients with matched tumor:tumor-adjacent biopsies (n = 294 pairs, n = 588 biospecimens) and matched tumor biopsy:fecal pairs (n = 42 pairs, n = 84 biospecimens). | Procrustes analyses, random effects regression, random forest (RF) modeling, and inferred functional pathway analyses were conducted to assess community similarity and microbial diversity across heterogeneous patient groups and studies.",Our results corroborate previously reported association of increased Fusobacterium with tumor biopsies.,"RF models comparing tumor and tumor-adjacent specimens yielded an area under curve (AUC) of 64.3%, and models of tumor biopsies versus fecal specimens exhibited an AUC of 82.5%.",Not found in abstract / unknown,Not found in abstract / unknown,Not found in abstract / unknown,Not found in abstract / unknown,Not found in abstract / unknown,Not found in abstract / unknown,Not found in abstract / unknown,Not found in abstract / unknown
ITB-000928,"Pathological image profiling identifies onco-microbial, tumor immune microenvironment, and prognostic subtypes of colorectal cancer.",Clinical statistics,,,Automatic candidate; requires manual review,"Here, we comprehensively profiled the matched pathological images, intratumoral microbes, and host gene expression characteristics in 527 patients with CRC. | By clustering these patients based on histology slide features, we classified the patients into two histology slide subtypes (HSS). | Onco-microbial community and tumor immune microenvironment (TIME) were also significantly different between the two subtypes (HSS1 and HSS2) of patients.","Histology slide, tissue microbes, and the host gene expression can be independent prognostic factors of colorectal cancer (CRC), but the underlying associations and biological significance of these multimodal omics remain unknown. | Furthermore, variation in intratumoral microbes-host interaction was associated with the prognostic heterogeneity between HSS1 and HSS2.",Not found in abstract / unknown,Not found in abstract / unknown,Not found in abstract / unknown,Not found in abstract / unknown,Not found in abstract / unknown,Not found in abstract / unknown,Not found in abstract / unknown,Not found in abstract / unknown,Not found in abstract / unknown
ITB-000933,Standardizing Patient-Derived Organoid Generation Workflow to Avoid Microbial Contamination From Colorectal Cancer Tissues.,Clinical statistics,,,Automatic candidate; requires manual review,"The use of patient-derived organoids (PDO) as a valuable alternative to in vivo models significantly increased over the last years in cancer research. | Here, using a cohort of 16 patients diagnosed with colorectal carcinoma (CRC), we aimed to test the efficacy of phosphate-buffered saline (PBS), penicillin/streptomycin (P/S), and Primocin, alone or in combination, in preventing organoid cultures contamination when used in washing steps prior to tissue processing. | We believe that our easy-to-apply protocol might help increase the success rate of organoid generation from CRC patients.",Not found in abstract / unknown,Not found in abstract / unknown,Not found in abstract / unknown,Not found in abstract / unknown,Not found in abstract / unknown,Not found in abstract / unknown,"The use of patient-derived organoids (PDO) as a valuable alternative to in vivo models significantly increased over the last years in cancer research. | Despite the extensive optimization of protocols for the generation of PDOs from colorectal tissue, there is still a lack of standardization of tissue handling prior to processing, leading to microbial contamination of the organoid culture. | Here, using a cohort of 16 patients diagnosed with colorectal carcinoma (CRC), we aimed to test the efficacy of phosphate-buffered saline (PBS), penicillin/streptomycin (P/S), and Primocin, alone or in combination, in preventing organoid cultures contamination when used in washing steps prior to tissue processing. | After the washing steps, all samples were processed for organoid generation following the same standard protocol. | Notably, none of the organoid cultures washed with PBS/Primocin-containing solution were contaminated. | Taken together, our results demonstrate that, prior to tissue processing, adding Primocin to the tissue washing solution is able to eliminate the risk of microbial contamination in PDO cultures, and that the use of P/S negatively impacts organoids growth. | We believe that our easy-to-apply protocol might help increase the success rate of organoid generation from CRC patients.",Not found in abstract / unknown,Not found in abstract / unknown,Not found in abstract / unknown
ITB-000934,Gut microbiota profiles in feces and paired tumor and non-tumor tissues from Colorectal Cancer patients. Relationship to the Body Mass Index.,Clinical statistics,,,Automatic candidate; requires manual review,"In relation to BMI of patients, we detected significant differences in beta diversity between the normal weight and the obese groups of cases. | Microbiota from obese patients was significantly enriched, among others, in Bacteroidales. | Therefore, our results are useful in the molecular characterization of CRC in obese and non-obese patients, with a clear impact on the establishment of diagnostic and prognosis of CRC.","Colorectal Cancer (CRC) and Obesity constitute two of the most common malignancies in the western world, and previously have been associated with intestinal microbial composition alterations. | Our main aim in this study is to provide molecular data on intestinal microbiota patterns in subjects with CRC, as well as to establish possible associations with their Body Mass Index (BMI). | Also, our data revealed relevant associations between gut microbiota composition and tumor location.",Not found in abstract / unknown,Not found in abstract / unknown,Not found in abstract / unknown,Not found in abstract / unknown,Not found in abstract / unknown,Not found in abstract / unknown,Not found in abstract / unknown,Not found in abstract / unknown,Not found in abstract / unknown
ITB-000937,Microbiome confounders and quantitative profiling challenge predicted microbial targets in colorectal cancer development.,Clinical statistics,,,Automatic candidate; requires manual review,"Here we study the fecal microbiota of 589 patients at different colorectal cancer (CRC) stages and compare observations with up to 15 published studies (4,439 patients and controls total).","Despite substantial progress in cancer microbiome research, recognized confounders and advances in absolute microbiome quantification remain underused; this raises concerns regarding potential spurious associations. | In contrast, the associations of Anaerococcus vaginalis, Dialister pneumosintes, Parvimonas micra, Peptostreptococcus anaerobius, Porphyromonas asaccharolytica and Prevotella intermedia remained robust, highlighting their future target potential.",Not found in abstract / unknown,Not found in abstract / unknown,Not found in abstract / unknown,Not found in abstract / unknown,Not found in abstract / unknown,Not found in abstract / unknown,Not found in abstract / unknown,Not found in abstract / unknown,Not found in abstract / unknown
ITB-000938,"Mucosa-associated cultivable aerobic gut bacterial microbiota among colorectal cancer patients attending at the referral hospitals of Amhara Regional State, Ethiopia.",Clinical statistics,,,Automatic candidate; requires manual review,"Despite an increased prevalence of colorectal cancer has been documented from developing countries, there is no any report regarding gut microbiota among colorectal cancer patients in Ethiopia. | Therefore, the current study evaluated cultivable aerobic gut bacterial distributions among malignant and its adjacent normal biopsies of CRC patients. | METHODS: CRC patients who were under colorectal cancer resection surgery during April 2017 to February 2018 at Felege Hiwot Referral and University of Gondar Teaching Hospitals enrolled in the study. | RESULTS: Fifteen CRC patients were participated with a mean age of 53.8 ± 10.8 years old and majorities (73.3 %) of patients were in between the age groups of 40 and 60 years old.",This dysbacteriosis is positively correlated with the occurrence of CRC (p = 0.019).,Not found in abstract / unknown,Not found in abstract / unknown,Not found in abstract / unknown,Not found in abstract / unknown,Not found in abstract / unknown,Not found in abstract / unknown,Not found in abstract / unknown,Not found in abstract / unknown,Not found in abstract / unknown
ITB-000942,Bacterially-Associated Transcriptional Remodelling in a Distinct Genomic Subtype of Colorectal Cancer Provides a Plausible Molecular Basis for Disease Development.,Clinical statistics,,,Automatic candidate; requires manual review,"Here, we investigate the relationships between the most commonly studied CRC-associated bacteria (Enterotoxigenic Bacteroides fragilis, pks+ Escherichia coli, Fusobacterium spp., afaC+ E. coli, Enterococcus faecalis & Enteropathogenic E. coli) and altered transcriptomic and methylation profiles of CRC patients, in order to gain insight into the potential contribution of these bacteria in the aetiopathogenesis of CRC.","Here, we investigate the relationships between the most commonly studied CRC-associated bacteria (Enterotoxigenic Bacteroides fragilis, pks+ Escherichia coli, Fusobacterium spp., afaC+ E. coli, Enterococcus faecalis & Enteropathogenic E. coli) and altered transcriptomic and methylation profiles of CRC patients, in order to gain insight into the potential contribution of these bacteria in the aetiopathogenesis of CRC. | We show that colonisation by E. faecalis and high levels of Fusobacterium is associated with a specific transcriptomic subtype of CRC that is characterised by CpG island methylation, microsatellite instability and a significant increase in inflammatory and DNA damage pathways. | Analysis of the significant, bacterially-associated changes in host gene expression, both at the level of individual genes as well as pathways, revealed a transcriptional remodeling that provides a plausible mechanistic link between specific bacterial colonisation and colorectal cancer disease development and progression in this subtype; these included upregulation of REG3A, REG1A and REG1P in the case of high-level colonization by Fusobacterium, and CXCL10 and BMI1 in the case of colonisation by E. faecalis.",Not found in abstract / unknown,Not found in abstract / unknown,"The relevance of specific microbial colonisation to colorectal cancer (CRC) disease pathogenesis is increasingly recognised, but our understanding of possible underlying molecular mechanisms that may link colonisation to disease in vivo remains limited. | We show that colonisation by E. faecalis and high levels of Fusobacterium is associated with a specific transcriptomic subtype of CRC that is characterised by CpG island methylation, microsatellite instability and a significant increase in inflammatory and DNA damage pathways. | Analysis of the significant, bacterially-associated changes in host gene expression, both at the level of individual genes as well as pathways, revealed a transcriptional remodeling that provides a plausible mechanistic link between specific bacterial colonisation and colorectal cancer disease development and progression in this subtype; these included upregulation of REG3A, REG1A and REG1P in the case of high-level colonization by Fusobacterium, and CXCL10 and BMI1 in the case of colonisation by E. faecalis. | The enrichment of both E. faecalis and Fusobacterium in this CRC subtype suggests that polymicrobial colonisation of the colonic epithelium may well be an important aspect of colonic tumourigenesis.",Not found in abstract / unknown,Not found in abstract / unknown,"The relevance of specific microbial colonisation to colorectal cancer (CRC) disease pathogenesis is increasingly recognised, but our understanding of possible underlying molecular mechanisms that may link colonisation to disease in vivo remains limited.",Not found in abstract / unknown,Not found in abstract / unknown,Not found in abstract / unknown
ITB-000039,Profiling of tumour-associated microbiota in human hepatocellular carcinoma,Clinical statistics,,,Automatic candidate; requires manual review,"However, the translocated bacteria in HCC patients remains unclear. | Here, we characterised tumour-associated microbiota in patients with liver cancer and focused on HCC. | Additionally, we identified Ruminococcus gnavus as a signature taxon for HCC patients infected with hepatitis B and/or hepatitis C viruses.","Here, we characterised tumour-associated microbiota in patients with liver cancer and focused on HCC. | We observed that the number of amplicon sequence variants in tumour-associated microbiota was significantly higher compared with that in non-tumour regions of the liver. | The tumour-associated microbiota consisted of Bacteroidetes, Firmicutes, and Proteobacteria as the dominant phyla.",Not found in abstract / unknown,Not found in abstract / unknown,Not found in abstract / unknown,Not found in abstract / unknown,Not found in abstract / unknown,Not found in abstract / unknown,Not found in abstract / unknown,Not found in abstract / unknown,Not found in abstract / unknown
ITB-000040,Intratumoral Microbiome of Human Primary Liver Cancer,Clinical statistics,,,Automatic candidate; requires manual review,"Here, we investigated intratumoral microbial community profiling on formalin-fixed paraffin-embedded tissue samples of patients with PLC by 16S ribosomal RNA using the MiSeq platform. | We characterized the microbial communities in different histopathological subtypes and in the different prognoses of patients with PLC. | The study revealed microbial population differences not only in carcinoma tissue and the matched adjacent nontumor tissue but in different histopathological subtypes, even in patients with PLC with different prognoses. | Interestingly, the abundance of certain bacteria that have antitumor effects at family and genus level, such as Pseudomonadaceae, decreased in tumor tissue and was linearly associated with prognosis of patients with PLC.","Interestingly, the abundance of certain bacteria that have antitumor effects at family and genus level, such as Pseudomonadaceae, decreased in tumor tissue and was linearly associated with prognosis of patients with PLC.",Not found in abstract / unknown,Not found in abstract / unknown,Not found in abstract / unknown,Not found in abstract / unknown,Not found in abstract / unknown,Not found in abstract / unknown,Not found in abstract / unknown,Not found in abstract / unknown,Not found in abstract / unknown
ITB-000041,The Intratumoral Bacterial Metataxonomic Signature of Hepatocellular Carcinoma,Clinical statistics,,,Automatic candidate; requires manual review,"The abundance of Proteobacteria, Gammaproteobacteria, Firmicutes, Actinobacteriota, and Saccharimonadia were associated with the clinicopathological features of HCC patients. | Random forest machine learning achieved great discriminative performance in HCC prediction (area under the curve [AUC] = 1.00 in the training cohort, AUC = 0.950 for top five class signature, and AUC = 0.943 for the top 50 operational taxonomy units [OTUs] in the validation cohort).","The spectrum of intratumoral microbiota associated with HCC progression remains elusive. | The abundance of Proteobacteria, Gammaproteobacteria, Firmicutes, Actinobacteriota, and Saccharimonadia were associated with the clinicopathological features of HCC patients.","Random forest machine learning achieved great discriminative performance in HCC prediction (area under the curve [AUC] = 1.00 in the training cohort, AUC = 0.950 for top five class signature, and AUC = 0.943 for the top 50 operational taxonomy units [OTUs] in the validation cohort).",Not found in abstract / unknown,Not found in abstract / unknown,Not found in abstract / unknown,Not found in abstract / unknown,Not found in abstract / unknown,Not found in abstract / unknown,Not found in abstract / unknown,Not found in abstract / unknown
ITB-000042,Identification of a brand intratumor microbiome signature for predicting prognosis of hepatocellular carcinoma,Clinical statistics,,,Automatic candidate; requires manual review,"The intratumor microbiome plays a significant role in the response to tumor microenvironment, we aimed to identify an intratumor microbiome signature for predicting the prognosis of HCC patients accurately and investigate its possible mechanisms subsequently. | METHODS: The TCGA HCC microbiome data (TCGA-LIHC-microbiome) was downloaded from cBioPortal. | To create an intratumor microbiome-related prognostic signature, univariate and multivariate Cox regression analyses were used to quantify the association of microbial abundance and patients' overall survival (OS), as well as their diseases specific survival (DSS). | Patients were further clustered into three subtypes based on their microbiome-related characteristics by consensus clustering. | RESULTS: In TCGA LIHC microbiome data, the abundances of 166 genera among the total 1406 genera were considerably associated with HCC patients' OS. | Compared with those in the relatively low-risk group, patients in higher-risk group own a much worse OS (P < 0.0001). | The analysis of microbiome-based subtypes on their immune characteristics and specific gene modules inferred that the intratumor microbiome may affect the HCC patients' prognosis via modulating the cancer stemness and immune response. | CONCLUSION: MRS, a 27 intratumor microbiome-related prognostic model, was successfully established to predict HCC patients overall survive independently.","To create an intratumor microbiome-related prognostic signature, univariate and multivariate Cox regression analyses were used to quantify the association of microbial abundance and patients' overall survival (OS), as well as their diseases specific survival (DSS). | Moreover, deconvolution algorithm, weighted correlation network analysis (WGCNA) and gene set variation analysis (GSVA) were used to investigate the potential mechanisms. | RESULTS: In TCGA LIHC microbiome data, the abundances of 166 genera among the total 1406 genera were considerably associated with HCC patients' OS.","To create an intratumor microbiome-related prognostic signature, univariate and multivariate Cox regression analyses were used to quantify the association of microbial abundance and patients' overall survival (OS), as well as their diseases specific survival (DSS). | The performance of the scoring model was evaluated by the area under the ROC curve (AUC). | Based on the microbiome-related signature, clinical factors, and multi-omics molecular subtypes on the basis of ""icluster"" algorithm, nomograms were established to predict OS and DSS. | From that filtered dataset we identified a 27-microbe prognostic signature and developed a microbiome-related score (MRS) model. | The integration of MRS into nomograms significantly improved the efficacy of prognosis prediction (1-year AUC:0.849, 3-year AUC: 0.825, 5-year AUC: 0.822). | CONCLUSION: MRS, a 27 intratumor microbiome-related prognostic model, was successfully established to predict HCC patients overall survive independently.",Not found in abstract / unknown,Not found in abstract / unknown,Not found in abstract / unknown,Not found in abstract / unknown,Not found in abstract / unknown,Not found in abstract / unknown,Not found in abstract / unknown,Not found in abstract / unknown
ITB-000043,Intratumoural microbiome can predict the prognosis of hepatocellular carcinoma after surgery,Clinical statistics,,,Automatic candidate; requires manual review,"Additionally, the hepatotypes were revealed to be independent prognostic factors in patients with resected HCC.","BACKGROUND: The dismal prognosis of hepatocellular carcinoma (HCC) is closely associated with characteristics of the tumour microenvironment (TME). | Microbial signatures were characterised in the paired group, and their correlation with clinical characteristics was further investigated.",Not found in abstract / unknown,Not found in abstract / unknown,Not found in abstract / unknown,Not found in abstract / unknown,Not found in abstract / unknown,Not found in abstract / unknown,Not found in abstract / unknown,Not found in abstract / unknown,Not found in abstract / unknown
ITB-000044,Overview of microbial profiles in human hepatocellular carcinoma and adjacent nontumor tissues,Clinical statistics,,,Automatic candidate; requires manual review,There were considerable differences in the microbes and their functions within tumour tissue collected from patients with different clinical features.,Not found in abstract / unknown,Not found in abstract / unknown,Not found in abstract / unknown,Not found in abstract / unknown,Not found in abstract / unknown,Not found in abstract / unknown,Not found in abstract / unknown,Not found in abstract / unknown,Not found in abstract / unknown,Not found in abstract / unknown
ITB-000045,The interaction between intratumoral bacteria and metabolic distortion in hepatocellular carcinoma,Clinical statistics,,,Automatic candidate; requires manual review,RESULTS: We detected bacterial 16S rRNA and LPS in HCC tissues from the patients with HCC.,"The potential association between different intratumoral microbiota and metabolites were evaluated. | Our results showed that several bacteria were significantly associated with metabolites, such as Pseudomonas koreensis, which was positively correlated with N-acetyl-D-glucosamine and negatively correlated with citrulline. | CONCLUSIONS: This study confirmed the close association between different bacteria and metabolites, which might provide novel opportunities for developing new biomarkers and therapeutic targets for HCC.",Not found in abstract / unknown,Not found in abstract / unknown,Not found in abstract / unknown,Not found in abstract / unknown,Not found in abstract / unknown,"Hepa1-6 cells were used to establish orthotopic HCC models in mice. 2bRAD sequencing for microbiome was performed to determine the intratumoral bacterial characteristics, and liquid chromatography-mass spectrometry was conducted to explore the metabolic profile. | In HCC mouse model, we found that the intratumor bacteria in HCC tissues were significantly different to adjacent nontumor tissues.",Not found in abstract / unknown,Not found in abstract / unknown,Not found in abstract / unknown
ITB-000046,Intratumoural microorganism can affect the progression of hepatocellular carcinoma,Unresolved,,,Automatic candidate; requires manual review,Not found in abstract / unknown,Not found in abstract / unknown,Not found in abstract / unknown,Not found in abstract / unknown,Not found in abstract / unknown,Not found in abstract / unknown,Not found in abstract / unknown,Propionibacterium was cocultured with HCC cells in vitro. | The orthotopic liver implantation model and the subcutaneous xenograft model were constructed. liver tissues and subcutaneous tumors were collected 2 weeks later. | In vitro studies demonstrated that Propionibacterium and its metabolite propionic acid (PA) inhibited the proliferation and migration of HCC cells (P < 0.05).,Not found in abstract / unknown,Not found in abstract / unknown,Not found in abstract / unknown
ITB-000047,The intrahepatic bacterial metataxonomic signature of patients with hepatocellular carcinoma,Clinical statistics,,,Automatic candidate; requires manual review,"We examined the HCC tumors and adjacent tissues from 19 patients diagnosed with HCC. | We find that the liver tissues from HCC patients with capsule invasion presented higher alpha diversity at the genus level than those without. | The bacterial compositions in liver tissues of HCC patients at stage II differed from those at stage I and Advanced, respectively. | Metagenomic profiling revealed that order Actinomycetales was enriched in the HCC patients at advanced stages. | Order Lactobacillales, family Veillonellaceae, genera Rhodobacter and Megasphaera are enriched in tumors of HCC patients, whereas genus Pseudochrobactrum is enriched in the adjacent tissues from HCC patients. | An increased abundance of class Actinobacteria and order Actinomycetales is observed in the HCC patients with cirrhosis. | Our study provides information about differentially abundant intrahepatic bacteria in patients with HCC.",Not found in abstract / unknown,Not found in abstract / unknown,Not found in abstract / unknown,Not found in abstract / unknown,Not found in abstract / unknown,Not found in abstract / unknown,Not found in abstract / unknown,Not found in abstract / unknown,Not found in abstract / unknown,Not found in abstract / unknown
ITB-000048,Gut-liver translocation of pathogen Klebsiella pneumoniae promotes hepatocellular carcinoma in mice,Mechanistic studies,Clinical statistics,,Automatic candidate; requires manual review,"Here we show that faecal microbiota transplantation (FMT) using stool samples from patients with HCC spontaneously initiate liver inflammation, fibrosis and dysplasia in wild-type mice, and accelerate disease progression in a mouse model of HCC. | Metagenomic analyses and bacterial culture of liver tissues reveal enrichment of the gut pathogen Klebsiella pneumoniae in patients with HCC and mice transplanted with the HCC microbiota.",Not found in abstract / unknown,Not found in abstract / unknown,Not found in abstract / unknown,"Moreover, K. pneumoniae monocolonization recapitulates the effect of HCC-FMT in promoting liver inflammation and hepatocarcinogenesis. | Targeting gut colonization using K. oxytoca or TLR4 inhibition represses K. pneumoniae-induced HCC progression.",Not found in abstract / unknown,Not found in abstract / unknown,"Here we show that faecal microbiota transplantation (FMT) using stool samples from patients with HCC spontaneously initiate liver inflammation, fibrosis and dysplasia in wild-type mice, and accelerate disease progression in a mouse model of HCC. | Metagenomic analyses and bacterial culture of liver tissues reveal enrichment of the gut pathogen Klebsiella pneumoniae in patients with HCC and mice transplanted with the HCC microbiota.",Not found in abstract / unknown,Not found in abstract / unknown,Not found in abstract / unknown
ITB-000049,Intrahepatic Microbial Heterogeneity in Multifocal Hepatocellular Carcinoma and Its Association with Host Genomic and Transcriptomic Alterations,Clinical statistics,,,Automatic candidate; requires manual review,"In this study, we performed multiomics profiling of 242 HCC tumor nodules and 58 adjacent nontumor tissues from 58 patients with multifocal HCC, revealing heterogeneous microbial communities in multifocal HCC. | Mutational profiling stratified patients into intrahepatic metastasis (IM)-HCC and multicentric occurrence (MO)-HCC. | SIGNIFICANCE: We reveal intraindividual heterogeneous microbial communities among nodules from patients with multifocal HCC.",UNLABELLED: The signature of the intrahepatic microbiome in multifocal hepatocellular carcinoma (HCC) and its association with genomic alterations remain elusive. | The epithelial-mesenchymal transition pathway was upregulated in IM nodules and correlated with IM-enriched bacteria.,Not found in abstract / unknown,Not found in abstract / unknown,Not found in abstract / unknown,Not found in abstract / unknown,Not found in abstract / unknown,"IM-enriched bacteria such as Enterococcus faecalis and Streptococcus anginosus promoted HCC cell migration, invasion, and tumor progression in orthotopic HCC mouse models by inducing an immunosuppressive microenvironment and epithelial-mesenchymal transition.",Not found in abstract / unknown,Not found in abstract / unknown,Not found in abstract / unknown
ITB-000050,Intratumor Rhodococcus sp. B513 drives DEN-induced hepatocellular carcinoma progression by modulating gut microbiota and angiogenesis,Unresolved,,,Automatic candidate; requires manual review,Not found in abstract / unknown,Not found in abstract / unknown,Not found in abstract / unknown,Not found in abstract / unknown,Not found in abstract / unknown,Not found in abstract / unknown,Not found in abstract / unknown,Not found in abstract / unknown,Not found in abstract / unknown,Not found in abstract / unknown,Not found in abstract / unknown
ITB-000051,Tumor-associated bacteria activate PRDX1-driven glycolysis to promote immune evasion and PD-1 antibody resistance in hepatocellular carcinoma,Mechanistic studies,,,Automatic candidate; requires manual review,Not found in abstract / unknown,"RESULTS: Enrichment of Streptococcaceae was strongly associated with upregulation of key glycolytic enzymes (LDHA, PKM2; p < 0.001) and dysfunction of natural killer cells (reduced CD56dim/CD16bright populations; hazard ratio = 2.15, 95% CI: 1.34-3.42).",Not found in abstract / unknown,Not found in abstract / unknown,"Mechanistically, bacterial colonization induced peroxiredoxin 1 (PRDX1) expression via the NF-κB pathway.",Not found in abstract / unknown,Not found in abstract / unknown,"Functional validation was performed using orthotopic HCC mouse models (n = 8 per group), coupled with flow cytometry-based immune profiling. | In vivo, bacterial infection decreased the antitumor efficacy of PD-1 blockade by 43% (tumor volume vs. control; p = 0.008), an effect that was reversed upon PRDX1 inhibition.",Not found in abstract / unknown,Not found in abstract / unknown,Not found in abstract / unknown
ITB-000052,Tumor-suppressing multi-enterobacteria and PD-1/PD-L1 immune checkpoint inhibitor combination improves the outcome of hepatocellular carcinoma therapy,Clinical statistics,,,Automatic candidate; requires manual review,"METHODS: Patients with advanced liver cancer resistant to atezolizumab were treated with tumor suppressor TSME combined with atezolizumab, and the efficacy was evaluated. | RESULTS: Patients with clinically immuno-resistant hepatocellular carcinoma who were treated with TSME still had a PFS of about 7 months with continued atezolizumab treatment, and they were still in long-term survival. | CONCLUSION: Anti-tumor TSME combined with αPD-1 mAb may be a new strategy to improve the sensitivity of immune-resistant patients with advanced hepatocellular carcinoma to anti-PD-1 immunotherapy.","OBJECTIVE: Programmed death 1 (PD-1) and its ligand PD-L1 inhibitors and cytotoxic T lymphocyte-associated antigen-4 (CTLA-4) monoclonal antibodies have been approved for the treatment of advanced hepatocellular carcinoma (HCC), but the response rates of these immunotherapy are not high, and they are easy to be resistant.",Not found in abstract / unknown,Not found in abstract / unknown,Not found in abstract / unknown,Not found in abstract / unknown,Not found in abstract / unknown,"By establishing a tumor-bearing mouse model, the control group, InVivoMAb anti-mouse PD-1 monotherapy group, TSME group, and anti-PD-1 mab +TSME double drug group were set up. | The in vivo model showed that TSME combined with αPD-1 promoted the efficacy of anti-PD-1 antibody immunotherapy by increasing the proportion of CD8+ T cells and CD4+ T cells in the tumor microenvironment and reducing the proportion of regulatory T cells (Tregs) compared with TSME alone or αPD-1 alone.",Not found in abstract / unknown,Not found in abstract / unknown,Not found in abstract / unknown
ITB-000055,Gut pathobionts translocate into liver and reshape intrahepatic microbiome to facilitate hepatocellular carcinoma,Clinical statistics,,,Automatic candidate; requires manual review,"Here, we profiled matched gut and intrahepatic microbiomes from HCC patients and healthy subjects.",Not found in abstract / unknown,Not found in abstract / unknown,Not found in abstract / unknown,Not found in abstract / unknown,Not found in abstract / unknown,Not found in abstract / unknown,"Consistently, HCC stool transplantation to germ-free mice impaired gut barrier function and increased bacterial load in liver. | Administration of HCC-enriched Bacteroides fragilis disrupted gut barrier in mice and led to live bacteria translocation to liver. | Bacteroides fragilis exacerbated liver damage and promoted HCC development in mice.",Not found in abstract / unknown,Not found in abstract / unknown,Not found in abstract / unknown
ITB-000066,Identification of intratumoral bacteria correlated with hepatitis B virus (HBV) levels: a prognostic indicator for patient outcomes in hepatocellular carcinoma patients,Clinical statistics,,,Automatic candidate; requires manual review,"This study analyzed bacterial 16S rRNA genes from liver cancer patients' tumor, adjacent tumor, and normal tissues, revealing distinct microbiome profiles between tumor and normal tissues. | By identifying distinct microbiome profiles in HCC patients, particularly the enrichment of Bacteroides in HBV-positive tissues, our research not only uncovers the complexity of microbial interactions in liver cancer but also highlights the potential of using HBV status as a prognostic biomarker. | This could significantly inform personalized treatment strategies and improve clinical outcomes for HCC patients, emphasizing the relevance of microbiome-based diagnostics and therapies in oncology.IMPORTANCEIn our study of the tumor microenvironment (TME) in hepatocellular carcinoma (HCC), we used DNA sequencing of bacterial 16S rRNA genes to analyze microbial compositions in tumor, adjacent tumor, and normal tissues from 213 liver cancer patients. | Hepatitis B virus (HBV) status further stratified these differences, with Bacteroides significantly enriched in HBV-positive tissues and correlating with patient prognosis.","Hepatocellular carcinoma (HCC) is a prevalent liver cancer associated with global health. | Hepatitis B virus (HBV)-positive (HBV+) and HBV-negative (HBV-) HCC tissues showed different microbial network patterns, with Bacteroides enrichment in HBV+ tissues being associated with HCC prognosis. | HBV is associated with clinicopathological features and serves as an independent prognostic factor in HCC. | Clinicopathological features, such as tumor size, were associated with HBV status, identifying HBV infection as an independent prognostic factor.",Not found in abstract / unknown,Not found in abstract / unknown,Not found in abstract / unknown,Not found in abstract / unknown,Not found in abstract / unknown,Not found in abstract / unknown,Not found in abstract / unknown,Not found in abstract / unknown,Not found in abstract / unknown
ITB-000067,Characterization of tumor microbiome and associations with prognosis in intrahepatic cholangiocarcinoma,Unresolved,,,Automatic candidate; requires manual review,Not found in abstract / unknown,"Hence, we explored the tumor microbiome and its association with prognosis in ICC. | Tumor microbial composition was then evaluated to detect its association with prognosis. | Higher tumor microbial α diversity was associated with lymph node metastasis and predicted shortened overall survival (OS) and recurrence-free survival (RFS).","Finally, a risk score calculated by the tumor microbiota was accessed by the least absolute shrinkage and selector operator method (Lasso) to predict prognosis of ICC. | A total of 11 bacteria were selected to generate the risk score by Lasso.",Not found in abstract / unknown,Not found in abstract / unknown,Not found in abstract / unknown,Not found in abstract / unknown,Not found in abstract / unknown,Not found in abstract / unknown,Not found in abstract / unknown,Not found in abstract / unknown
ITB-000068,Intratumoral microbiome composition and its role in tumor recurrence in primary liver cancer,Clinical statistics,,,Automatic candidate; requires manual review,"This retrospective cohort study examines tissue-specific microbiota differences between hepatocellular carcinoma (HCC) and cholangiocarcinoma (CCA), and explores their association with tumor recurrence in PLC. | METHODS: Clinical data from 116 patients (85 HCC and 31 age-matched CCA) were analyzed. | RESULTS: Microbial RNA was detected within liver sinusoids, the basal lamina of intrahepatic bile ducts, and hepatocyte cytosol. 16 S ribosomal RNA analysis revealed differences in microbiome composition, including a distinct Firmicutes/Bacteroidetes ratio between CCA and HCC patients.","This retrospective cohort study examines tissue-specific microbiota differences between hepatocellular carcinoma (HCC) and cholangiocarcinoma (CCA), and explores their association with tumor recurrence in PLC. | CONCLUSION: This study reveals that intratumoral microbiota help distinguish PLC subtypes and are associated with recurrence, identifying Aquabacterium as a potential marker for HCC recurrence and microbiome-based management.",Not found in abstract / unknown,Not found in abstract / unknown,Not found in abstract / unknown,Not found in abstract / unknown,Not found in abstract / unknown,Not found in abstract / unknown,Not found in abstract / unknown,Not found in abstract / unknown,Not found in abstract / unknown
ITB-000125,Intratumoral Lactobacillus johnsonii Enhances Sensitivity to PD-1 Blockade by Inducing CD8+ T-cell Expansion in Hepatocellular Carcinoma.,Clinical statistics,,,Automatic candidate; requires manual review,"Delving into the mechanisms underlying relapse and pinpointing potential therapeutic targets are imperative for improving outcomes for patients with HCC. | By comparing the microbiota composition in patients with early- and non-relapsing HCC, we identified that Lactobacillus was enriched in patients with relapse-free HCC, serving as an independent prognostic predictor of disease-free survival.",Higher levels of intratumoral Lactobacillus johnsonii correlated with an increased abundance of IFNγ+PD-1+CD8+ T cells.,Not found in abstract / unknown,Not found in abstract / unknown,Not found in abstract / unknown,Not found in abstract / unknown,Not found in abstract / unknown,"Single-cell RNA sequencing, transcriptomic profiling of intratumoral CD45+ immune cells, and in vitro functional assays demonstrated that L. johnsonii preferentially enhanced this cytotoxic-exhausted T-cell population. | Combining L. johnsonii or NA with anti-PD-1 therapy synergistically inhibited tumor relapse and tumor growth in immunocompetent or humanized mice.",Not found in abstract / unknown,Not found in abstract / unknown,Not found in abstract / unknown
ITB-000126,Intratumoral bacterium Enterocloster bolteae promotes hepatocellular carcinoma progression by directly binding tumor cells.,Clinical statistics,,,Automatic candidate; requires manual review,We identify that E. bolteae is enriched in the feces of HCC patients and is associated with poor prognosis.,We identify that E. bolteae is enriched in the feces of HCC patients and is associated with poor prognosis.,Not found in abstract / unknown,Not found in abstract / unknown,Not found in abstract / unknown,Not found in abstract / unknown,Not found in abstract / unknown,Not found in abstract / unknown,Not found in abstract / unknown,Not found in abstract / unknown,Not found in abstract / unknown
ITB-000127,Intratumoral Microbe Correlated with Expression of DNA Methylation Genes in Hepatocellular Carcinoma.,Clinical statistics,,,Automatic candidate; requires manual review,METHODS: Tumor and adjacent normal tissues from 72 HCC surgical patients were analyzed.,"Key gene-microbiota correlations included: Negative associations of Propionibacterium with SPOCD1 and EOMES; Negative associations of Mycoplasma with BMI1 and EZH2; Negative correlations of Pseudomonas with BMI1, EOMES, EZH2, and SPOCD1. | Additionally, Pseudomonas abundance was negatively correlated with both Propionibacterium and Mycoplasma.",Not found in abstract / unknown,Not found in abstract / unknown,Not found in abstract / unknown,Not found in abstract / unknown,Not found in abstract / unknown,Not found in abstract / unknown,Not found in abstract / unknown,Not found in abstract / unknown,Not found in abstract / unknown
ITB-000128,Integrated microbiome-metabolome profiling unveils a predictive signature for early recurrence in hepatocellular carcinoma.,Clinical statistics,,,Automatic candidate; requires manual review,"Here, we characterized microbial and metabolic profiles in 90 HCC patients [49 with early recurrence (RFS ≤ 2 years), 41 non-recurrent controls] using 16S rRNA sequencing and LC-MS metabolomics.","Functional analyses linked recurrence-associated microbiota with disrupted lipid/amino acid metabolism and pro-inflammatory pathways (KEGG, p 0.6, p < 0.05).","A 20-microbial-genus signature predicted recurrence (AUC = 0.81, 95% CI: 0.72-0.91), while a 20-metabolite panel (e.g., resolvin D5, γ-glutamylthreonine) achieved superior accuracy (AUC = 0.958, CI: 0.950-0.966).",Not found in abstract / unknown,Not found in abstract / unknown,Not found in abstract / unknown,Not found in abstract / unknown,Not found in abstract / unknown,Not found in abstract / unknown,Not found in abstract / unknown,Not found in abstract / unknown
ITB-000129,Intratumoral bacterial load and tertiary lymphoid structure density in hepatocellular carcinoma: association and prognostic significance.,Clinical statistics,,,Automatic candidate; requires manual review,"BACKGROUND: The tertiary lymphoid structures (TLS) within the immune microenvironment of hepatocellular carcinoma (HCC) have been shown to significantly influence patient prognosis. | METHODS: In this study, we collected samples from 153 patients with hepatocellular carcinoma. | Patient prognosis was also analyzed. | Furthermore, we examined the bacterial load and distribution within tumors of patients presenting TLS, and explored the relationship between intratumoral bacteria and TLS-associated immune cell infiltration. | RESULTS: Among 74 patients with hepatocellular carcinoma, tertiary lymphoid structures were present within the tumors. | By integrating the expression profiles of both intratumoral and peritumoral TLS, prognostic analysis revealed that patients with structured tumor microenvironments (TME) and exclusionary TME had better outcomes. | The intratumoral bacterial load varied among patients, with higher bacterial burden observed in regions enriched with TLS. | Moreover, as TLS matured, the bacterial load within tumors was significantly greater compared to patients lacking TLS. | CONCLUSION: Our study demonstrates that patients receiving structured TME and excluded TME subtypes exhibit superior overall survival (OS) and recurrence-free survival (RFS) following radical surgery. | These findings suggest that intratumoral bacteria may influence patient responses to immunotherapy.","Our study aims to investigate the impact of intratumoral bacteria on TLS-associated immune cells in HCC, as well as their relationship with TLS quantity and maturation status. | Furthermore, we examined the bacterial load and distribution within tumors of patients presenting TLS, and explored the relationship between intratumoral bacteria and TLS-associated immune cell infiltration. | These findings suggest that intratumoral bacteria can influence the immune response within the tumor microenvironment and are associated with the maturation of TLS. | Furthermore, the intratumoral bacterial load showed a significant correlation with CD20+ B-cell density and was strongly correlated with both the number and maturity of TLS.",Not found in abstract / unknown,Not found in abstract / unknown,Not found in abstract / unknown,Not found in abstract / unknown,Not found in abstract / unknown,Not found in abstract / unknown,Not found in abstract / unknown,Not found in abstract / unknown,Not found in abstract / unknown
ITB-000130,Beta-Catenin Mutations Can Impact on the Interplay Between Tumor and Immune Cells and Hepatic Microbiota in Hepatocellular Cancer.,Unresolved,,,Automatic candidate; requires manual review,Not found in abstract / unknown,"Alterations in β-catenin are among the most frequently observed oncogenic drivers of hepatocarcinogenesis and are associated with T-cell exclusion. | RESULTS: The microbiome associated with intrahepatic tumors differs from that in non-tumoral regions, normal liver tissues, and gut tissues.",Not found in abstract / unknown,Not found in abstract / unknown,Not found in abstract / unknown,Not found in abstract / unknown,Not found in abstract / unknown,"METHODS: We used a synthetic transgenic murine model of β-catenin-driven hepatocarcinogenesis to analyze microbiome composition, diversity, and immune cell profiles in vivo. | Tumor and stool samples were collected from mice with early- or late-stage hepatocellular carcinoma and were used for profiling. | EV-mediated signaling between immune cells and epithelial cells with mutant β-catenin and immune cells modulates immune cell populations in vitro and in vivo.",Not found in abstract / unknown,Not found in abstract / unknown,Not found in abstract / unknown
ITB-000131,Profiling of the tumor-associated microbiome in patients with hepatocellular carcinoma.,Clinical statistics,,,Automatic candidate; requires manual review,"RESULTS: We conducted an exploratory study on a cohort of 20 hepatocellular cancer patients from the SORAMIC trial. | Patients were divided into curative and palliative groups according to treatment type (local ablation, alone or combined with systemic therapy).","Bacteria were identified in both tumoral and non-tumoral tissues, showing higher diversity and correlation between diversity and shorter survival in the palliative group (S. aureus p 0.05). | A higher microbiome biodiversity was associated with an increased number of lesions (Hoylesella, Agathobacter, Sphingobium, Cardiobacterium, Photobacterium and Serratia, all with p < 0.01).",Not found in abstract / unknown,Not found in abstract / unknown,Not found in abstract / unknown,Not found in abstract / unknown,Not found in abstract / unknown,Not found in abstract / unknown,Not found in abstract / unknown,Not found in abstract / unknown,Not found in abstract / unknown
ITB-000132,Intratumoral Brevibacillus parabrevis enhances antitumor immunity by inhibiting NK cell ferroptosis in hepatocellular carcinoma.,Clinical statistics,,,Automatic candidate; requires manual review,"In this study, 2bRAD-M analysis was performed on patient hepatocellular carcinoma and paired tissues to determine the composition of the intratumoral microbiota.",Not found in abstract / unknown,Not found in abstract / unknown,Not found in abstract / unknown,Not found in abstract / unknown,Not found in abstract / unknown,Not found in abstract / unknown,"Mass cytometry, flow cytometry, co-immunoprecipitation, immunoblotting, immunofluorescence, and DNA pull-down assays were used to evaluate the relationship between intratumoral bacteria, ferroptosis, and NK cell activity in Hu-SRC mice.",Not found in abstract / unknown,Not found in abstract / unknown,Not found in abstract / unknown
ITB-000133,Association of intratumoral microbiome diversity with hepatocellular carcinoma prognosis.,Clinical statistics,,,Automatic candidate; requires manual review,"However, the impact of the composition and diversity of the intratumoral microbiome on the prognosis of patients undergoing surgical resection for hepatocellular carcinoma (HCC) remains incompletely understood. | By utilizing 16S rRNA gene sequencing, we identified a specific intratumoral microbiome signature that was highly predictive of the prognosis for HCC patients who underwent surgical resection. | Specifically, the presence of Intestinimonas, Brachybacterium, and Rothia were identified as independent risk factors for the overall survival of HCC patients who underwent surgical resection.IMPORTANCEAlthough some studies have shown an abundance of bacteria in hepatocellular carcinoma (HCC), there is still limited understanding of the composition and diversity of the intratumoral microbiome that is favorable or adverse to the prognosis of HCC patients.","The presence of bacterial lipopolysaccharide and lipoteichoic acid was detected alongside tumor-associated immune cells. | Bacterial cell wall components largely coincided with tumor-associated immune cells. | The bacteria in the long overall survival (LOS) group were associated with metabolism and cytokine‒cytokine receptor interaction pathways, while bacteria in the short overall survival (SOS) group were associated with proinflammatory and cell proliferation pathways.",Not found in abstract / unknown,Not found in abstract / unknown,Not found in abstract / unknown,Not found in abstract / unknown,Not found in abstract / unknown,Not found in abstract / unknown,Not found in abstract / unknown,Not found in abstract / unknown,Not found in abstract / unknown
ITB-000134,Community characteristics and relationship between gut microbiota and intratumoral microbiota in hepatocellular carcinoma.,Clinical statistics,,,Automatic candidate; requires manual review,"METHODS: The gut microbial community profiles of patients with primary untreated hepatocellular carcinoma (HCC) and those treated with local therapy combined with lenvatinib and PD-1 inhibitors were analyzed by 16S rRNA gene amplicon sequencing. | Additionally, microbial community profiles of tumor tissues of patients with HCC and normal liver tissues were analyzed. | RESULTS: In our investigation, we observed that patients with HCC who received triple therapy exhibited a notable enhancement in the abundance of Actinobacteriota and a considerable decrease in Escherichia Shigella. | Patients who received hepatic artery infusion chemotherapy (HAIC) in combination with levatinib and PD-1 inhibitors exhibited significantly elevated levels of Faecalibacterium prausnitzii and Bacteroides stercoris in comparison to those who received transarterial chemoembolization (TACE) in combination with levatinib and PD-1 inhibitors. | The gut and intratumoral microbiota in HCC patients exhibited a high degree of similarity to the microbes present at the phylum level.",Not found in abstract / unknown,Not found in abstract / unknown,Not found in abstract / unknown,Not found in abstract / unknown,Not found in abstract / unknown,Not found in abstract / unknown,Not found in abstract / unknown,Not found in abstract / unknown,Not found in abstract / unknown,Not found in abstract / unknown
ITB-000135,Hepatitis B virus-related hepatocellular carcinoma exhibits distinct intratumoral microbiota and immune microenvironment signatures.,Unresolved,,,Automatic candidate; requires manual review,Not found in abstract / unknown,"In HBV_HCC, the intratumoral microbiota are positively associated with increased tumor-infiltrating CD8+ T lymphocytes, but not the CD56+ NK cells. | Two subtypes of myeloid-derived suppressor cells (MDSCs): monocytic MDSCs and polymorphonuclear MDSCs, were also found to be positively correlated with the intratumoral microbiota in HBV_HCC, indicating an inhibitory role of these microbial species in antitumor immunity and the contribution to the liver TME in combination of chronic viral hepatitis during HCC development.",Not found in abstract / unknown,Not found in abstract / unknown,Not found in abstract / unknown,Not found in abstract / unknown,Not found in abstract / unknown,Not found in abstract / unknown,Not found in abstract / unknown,Not found in abstract / unknown,Not found in abstract / unknown
ITB-000136,Intratumor Mycoplasma promotes the initiation and progression of hepatocellular carcinoma.,Clinical statistics,,,Automatic candidate; requires manual review,We quantified M. hyorhinis in clinical tissue specimens of HCC and observed that patients with high M. hyorhinis load had poor prognosis.,Not found in abstract / unknown,Not found in abstract / unknown,Not found in abstract / unknown,Not found in abstract / unknown,Not found in abstract / unknown,Not found in abstract / unknown,Not found in abstract / unknown,Not found in abstract / unknown,Not found in abstract / unknown,Not found in abstract / unknown
ITB-000137,Intratumoral microbial heterogeneity affected tumor immune microenvironment and determined clinical outcome of HBV-related HCC.,Unresolved,,,Automatic candidate; requires manual review,"Furthermore, a 3-gene risk signature containing CSAG4 , PIP4P2 , and TOMM5 was filtered out, which could predict the clinical prognosis of HCC patients accurately using the Cancer Genome Atlas data.","We aimed to characterize intratumoral microbial heterogeneity (IMH) and establish microbiome-based molecular subtyping of HBV-related HCC to elucidate the correlation between IMH and HCC tumorigenesis. | A prognosis-related gene risk signature between 2 subtypes was constructed by the weighted gene coexpression network analysis and the Cox regression analysis and then verified by the Kaplan-Meier survival curve.IMH demonstrated in HBV-related HCC tissues was comparably lower than that in chronic hepatitis tissues. | Two microbiome-based HCC molecular subtypes, defined as bacteria- and virus-dominant subtypes, were established and significantly correlated with discrepant clinical-pathologic features. | CONCLUSIONS: Microbiome-based molecular subtyping demonstrated IMH of HBV-related HCC was correlated with a disparity in clinical-pathologic features and tumor microenvironment (TME), which might be proposed as a biomarker for prognosis prediction of HCC.",Not found in abstract / unknown,Not found in abstract / unknown,Not found in abstract / unknown,Not found in abstract / unknown,Not found in abstract / unknown,Not found in abstract / unknown,Not found in abstract / unknown,Not found in abstract / unknown,Not found in abstract / unknown
ITB-000138,Intratumor microbiome features reveal antitumor potentials of intrahepatic cholangiocarcinoma.,Unresolved,,,Automatic candidate; requires manual review,Not found in abstract / unknown,"In addition, the content of Paraburkholderia fungorum was significantly higher in the paracancerous tissues and negatively correlated with CA199 (Carbohydrate antigen199) levels.",Not found in abstract / unknown,Not found in abstract / unknown,Not found in abstract / unknown,Not found in abstract / unknown,Not found in abstract / unknown,The results of in vitro and in vivo experiments suggest that P. fungorum possesses an antitumor activity against tumors.,Not found in abstract / unknown,Not found in abstract / unknown,Not found in abstract / unknown
ITB-000140,Hepatic stellate cell activation and senescence induced by intrahepatic microbiota disturbances drive progression of liver cirrhosis toward hepatocellular carcinoma.,Clinical statistics,,,Automatic candidate; requires manual review,"METHODS: The intrahepatic microbiota was investigated from tumor, normal adjacent tissues in 46 patients with HCC and normal hepatic tissues in 33 patients with hemangioma by 16S rRNA gene sequencing. | Taxonomic composition differences in patients were evaluated using Linear discriminant analysis Effect Size (LefSe) and Phylogenetic Investigation of Communities by Reconstruction of Unobserved States (PICRUSt) to predict microbial functional pathways. | Associations between the most relevant taxa and clinical characteristics of HCC patients were analyzed by Spearman rank correlations. | The tumor microbiota of the HCC patients with cirrhosis showed higher abundance of Stenotrophomonas maltophilia (S. maltophilia). | Moreover, signs of SASP were also observed in the HSCs in the area of HCC with higher S. maltophilia enrichment arising in patients with cirrhosis. | CONCLUSIONS: Our analysis of the hepatic microbiota revealed for the first time that patients with HCC exhibited a dysbiotic microbial community with higher S. maltophilia abundance, which induced the expression SASP factors of HSCs and cirrhosis in the liver, concurring in the process of hepatocarcinogenesis.","Associations between the most relevant taxa and clinical characteristics of HCC patients were analyzed by Spearman rank correlations. | S. maltophilia provoked senescence-associated secretory phenotype (SASP) in HSCs by activating TLR-4-mediated NF-κB signaling pathway, which in turn induced NLRP3 inﬂammasome complex formation and secreted various inflammatory factors in the liver, thus facilitating HCC progression in mice.",Not found in abstract / unknown,Not found in abstract / unknown,Not found in abstract / unknown,Not found in abstract / unknown,Not found in abstract / unknown,"S. maltophilia provoked senescence-associated secretory phenotype (SASP) in HSCs by activating TLR-4-mediated NF-κB signaling pathway, which in turn induced NLRP3 inﬂammasome complex formation and secreted various inflammatory factors in the liver, thus facilitating HCC progression in mice.",Not found in abstract / unknown,Not found in abstract / unknown,Not found in abstract / unknown
ITB-000141,The Liver Microbiome Is Implicated in Cancer Prognosis and Modulated by Alcohol and Hepatitis B.,Clinical statistics,,,Automatic candidate; requires manual review,"RNA-sequencing data from The Cancer Genome Atlas (TCGA) were used to infer microbial abundance. | Alcohol-induced tumors were observed to have distinct microbial profiles from HBV-induced tumors, and different microbes are clinically relevant in each cohort, suggesting that the effects of the liver microbiome may be different in response to different etiological factors.","This abundance was then correlated to clinical variables and to cancer and immune-associated gene expression, in order to determine how microbial abundance may contribute to differing cancer progression between etiologies.",Not found in abstract / unknown,Not found in abstract / unknown,Not found in abstract / unknown,Not found in abstract / unknown,Not found in abstract / unknown,Not found in abstract / unknown,Not found in abstract / unknown,Not found in abstract / unknown,Not found in abstract / unknown
ITB-000520,Mycoplasma infection promotes tumor progression via interaction of the mycoplasmal protein p37 and epithelial cell adhesion molecule in hepatocellular carcinoma.,Clinical statistics,,,Automatic candidate; requires manual review,"To study how mycoplasma infection affects HCC progression, we investigated the characteristics of mycoplasma-infected tumor tissues and circulating tumor cells (CTCs) in HCC patients. | The mycoplasmal membrane protein p37 showed significant correlations with higher histologic stages and vascular invasion and predicted poor disease-free survival of HCC patients. p37-positive CTCs were detected in 42 out of 47 HCC patients (89%). p37-positive circulating cells were also detected in 4 out of 10 healthy donors (40%), and all were epithelial cell adhesion molecule (EpCAM)-positive. | In HCC patients, most of p37-negative CTCs (95%) showed intermediate phenotype with neither EpCAM nor vimentin expression, but p37-positive CTCs were EpCAM-positive (44%), vimentin-positive (32%), and both negative (24%), suggesting that EpCAM-positive CTCs are enriched with mycoplasma infection. | The results suggest that mycoplasma infection promotes tumor progression in HCC patients via interaction of the mycoplasmal p37 and EpCAM.","The mycoplasmal membrane protein p37 showed significant correlations with higher histologic stages and vascular invasion and predicted poor disease-free survival of HCC patients. p37-positive CTCs were detected in 42 out of 47 HCC patients (89%). p37-positive circulating cells were also detected in 4 out of 10 healthy donors (40%), and all were epithelial cell adhesion molecule (EpCAM)-positive.",Not found in abstract / unknown,Not found in abstract / unknown,Not found in abstract / unknown,Not found in abstract / unknown,Not found in abstract / unknown,Not found in abstract / unknown,Not found in abstract / unknown,Not found in abstract / unknown,Not found in abstract / unknown
ITB-000521,Joint Analysis of Microbial and Immune Cell Abundance in Liver Cancer Tissue Using a Gene Expression Profile Deconvolution Algorithm Combined With Foreign Read Remapping.,Unresolved,,,Automatic candidate; requires manual review,Not found in abstract / unknown,Not found in abstract / unknown,Not found in abstract / unknown,Not found in abstract / unknown,Not found in abstract / unknown,Not found in abstract / unknown,Not found in abstract / unknown,Not found in abstract / unknown,Not found in abstract / unknown,Not found in abstract / unknown,Not found in abstract / unknown
ITB-000522,The enrichment of the gut microbiota Lachnoclostridium is associated with the presence of intratumoral tertiary lymphoid structures in hepatocellular carcinoma.,Clinical statistics,,,Automatic candidate; requires manual review,"Based on the location of TLS in tissues, all patients were divided into intratumoral TLS (It-TLS) group and desertic TLS (De-TLS) group. | According to the grouping results, we statistically analyzed the clinical, biological, and pathological features; preoperative gut microbiota data; and postoperative pathological features of patients. | RESULTS: In a retrospective study cohort of 60 cases from a single center, differential microbiota analysis showed that compared with the De-TLS group, the abundance of Lachnoclostridium, Hungatella, Blautia, Fusobacterium, and Clostridium was increased in the It-TLS group. | Among them, the enrichment of Lachnoclostridium was the most significant and was unrelated to the clinical, biological, and pathological features of the patients. | CONCLUSION: Our findings prove the enrichment of Lachnoclostridium-dominated gut microbiota is associated with the presence of It-TLS in HCC patients.","Tertiary lymphoid structure (TLS) has been associated with good response to immunotherapy in most solid tumors. | The human gut microbiota can regulate the host immune system and is associated with the efficacy of immunotherapy but, in HCC, whether the gut microbiota is related to the presence of TLS still lacks sufficient evidence. | CONCLUSION: Our findings prove the enrichment of Lachnoclostridium-dominated gut microbiota is associated with the presence of It-TLS in HCC patients.",Not found in abstract / unknown,Not found in abstract / unknown,Not found in abstract / unknown,Not found in abstract / unknown,Not found in abstract / unknown,Not found in abstract / unknown,Not found in abstract / unknown,Not found in abstract / unknown,Not found in abstract / unknown
ITB-000523,Intratumoral microbiota in HCC: A new kid on the block?,Unresolved,,,Automatic candidate; requires manual review,Not found in abstract / unknown,Not found in abstract / unknown,Not found in abstract / unknown,Not found in abstract / unknown,Not found in abstract / unknown,Not found in abstract / unknown,Not found in abstract / unknown,Not found in abstract / unknown,Not found in abstract / unknown,Not found in abstract / unknown,Not found in abstract / unknown
ITB-000525,A distinct microbiota signature precedes the clinical diagnosis of hepatocellular carcinoma.,Clinical statistics,,,Automatic candidate; requires manual review,"Our study included two cohorts: a retrospective discovery cohort of 364 HBV-HCC patients and 160 controls with oral or fecal samples, a prospective validation cohort of 91 cases, and 124 controls for matching samples, as well as 48 HBV, and 39 HBV-cirrhosis patients for gut microbial patterns examined by 16S rRNA gene sequencing. | With the random forest analysis, 10 oral and 9 gut genera that could distinguish HCC from controls in the retrospective cohort were validated among the prospective matching participants, with area under the curve (AUC) values of 0.7971 and 0.8084, respectively.","However, few studies focused on the existence and association of resident microbes within different body regions.","With the random forest analysis, 10 oral and 9 gut genera that could distinguish HCC from controls in the retrospective cohort were validated among the prospective matching participants, with area under the curve (AUC) values of 0.7971 and 0.8084, respectively. | When influential taxa were merged, the AUC of the consistent classifier increased to 0.9405.",Not found in abstract / unknown,Not found in abstract / unknown,Not found in abstract / unknown,Not found in abstract / unknown,Not found in abstract / unknown,Not found in abstract / unknown,Not found in abstract / unknown,Not found in abstract / unknown
ITB-000527,Association between ascites Gustave Roussy immune score and the intratumoural microbiome in malignant ascites secondary to hepatocellular carcinoma.,Clinical statistics,,,Automatic candidate; requires manual review,"However, the prognostic significance of the GRIm score in patients with malignant ascites has not yet been investigated. | METHODS: Clinical samples were collected from a cohort of patients with malignant ascites secondary to hepatocellular carcinoma (HCC). | RESULTS: 155 patients with HCC and malignant ascites were enrolled in this study. | CONCLUSIONS: Our present study identified a novel scoring system (aGRIm score) that can predict the survival outcome of patients with malignant ascites secondary to HCC.",LefSe analysis revealed that certain bacteria were correlated with high aGRIm scores.,Not found in abstract / unknown,Not found in abstract / unknown,Not found in abstract / unknown,Not found in abstract / unknown,Not found in abstract / unknown,Not found in abstract / unknown,Not found in abstract / unknown,Not found in abstract / unknown,Not found in abstract / unknown
ITB-000529,Intratumoral microbiome promotes liver metastasis and dampens adjuvant imatinib treatment in gastrointestinal stromal tumor.,Clinical statistics,,,Automatic candidate; requires manual review,"Understanding the determinants of long-term liver metastasis (LM) outcomes in gastrointestinal stromal tumor (GIST) patients is crucial. | We established the feature selection model of intratumoral microbiome at the surgery, achieving robust predictive accuracies of 0.953 and 0.897 AUCs in discovery (n = 74) and validation (n = 34) cohorts, respectively. | Employing both 16S and full-length rRNA sequencing, we pinpoint intracellular Shewanella algae as a foremost LM risk factor in both AI- and non-AI-treated patients.",Not found in abstract / unknown,"We established the feature selection model of intratumoral microbiome at the surgery, achieving robust predictive accuracies of 0.953 and 0.897 AUCs in discovery (n = 74) and validation (n = 34) cohorts, respectively.",Not found in abstract / unknown,Not found in abstract / unknown,Not found in abstract / unknown,Not found in abstract / unknown,"Furthermore, S. algae promoted LM and impeded AI treatment in metastatic mouse models.",Not found in abstract / unknown,Not found in abstract / unknown,Not found in abstract / unknown
ITB-000533,Intratumoral microbial heterogeneity in HCC reveals a potential therapeutic target.,Clinical statistics,,,Automatic candidate; requires manual review,"METHODS: A total of 113 tissue samples, including HCC tumor tissues (n = 48), matched adjacent normal tissues (n = 48), and normal liver tissues from patients with hepatic hemangioma (n = 17), were collected from patients at the Second Hospital of Nanjing, Nanjing Hospital affiliated to Nanjing University of Chinese Medicine.","RESULTS: Indicator species analysis, differential abundance analysis, and correlation with clinicopathological features identified Ralstonia sp. as a potential antitumor candidate.",Not found in abstract / unknown,Not found in abstract / unknown,Not found in abstract / unknown,Not found in abstract / unknown,Not found in abstract / unknown,"Functional validation was performed in vitro and in vivo. | Subsequent in vitro and in vivo experiments confirmed that Ralstonia sp. significantly inhibits HCC growth (all p <0.05), potentially through modulation of the glycerophospholipid metabolic pathway.",Not found in abstract / unknown,Not found in abstract / unknown,Not found in abstract / unknown
ITB-000536,Formic acid released by intratumoral Bacteroides thetaiotaomicron facilitates combinational therapy of Apatinib and aPD-1 in hepatocellular carcinoma.,Clinical statistics,,,Automatic candidate; requires manual review,"Clinically, B.t enrichment was associated with improved neoadjuvant treatment outcomes and a favorable prognosis in HCC patients.","Clinically, B.t enrichment was associated with improved neoadjuvant treatment outcomes and a favorable prognosis in HCC patients.",Not found in abstract / unknown,Not found in abstract / unknown,Not found in abstract / unknown,Not found in abstract / unknown,Not found in abstract / unknown,"Through various murine models and 5 R-16 S sequencing, we identified Bacteroides thetaiotaomicron (B.t) as a sensitizer for the combined treatment of Apatinib and anti-PD-1 therapy.",Not found in abstract / unknown,Not found in abstract / unknown,Not found in abstract / unknown
ITB-000879,Helicobacter infection in hepatocellular carcinoma tissue.,Clinical statistics,,,Automatic candidate; requires manual review,"METHODS: Liver samples from 28 patients with hepatocellular carcinoma (HCC) diagnosed by histopathology were studied. | Twenty-two patients with other liver diseases (5 with liver trauma, 7 with cavernous liver hemangioma, 6 with liver cyst and 4 with hepatolithiasis), 25 patients with gastric cancer, 15 with colonic cancer and 15 with myoma of uterus served as controls. | Two pieces of biopsy were obtained from each patient. | CONCLUSION: Helicobacter infection exists in liver tissues of HCC patients.",Not found in abstract / unknown,Not found in abstract / unknown,Not found in abstract / unknown,Not found in abstract / unknown,Not found in abstract / unknown,Not found in abstract / unknown,Not found in abstract / unknown,Not found in abstract / unknown,Not found in abstract / unknown,Not found in abstract / unknown
ITB-000893,Enterococcus faecalis Extracellular Vesicles Deliver the Bacterial GTPase Obg to Hijack mTOR Signalling in Hepatocellular Carcinoma.,Mechanistic studies,Clinical statistics,,Automatic candidate; requires manual review,"Clinically, high EF-Obg expression in HCC tissues correlates with mTOR hyperactivation and reduced patient survival. | The mTOR inhibitor Everolimus effectively suppressed tumour growth in an EF-colonied orthotopic model, highlighting its therapeutic potential for HCC patients with high EF burden.","Hepatocellular carcinoma (HCC) is associated with gut microbiota dysbiosis, yet specific oncogenic mechanisms remain elusive.",Not found in abstract / unknown,Not found in abstract / unknown,Not found in abstract / unknown,CRISPR interference-mediated knockdown of obg in EF abolished mTOR activation and tumourigenic capacity in vivo.,Not found in abstract / unknown,CRISPR interference-mediated knockdown of obg in EF abolished mTOR activation and tumourigenic capacity in vivo.,Not found in abstract / unknown,Not found in abstract / unknown,Not found in abstract / unknown
ITB-000908,Stage dependent microbial dynamics in hepatocellular carcinoma and adjacent normal liver tissues.,Clinical statistics,,,Automatic candidate; requires manual review,"We conducted a comparative analysis of the hepatic microbiome between adjacent normal liver tissues and tumor tissues from HCC patients. | Sphingobium, known for degrading polychlorinated biphenyls (PCBs), exhibited a significantly negative correlation with clinical indices in HCC patients.","Sphingobium, known for degrading polychlorinated biphenyls (PCBs), exhibited a significantly negative correlation with clinical indices in HCC patients. | Conversely, Sphingomonas, a gut bacterium associated with various liver diseases, showed a positive correlation. | Predicted metabolic pathways suggested a correlation between atrazine degradation and valine, leucine, and isoleucine biosynthesis with mUICC stage and tumor size.",Not found in abstract / unknown,Not found in abstract / unknown,Not found in abstract / unknown,Not found in abstract / unknown,Not found in abstract / unknown,Not found in abstract / unknown,Not found in abstract / unknown,Not found in abstract / unknown,Not found in abstract / unknown
ITB-000069,The Microbiome in Lung Cancer Tissue and Recurrence-Free Survival.,Clinical statistics,,,Automatic candidate; requires manual review,"METHODS: In a pilot study, 16S rRNA gene sequencing was performed on paired lung tumor and remote normal samples from the same lobe/segment in 19 patients with non-small cell lung cancer (NSCLC). | IMPACT: Definition of bacterial biomarkers of prognosis may lead to improved survival outcomes for patients with lung cancer.","We explored associations of tumor or normal tissue microbiome diversity and composition with recurrence-free (RFS) and disease-free survival (DFS), and compared microbiome diversity and composition between paired tumor and normal samples. | RESULTS: Higher richness and diversity in normal tissue were associated with reduced RFS (richness P = 0.08, Shannon index P = 0.03) and DFS (richness P = 0.03, Shannon index P = 0.02), as was normal tissue overall microbiome composition (Bray-Curtis P = 0.09 for RFS and P = 0.02 for DFS). | In normal tissue, greater abundance of family Koribacteraceae was associated with increased RFS and DFS, whereas greater abundance of families Bacteroidaceae, Lachnospiraceae, and Ruminococcaceae were associated with reduced RFS or DFS (P < 0.05). | Tumor tissue diversity and overall composition were not associated with RFS or DFS.",Not found in abstract / unknown,Not found in abstract / unknown,Not found in abstract / unknown,Not found in abstract / unknown,Not found in abstract / unknown,Not found in abstract / unknown,Not found in abstract / unknown,Not found in abstract / unknown,Not found in abstract / unknown
ITB-000070,"Characterisation of microbiota in saliva, bronchoalveolar lavage fluid, non-malignant, peritumoural and tumour tissue in non-small cell lung cancer patients: a cross-sectional clinical trial.",Clinical statistics,,,Automatic candidate; requires manual review,"METHODS: Using 16S rRNA gene sequencing technology, we analysed microbiota in saliva, BAL (obtained directly on excised lobe), non-malignant, peritumoural and tumour tissue from 18 NSCLC patients eligible for surgical treatment.","Since lung tumours in lower lobes (LL) have been associated with decreased survival, characteristics of the microbiota in upper (UL) and lower tumour lobes have also been examined. | Further, limited differences between the tissues indicate that different local tumour-related factors, such as tumour type, stage or associated immunity, might be the ones responsible for microbiota-shaping effect.",Not found in abstract / unknown,Not found in abstract / unknown,Not found in abstract / unknown,Not found in abstract / unknown,Not found in abstract / unknown,Not found in abstract / unknown,Not found in abstract / unknown,Not found in abstract / unknown,Not found in abstract / unknown
ITB-000071,Differential flora in the microenvironment of lung tumor and paired adjacent normal tissues.,Clinical statistics,,,Automatic candidate; requires manual review,"In this study, we surveyed the microbial composition and diversity in lung tumor and paired adjacent normal tissues obtained from 55 lung cancer patients to test whether any specific tumor-associated microbial features in lung microenvironment can be identified.","In this study, we surveyed the microbial composition and diversity in lung tumor and paired adjacent normal tissues obtained from 55 lung cancer patients to test whether any specific tumor-associated microbial features in lung microenvironment can be identified. | Strong intrasubject correlations were observed between tumor sample and its paired non-malignant adjacent tissues. | In addition, correlation network analysis found more significant taxa-taxa correlations (adjusted q-value < 0.05) in tumor microenvironment than non-malignant adjacent tissues.",Not found in abstract / unknown,Not found in abstract / unknown,Not found in abstract / unknown,Not found in abstract / unknown,Not found in abstract / unknown,Not found in abstract / unknown,Not found in abstract / unknown,Not found in abstract / unknown,Not found in abstract / unknown
ITB-000072,Non-small cell lung cancer microbiota characterization: Prevalence of enteric and potentially pathogenic bacteria in cancer tissues.,Clinical statistics,,,Automatic candidate; requires manual review,This study aims at characterizing the intratumoral and adjacent healthy tissue microbiota by applying a 16S rRNA gene amplicon sequencing protocol to tissue samples of 29 non-small cancer patients. | A variable degree of similarity between the two tissues of a same patient was observed. | Each patient seems to possess its own bacterial signature. | The two types of cancer tissue do not have a distinct bacterial profile that is shared by every patient.,Not found in abstract / unknown,Not found in abstract / unknown,Not found in abstract / unknown,Not found in abstract / unknown,Not found in abstract / unknown,Not found in abstract / unknown,Not found in abstract / unknown,Not found in abstract / unknown,Not found in abstract / unknown,Not found in abstract / unknown
ITB-000073,Local tumor microbial signatures and response to checkpoint blockade in non-small cell lung cancer.,Clinical statistics,,,Automatic candidate; requires manual review,"In cancer patients, the clinical response to checkpoint-based immunotherapy is associated with the composition and functional quality of the host microbiome. | Here, we set out to molecularly characterize the local non-small cell lung cancer microbiome using 16S rRNA gene amplicon sequencing of bronchoscopic tumor biopsies from patients treated with PD-1/PD-L1-targeted checkpoint inhibitors. | Correlations with clinical data revealed that high microbial diversity was associated with improved patient survival irrespective of radiology-based treatment response.","In cancer patients, the clinical response to checkpoint-based immunotherapy is associated with the composition and functional quality of the host microbiome. | Correlations with clinical data revealed that high microbial diversity was associated with improved patient survival irrespective of radiology-based treatment response. | Moreover, we found that the presence of Gammaproteobacteria correlated with low PD-L1 expression and poor response to checkpoint-based immunotherapy, translating into poor survival.",Not found in abstract / unknown,Not found in abstract / unknown,Not found in abstract / unknown,Not found in abstract / unknown,Not found in abstract / unknown,Not found in abstract / unknown,Not found in abstract / unknown,Not found in abstract / unknown,Not found in abstract / unknown
ITB-000076,Lung microbiota features of stage III and IV non-small cell lung cancer patients without lung infection.,Clinical statistics,,,Automatic candidate; requires manual review,"METHODS: This study collected above three sample types from NSCLC patients free from lung infection and aimed to describe their LM features using sequencing techniques. | All patients diagnosed at the Department of Oncology in Shijiazhuang People's Hospital with stage III or IV NSCLC from May 2019 to April 2020 were enrolled. | In the BALF 16S rDNA sequencing, there were 82 common operational taxonomic units (OTUs), and the microbiota in the BALF of advanced NSCLC patients exhibited some similarity.","For NSCLC associated microbiota analysis, it is valuable to combine multiple levels of detection, e.g., tumor, blood plasma, and bronchoalveolar fluid (BALF), but not single tissues. | The amount of intra-tumoral PMs was not necessarily consistent with that in the blood, but there was an obvious correlation between the intra-tumoral microbiota and that in the BALF.",Not found in abstract / unknown,Not found in abstract / unknown,Not found in abstract / unknown,Not found in abstract / unknown,Not found in abstract / unknown,Not found in abstract / unknown,Not found in abstract / unknown,Not found in abstract / unknown,Not found in abstract / unknown
ITB-000077,The microbiome of lung cancer tissue and its association with pathological and clinical parameters.,Clinical statistics,,,Automatic candidate; requires manual review,"We collected lung tissue samples from 162 patients with non-small cell lung cancer (NSCLC, 162 cancer and 54 adjacent normal tissues), surgically resected between January 2018 and December 2019, and analyzed their microbiome using 16S rRNA gene amplicon sequencing, the QIIME2 pipeline, and statistical analyses. | Stenotrophomonas was the most predominant genus in the NSCLC tissues of patients with recurrence.","Here, we evaluated the microbial composition of lung cancer tissues according to the histologic type and genetic mutation, compared it with that of the adjacent normal lung tissues, and investigated the association between the lung microbiome and clinical parameters. | Our findings suggest that the altered lung cancer microbial composition might be associated with cancer initiation and/or progression.",Not found in abstract / unknown,Not found in abstract / unknown,Not found in abstract / unknown,Not found in abstract / unknown,Not found in abstract / unknown,Not found in abstract / unknown,Not found in abstract / unknown,Not found in abstract / unknown,Not found in abstract / unknown
ITB-000078,Spatial meta-transcriptomics reveal associations of intratumor bacteria burden with lung cancer cells showing a distinct oncogenic signature.,Clinical statistics,,,Automatic candidate; requires manual review,"After rigorous validation, we analyzed the spatial meta-transcriptomic profiles of tumor cells, T cells, macrophages, other immune cells, and stroma in surgically resected tumor samples from 12 patients with early-stage lung cancer. | CONCLUSIONS: Intratumor bacteria were enriched with tumor cells and associated with multiple oncogenic pathways, supporting a rationale for reducing the local intratumor microbiome in lung cancer for patient benefit.","Expression of oncogenic β-catenin was strongly correlated with bacterial burden, as were tumor histological subtypes and environmental factors. | CONCLUSIONS: Intratumor bacteria were enriched with tumor cells and associated with multiple oncogenic pathways, supporting a rationale for reducing the local intratumor microbiome in lung cancer for patient benefit.",Not found in abstract / unknown,Not found in abstract / unknown,Not found in abstract / unknown,Not found in abstract / unknown,Not found in abstract / unknown,Not found in abstract / unknown,Not found in abstract / unknown,Not found in abstract / unknown,Not found in abstract / unknown
ITB-000079,Intratumoral Microbiota-Host Interactions Shape the Variability of Lung Adenocarcinoma and Lung Squamous Cell Carcinoma in Recurrence and Metastasis.,Clinical statistics,,,Automatic candidate; requires manual review,"All lung cancer patients were divided into the recurrence or metastasis (RM) group and the nonrecurrence and nonmetastasis (non-RM) group according to whether or not they had recurred or metastasized within 3 years after the initial surgery. | Then, we established a novel multimodal machine learning model based on genes and microbes to predict the recurrence and metastasis risk of a LUSC patient, which achieves an area under the curve (AUC) of 0.81. | In addition, the predicted risk score was significantly associated with the patient's survival. | Besides, the microbes in tumor tissue could be used to predict the RM risk of LUSC, and the predicted risk score is associated with patients' survival.","In this study, we performed bioinformatics analyses to identify the genes and tissue microbes significantly associated with recurrence or metastasis. | Results showed that there were significant differences between LUAD and LUSC in gene expression and microbial abundance associated with recurrence and metastasis. | In LUSC, host genes significantly correlated with tissue microbe, whereas host-tissue microbe interaction in LUAD was rare. | In addition, the predicted risk score was significantly associated with the patient's survival. | IMPORTANCE Our study elucidates significant differences in RM-associated host-microbe interactions between LUAD and LUSC. | Besides, the microbes in tumor tissue could be used to predict the RM risk of LUSC, and the predicted risk score is associated with patients' survival.","Then, we established a novel multimodal machine learning model based on genes and microbes to predict the recurrence and metastasis risk of a LUSC patient, which achieves an area under the curve (AUC) of 0.81. | In addition, the predicted risk score was significantly associated with the patient's survival. | Besides, the microbes in tumor tissue could be used to predict the RM risk of LUSC, and the predicted risk score is associated with patients' survival.",Not found in abstract / unknown,Not found in abstract / unknown,Not found in abstract / unknown,Not found in abstract / unknown,Not found in abstract / unknown,Not found in abstract / unknown,Not found in abstract / unknown,Not found in abstract / unknown
ITB-000080,Exploring Co-occurrence patterns and microbial diversity in the lung microbiome of patients with non-small cell lung cancer.,Clinical statistics,,,Automatic candidate; requires manual review,"RESULTS: Using integrative and network-based approaches, we integrated four studies assessing the microbiome of lung biopsies of cancer patients.","Four, fifteen, and twelve significantly different associations were found at phylum, family, and genus levels.",Not found in abstract / unknown,Not found in abstract / unknown,Not found in abstract / unknown,Not found in abstract / unknown,Not found in abstract / unknown,Not found in abstract / unknown,Not found in abstract / unknown,Not found in abstract / unknown,Not found in abstract / unknown
ITB-000081,Acidovorax temperans skews neutrophil maturation and polarizes Th17 cells to promote lung adenocarcinoma development.,Clinical statistics,,,Automatic candidate; requires manual review,We previously characterized the lung cancer microbiome in patients and identified Acidovorax temperans as enriched in tumors.,Not found in abstract / unknown,Not found in abstract / unknown,Not found in abstract / unknown,Not found in abstract / unknown,Not found in abstract / unknown,Not found in abstract / unknown,Not found in abstract / unknown,Not found in abstract / unknown,Not found in abstract / unknown,Not found in abstract / unknown
ITB-000082,The characteristics of intratumoral microbial community reflect the development of lung adenocarcinoma.,Clinical statistics,,,Automatic candidate; requires manual review,"METHODS: Here, we used the cancer genome atlas (TCGA) database to comprehensively compare and analyze the differences in microbial composition between 267 patients with early and 224 patients with advanced LUAD. | RESULTS: We found that there were certain differences in the microbiome of patients with LUAD at different stages, especially in the tumor tissues of patients with advanced LUAD, whose co-abundance network was significantly more complex. | We also found that five bacterial biomarkers (Pseudoalteromonas, Luteibacter, Caldicellulosiruptor, Loktanella, and Serratia) were correlated with LUAD stage, among which Pseudoalteromonas, Luteibacter, Caldicellulosiruptor, and Serratia were significantly overexpressed in patients with advanced LUAD. | DISCUSSION: Our study revealed the microbial profile of patients with LUAD and the intrinsic pathogenic mechanism between the microbiome and the disease, and established a multi-omics model to determine LUAD tumor stage.","We also found that five bacterial biomarkers (Pseudoalteromonas, Luteibacter, Caldicellulosiruptor, Loktanella, and Serratia) were correlated with LUAD stage, among which Pseudoalteromonas, Luteibacter, Caldicellulosiruptor, and Serratia were significantly overexpressed in patients with advanced LUAD.","In particular, after integrating the biomarkers of mRNA, we achieved an area under the curve (AUC) of 0.70.",Not found in abstract / unknown,Not found in abstract / unknown,Not found in abstract / unknown,Not found in abstract / unknown,Not found in abstract / unknown,Not found in abstract / unknown,Not found in abstract / unknown,Not found in abstract / unknown
ITB-000083,"Integrative metagenomic, transcriptomic, and proteomic analysis reveal the microbiota-host interplay in early-stage lung adenocarcinoma among non-smokers.",Clinical statistics,,,Automatic candidate; requires manual review,"Previous research has identified dysbiosis in the gut microbiota of patients with lung cancer. | METHODS: A prospective collection of ES-LUAD samples (46 cases) and their corresponding normal tissues adjacent to the tumor (41 cases), along with normal lung tissue samples adjacent to pulmonary bullae in patients with spontaneous pneumothorax (42 cases), were subjected to ultra-deep metagenomic sequencing, host transcriptomic sequencing, and proteomic sequencing. | Patients with ES-LUAD exhibited local microbial dysbiosis, suggesting the potential pathogenicity of certain microbial species. | Finally, a diagnostic model composed of six bacterial markers successfully achieved precise differentiation between patients with ES-LUAD and HCs. | CONCLUSIONS: Our study depicts the microbial spectrum in patients with ES-LUAD and provides evidence of alterations in lung microbiota and their interplay with the host, enhancing comprehension of the pathogenic mechanisms that underlie ES-LUAD.","In this study, we systematically characterized the local microbial community and its associated features to enable early intervention. | The obtained omics data were subjected to both individual and integrated analysis using Spearman correlation coefficients. | Through multi-omics correlations, intricate local crosstalk between the host and local microbial communities was observed. | Additionally, we identified a significant positive correlation (rho > 0.6) between Methyloversatilis discipulorum and GOLM1 at both the transcriptional and protein levels using multi-omics data. | This correlated axis may be associated with prognosis.",Not found in abstract / unknown,Not found in abstract / unknown,Not found in abstract / unknown,Not found in abstract / unknown,Not found in abstract / unknown,Not found in abstract / unknown,Not found in abstract / unknown,Not found in abstract / unknown,Not found in abstract / unknown
ITB-000084,Intratumoral Escherichia Is Associated With Improved Survival to Single-Agent Immune Checkpoint Inhibition in Patients With Advanced Non-Small-Cell Lung Cancer.,Clinical statistics,,,Automatic candidate; requires manual review,"PURPOSEThe impact of the intratumoral microbiome on immune checkpoint inhibitor (ICI) efficacy in patients with non-small-cell lung cancer (NSCLC) is unknown. | We sought to determine whether intratumoral Escherichia is associated with outcome to ICI in patients with NSCLC.PATIENTS AND METHODSWe examined the intratumoral microbiome in 958 patients with advanced NSCLC treated with ICI by querying unmapped next-generation sequencing reads against a bacterial genome database. | The findings were further validated in an external independent cohort of 772 patients. | Escherichia fluorescence in situ hybridization (FISH) and transcriptomic profiling were performed.RESULTSIn the discovery cohort, read mapping to intratumoral Escherichia was associated with significantly longer OS (16 v 11 months; hazard ratio, 0.73 [95% CI, 0.59 to 0.92]; P = .0065) in patients treated with single-agent ICI, but not combination chemoimmunotherapy. | The association with OS in the single-agent ICI cohort remained statistically significant in multivariable analysis adjusting for prognostic features including PD-L1 expression (P = .023). | Analysis of an external validation cohort confirmed the association with improved OS in univariable and multivariable analyses of patients treated with single-agent ICI, and not in patients treated with chemoimmunotherapy. | Transcriptomic analysis correlated Escherichia-positive samples with expression signatures of immune cell infiltration.CONCLUSIONRead mapping to potential intratumoral Escherichia was associated with survival to single-agent ICI in two independent cohorts of patients with NSCLC.","Preclinically, intratumoral Escherichia is associated with a proinflammatory tumor microenvironment and decreased metastases. | We sought to determine whether intratumoral Escherichia is associated with outcome to ICI in patients with NSCLC.PATIENTS AND METHODSWe examined the intratumoral microbiome in 958 patients with advanced NSCLC treated with ICI by querying unmapped next-generation sequencing reads against a bacterial genome database. | The impact of intratumoral Escherichia detection on overall survival (OS) was assessed using univariable and multivariable analyses. | Escherichia fluorescence in situ hybridization (FISH) and transcriptomic profiling were performed.RESULTSIn the discovery cohort, read mapping to intratumoral Escherichia was associated with significantly longer OS (16 v 11 months; hazard ratio, 0.73 [95% CI, 0.59 to 0.92]; P = .0065) in patients treated with single-agent ICI, but not combination chemoimmunotherapy. | The association with OS in the single-agent ICI cohort remained statistically significant in multivariable analysis adjusting for prognostic features including PD-L1 expression (P = .023). | Analysis of an external validation cohort confirmed the association with improved OS in univariable and multivariable analyses of patients treated with single-agent ICI, and not in patients treated with chemoimmunotherapy. | Transcriptomic analysis correlated Escherichia-positive samples with expression signatures of immune cell infiltration.CONCLUSIONRead mapping to potential intratumoral Escherichia was associated with survival to single-agent ICI in two independent cohorts of patients with NSCLC.",Not found in abstract / unknown,"Analysis of an external validation cohort confirmed the association with improved OS in univariable and multivariable analyses of patients treated with single-agent ICI, and not in patients treated with chemoimmunotherapy.",Not found in abstract / unknown,Not found in abstract / unknown,Not found in abstract / unknown,Not found in abstract / unknown,Not found in abstract / unknown,Not found in abstract / unknown,Not found in abstract / unknown
ITB-000085,Unveiling microbial dynamics in lung adenocarcinoma and adjacent nontumor tissues: insights from nicotine exposure and diverse clinical stages via nanopore sequencing technology.,Clinical statistics,,,Automatic candidate; requires manual review,"METHODS: Tumor and adjacent nontumor tissues were collected from 38 lung adenocarcinoma patients and used nanopore sequencing technology to sequence the 16s full-length sequence of bacteria, and combining bioinformatics methods to identify and quantitatively analyze microorganisms in tissues, as well as to enrich the metabolic pathways of microorganisms.",Not found in abstract / unknown,Not found in abstract / unknown,Not found in abstract / unknown,Not found in abstract / unknown,Not found in abstract / unknown,Not found in abstract / unknown,Not found in abstract / unknown,Not found in abstract / unknown,Not found in abstract / unknown,Not found in abstract / unknown
ITB-000086,Landscape of the intratumoral microbiota acting on the tumor immune microenvironment in LUAD and LUSC.,Clinical statistics,,,Automatic candidate; requires manual review,"Intratumoral Lachnoclostridium impacted the patients' sensitivity to potential targeted drugs, especially in LUSC.","Here, we comprehensively investigated the association between intratumoral microbiota and the TIME in lung adenocarcinoma (LUAD) and lung squamous cell carcinoma (LUSC). | Moreover, there were strong associations between the abundance of intratumoral microbes and the expression of host genes in both LUAD and LUSC. | Furthermore, we found an association between intratumoral Lachnoclostridium and chemokine expression, suggesting a role for these species of microbiota in modulating tumor immunity. | The relative abundance of intratumoral Lachnoclostridium correlated with the tumor immune infiltration in both LUSC and LUAD.",Not found in abstract / unknown,Not found in abstract / unknown,Not found in abstract / unknown,Not found in abstract / unknown,Not found in abstract / unknown,Not found in abstract / unknown,Not found in abstract / unknown,Not found in abstract / unknown,Not found in abstract / unknown
ITB-000087,Lung commensal bacteria promote lung cancer progression through NK cell-mediated immunosuppressive microenvironment.,Clinical statistics,,,Automatic candidate; requires manual review,"This holds true for both clinical patients and mice, where both the diversity and abundance of bacteria in tumor tissues significantly surpass those in normal tissues.",Not found in abstract / unknown,Not found in abstract / unknown,Not found in abstract / unknown,Not found in abstract / unknown,Not found in abstract / unknown,Not found in abstract / unknown,"This holds true for both clinical patients and mice, where both the diversity and abundance of bacteria in tumor tissues significantly surpass those in normal tissues.",Not found in abstract / unknown,Not found in abstract / unknown,Not found in abstract / unknown
ITB-000088,Association of Intratumoral Bacterial Abundance With Lung Cancer Prognosis in Chiba University Hospital Cohort.,Clinical statistics,,,Automatic candidate; requires manual review,"In this study, we extracted DNA from lung tumor samples of 507 patients undergoing surgery at Chiba University Hospital and quantified intratumoral bacterial abundance using bacteria-specific PCR primers. | Patients were categorized into three groups (High, Low, and Very-Low) based on bacterial abundance, and associations with clinicopathological factors were analyzed.","Patients were categorized into three groups (High, Low, and Very-Low) based on bacterial abundance, and associations with clinicopathological factors were analyzed. | In lung squamous cell carcinoma, higher bacterial abundance was significantly associated with worse recurrent-free survival and overall survival and was found to be a poor prognostic factor independent of pathological tumor stage.",Not found in abstract / unknown,Not found in abstract / unknown,Not found in abstract / unknown,Not found in abstract / unknown,Not found in abstract / unknown,Not found in abstract / unknown,Not found in abstract / unknown,Not found in abstract / unknown,Not found in abstract / unknown
ITB-000092,Tumor microbiome-transcriptome crosstalk identifies Prevotella as an immunotherapeutic predictor in NSCLC.,Clinical statistics,,,Automatic candidate; requires manual review,"Methods: Paired tumor (T) and paracancerous tissue (PT) samples from patients with NSCLC were analyzed using 2bRAD-M and bulk RNA sequencing to generate comprehensive microbiome and transcriptome profiles. | Associations between key microbes and patient prognosis, ICI response, and response to epidermal growth factor receptor (EGFR)-targeted therapy were assessed across four independent local clinical cohorts. | Among these, PT-resident Prevotella, but not Bradyrhizobium, was independently associated with improved prognosis of patients with NSCLC and ICI response in both local clinical sets and public datasets. | By contrast, PT-resident Prevotella exhibited no association with treatment response in the EGFR-targeted therapy cohort. | Conclusion: PT-resident Prevotella is strongly associated with the prognosis and ICI response in patients with NSCLC.","Associations between key microbes and patient prognosis, ICI response, and response to epidermal growth factor receptor (EGFR)-targeted therapy were assessed across four independent local clinical cohorts. | Specifically, PT-resident Bradyrhizobium and Prevotella were identified as key bacterial taxa significantly associated with immune cell populations, including CD8+ T cells, natural killer cells, and activated dendritic cells. | Among these, PT-resident Prevotella, but not Bradyrhizobium, was independently associated with improved prognosis of patients with NSCLC and ICI response in both local clinical sets and public datasets. | By contrast, PT-resident Prevotella exhibited no association with treatment response in the EGFR-targeted therapy cohort. | Conclusion: PT-resident Prevotella is strongly associated with the prognosis and ICI response in patients with NSCLC.",Not found in abstract / unknown,Not found in abstract / unknown,Not found in abstract / unknown,Not found in abstract / unknown,Not found in abstract / unknown,Not found in abstract / unknown,Not found in abstract / unknown,Not found in abstract / unknown,Not found in abstract / unknown
ITB-000093,Intratumoral immune-microbial crosstalk shaped by tumor cell-derived extracellular vesicles encapsulating berberine boosts lung cancer immunotherapy.,Unresolved,,,Automatic candidate; requires manual review,Not found in abstract / unknown,These specific bacterial clusters were significantly associated with immune infiltrates in the tumor microenvironment (TME).,Not found in abstract / unknown,Not found in abstract / unknown,Not found in abstract / unknown,Not found in abstract / unknown,Not found in abstract / unknown,"After confirming their effects in mouse models, these bacterial taxa were identified as potential therapeutic targets. | Through in vitro drug screening assays, berberine was identified as a promising agent that selectively inhibits harmful bacteria while sparing beneficial ones. | Furthermore, EV-ber administration inhibited LUAD growth, impaired LUAD metastatic ability, and boosted the effectiveness of anti-PD-L1 immunotherapy in mouse models.",Not found in abstract / unknown,Not found in abstract / unknown,Not found in abstract / unknown
ITB-000100,Intratumoral Mycobacterium abscessus promotes cytidine deaminase mutagenesis in non-small cell lung cancer.,Unresolved,,,Automatic candidate; requires manual review,Not found in abstract / unknown,"Here, integrated multi-omics analysis of human non-small cell lung cancer (NSCLC) identifies Mycobacterium abscessus as a microbial determinant of APOBEC3A-associated mutagenesis. | Together, these findings establish a direct microbial effector mechanism that promotes APOBEC3A-associated mutagenesis and provide a therapeutic framework to intercept microbiome driven mutagenesis in NSCLC.",Not found in abstract / unknown,Not found in abstract / unknown,This inter-kingdom phosphotransfer event links intratumoral microbial colonization to an endogenous mutational process that promotes genomic diversification.,Not found in abstract / unknown,Not found in abstract / unknown,Not found in abstract / unknown,Not found in abstract / unknown,Not found in abstract / unknown,Not found in abstract / unknown
ITB-000142,Lactate production by tumor-resident Staphylococcus promotes metastatic colonization in lung adenocarcinoma.,Clinical statistics,,,Automatic candidate; requires manual review,"Here, we reveal that Staphylococcus is selectively enriched in metastatic tumor lesions and is associated with tumor recurrence in lung cancer patients. | Using patient-derived bacterial strains, we employ a combination of cell line, organoid, mouse allograft, and xenograft models to demonstrate that S. nepalensis and S. capitis promote the metastatic potential of lung cancer cells.","Here, we reveal that Staphylococcus is selectively enriched in metastatic tumor lesions and is associated with tumor recurrence in lung cancer patients.",Not found in abstract / unknown,Not found in abstract / unknown,Not found in abstract / unknown,Not found in abstract / unknown,Not found in abstract / unknown,"Using patient-derived bacterial strains, we employ a combination of cell line, organoid, mouse allograft, and xenograft models to demonstrate that S. nepalensis and S. capitis promote the metastatic potential of lung cancer cells. | Furthermore, we show that inhibiting MCT1 attenuates Staphylococcus-induced tumor metastasis both in vitro and in vivo.",Not found in abstract / unknown,Not found in abstract / unknown,Not found in abstract / unknown
ITB-000144,Subtype-Based Microbial Analysis in Non-small Cell Lung Cancer.,Clinical statistics,,,Automatic candidate; requires manual review,"Therefore, we investigated the histological type-based differences in the lung microbiomes of patients with lung cancer. | Patients with non-small cell lung cancer were stratified based on two main subtypes of lung cancer: adenocarcinoma and squamous cell carcinoma (SqCC). | RESULTS: Among the 84 patients analyzed, 64 (76.2%) had adenocarcinoma, and 20 (23.8%) had SqCC.",Not found in abstract / unknown,Not found in abstract / unknown,Not found in abstract / unknown,Not found in abstract / unknown,Not found in abstract / unknown,Not found in abstract / unknown,Not found in abstract / unknown,Not found in abstract / unknown,Not found in abstract / unknown,Not found in abstract / unknown
ITB-000145,Airway Microbiota in Patients With Synchronous Multiple Primary Lung Cancer: The Bacterial Topography of the Respiratory Tract.,Clinical statistics,,,Automatic candidate; requires manual review,"The present study aimed to investigate the microbiota taxa distribution and characteristics in the airways of patients with sMPLC and clarify specimen acquisition modalities in these patients. | Eight non-smoking patients with sMPLC in the same pulmonary lobe were included in this study. | This study begins to define the bacterial topography of the respiratory tract in patients with sMPLC and provides an approach to specimen acquisition for sMPLC, namely BAL fluid obtained from segments where lesions are located.","Microbes and microbiota dysbiosis are correlated with the development of lung cancer; however, the airway taxa characteristics and bacterial topography in synchronous multiple primary lung cancer (sMPLC) are not fully understood.",Not found in abstract / unknown,Not found in abstract / unknown,Not found in abstract / unknown,Not found in abstract / unknown,Not found in abstract / unknown,Not found in abstract / unknown,Not found in abstract / unknown,Not found in abstract / unknown,Not found in abstract / unknown
ITB-000146,Airway Fusobacterium is Associated with Poor Response to Immunotherapy in Lung Cancer.,Clinical statistics,,,Automatic candidate; requires manual review,"PURPOSE: There is a major limitation in the immunotherapy for solid cancer is that it only benefited a minority of cancer patients. | Bacterial load in bronchoalveolar lavage from lung cancer patients was examined by quantitative PCR of 16S rRNA copies. | An independent cohort was used to validate the levels of Fusobacterium, demonstrating that patients with higher abundance of Fusobacterium prior to treatment were significantly more likely to have poor response to anti-PD-1 therapy (p < 0.001).","CONCLUSION: Airway enriched Fusobacterium prior to anti-PD-1 therapy is associated with poor response in lung cancer, which indicated that potential resistance to immunotherapy can be attributed to lung microbiome.",Not found in abstract / unknown,Not found in abstract / unknown,Not found in abstract / unknown,Not found in abstract / unknown,Not found in abstract / unknown,Not found in abstract / unknown,Not found in abstract / unknown,Not found in abstract / unknown,Not found in abstract / unknown
ITB-000540,p37 from Mycoplasma hyorhinis promotes cancer cell invasiveness and metastasis through activation of MMP-2 and followed by phosphorylation of EGFR.,Unresolved,,,Automatic candidate; requires manual review,Not found in abstract / unknown,High Mycoplasma infection in gastric cancer tissues suggests a possible association between Mycoplasma infection and tumorigenesis.,Not found in abstract / unknown,Not found in abstract / unknown,Not found in abstract / unknown,Not found in abstract / unknown,Not found in abstract / unknown,"By using human gastric cancer cells AGS and mouse melanoma cells B16F10 stably expressing p37, the major immunogen of Mycoplasma hyorhinis, we found that p37 enhanced cell motility, migration, and invasion in vitro. | With experimental metastasis model in C57BL/6 mice, p37 adenovirus-infected B16F10 cells formed more metastasis lesions in the lung.",Not found in abstract / unknown,Not found in abstract / unknown,Not found in abstract / unknown
ITB-000542,Anaerobic bacteria colonizing the lower airways in lung cancer patients.,Clinical statistics,,,Automatic candidate; requires manual review,"Anaerobes comprise most of the endogenous oropharyngeal microflora, and can cause infections of airways in lung cancer patients who are at high risk for respiratory tract infections. | The aim of this study was to determine the frequency and species diversity of anaerobes in specimens from the lower airways of lung cancer patients. | Respiratory secretions obtained by bronchoscopy from 30 lung cancer patients were cultured onto Wilkins-Chalgren agar in anaerobic conditions at 37°C for 72-96 hours. | The results obtained confirm the need to conduct analyses of anaerobic microflora colonizing the lower respiratory tract in patients with lung cancer to monitor potential etiologic factors of airways infections, as well as to propose efficient, empirical therapy.",Not found in abstract / unknown,Not found in abstract / unknown,Not found in abstract / unknown,Not found in abstract / unknown,Not found in abstract / unknown,Not found in abstract / unknown,"Among antibiotics used in the study amoxicillin/clavulanate and imipenem were the most active in vitro (0% and 2% resistant strains, respectively).",Not found in abstract / unknown,Not found in abstract / unknown,Not found in abstract / unknown
ITB-000545,A pilot study using metagenomic sequencing of the sputum microbiome suggests potential bacterial biomarkers for lung cancer.,Clinical statistics,,,Automatic candidate; requires manual review,"Currently, LC has a low five year survival rates relative to other cancers, and thus, novel methods to screen for and diagnose malignancies are necessary to improve patient outcomes. | Spontaneous sputum samples were collected from ten patients referred with possible LC, of which four were eventually diagnosed with LC (LC+), and six had no LC after one year (LC-).","G. adiacens abundance was correlated with six other bacterial species, namely Enterococcus sp. 130, Streptococcus intermedius, Escherichia coli, S. viridans, Acinetobacter junii, and Streptococcus sp. 6, in LC+ samples only, which could also be related to LC stage.",Not found in abstract / unknown,Not found in abstract / unknown,Not found in abstract / unknown,Not found in abstract / unknown,Not found in abstract / unknown,Not found in abstract / unknown,Not found in abstract / unknown,Not found in abstract / unknown,Not found in abstract / unknown
ITB-000546,Difference of lower airway microbiome in bilateral protected specimen brush between lung cancer patients with unilateral lobar masses and control subjects.,Clinical statistics,,,Automatic candidate; requires manual review,"Our study aimed to characterize and compare bilateral lower airway microbiome of lung cancer patients with unilateral lobar masses and control subjects. | Protected bronchial specimen brushing samples were collected from 24 lung cancer patients with unilateral lobar masses (paired samples from cancerous site and the contralateral noncancerous site) and 18 healthy controls undergoing bronchoscopies and further analyzed by 16S rRNA amplicon sequencing. | As results, significant decreases in microbial diversity were observed in patients with lung cancer in comparison to the controls, alpha diversity steadily declined from healthy site to noncancerous to cancerous site. | The genus Streptococcus was abundant in lung cancer patients and exhibited moderate classification potential.","Collectively, lung cancer-associated microbiota profile is distinct from that found in healthy controls, and the altered cancer-associated microbiota is not restricted to tumor tissue. | The gradual microbiota profile shift from healthy site to noncancerous to paired cancerous site suggested a change of the microenvironment associated with the development of lung cancer.","The area under the curve of genus Streptococcus used to predict lung cancer was 0.693 (sensitivity = 87.5%, specificity = 55.6%).",Not found in abstract / unknown,Not found in abstract / unknown,Not found in abstract / unknown,Not found in abstract / unknown,Not found in abstract / unknown,Not found in abstract / unknown,Not found in abstract / unknown,Not found in abstract / unknown
ITB-000548,Dissimilarity of Airway and Lung Tissue Microbiota in Smokers undergoing Surgery for Lung Cancer.,Clinical statistics,,,Automatic candidate; requires manual review,"In a study of 13 patients undergoing surgery for peripheral lung cancer microbiota composition was comparatively evaluated in upper airway, lower airway and lung tissue samples using 16S rDNA analysis.",Not found in abstract / unknown,Not found in abstract / unknown,Not found in abstract / unknown,Human airways are continuously colonized by microaspiration of microbiota.,Not found in abstract / unknown,Not found in abstract / unknown,Not found in abstract / unknown,Not found in abstract / unknown,Not found in abstract / unknown,Not found in abstract / unknown
ITB-000549,Lower airway bacterial microbiome may influence recurrence after resection of early-stage non-small cell lung cancer.,Clinical statistics,,,Automatic candidate; requires manual review,"METHODS: Microbiomes of presurgery bronchoalveolar lavage (BAL) and saliva, and resected stage I NSCLC tumor and adjacent lung tissues of 48 patients were examined by 16S gene sequencing. | BAL and saliva microbiomes were less dissimilar in patients with high α-amylase levels in BAL, indicating oral aspiration as a source of lower airway microbiota. | BAL microbiomes of patients with recurrence within 32 months of surgery differed from those without recurrence during ≥32 months of follow-up (n = 18 each), despite no difference for age, sex, smoking history, and tumor histology and grade. | Immune cellular composition of the tumor microenvironment was not different between patients with and without the signature.","We investigated the association of this microbiome with recurrence in early NSCLC. | The recurrence-associated BAL microbiome signature was present in 16 of the 18 recurrence cases but in only two of the others. | Signature presence was associated with shorter recurrence-free survival (log-rank test P < .001; hazard ratio = 14.5), and greater expression in tumors of genes for cell proliferation and epithelial mesenchymal transition. | CONCLUSIONS: Presurgery composition of lower airway microbiome may be associated with recurrence of early NSCLC. | This association may reflect an influence of the microbiome on tumor biology.",Not found in abstract / unknown,Not found in abstract / unknown,Not found in abstract / unknown,Not found in abstract / unknown,Not found in abstract / unknown,Not found in abstract / unknown,Not found in abstract / unknown,Not found in abstract / unknown,Not found in abstract / unknown
ITB-000550,Core Microbiota in Central Lung Cancer With Streptococcal Enrichment as a Possible Diagnostic Marker.,Clinical statistics,,,Automatic candidate; requires manual review,"METHODS: Twenty-five patients with central lung cancer and sixteen controls without antimicrobial intake during the previous month were recruited. | RESULTS: Affected and contralateral bronchi of patients have almost identical microbiota dominated by Streptococcus, whereas Pseudomonas was the dominant genera in controls. | Oral and pulmonary ecosystems were significantly more similar in patients, probably due to microaspirations. | Streptococcal abundance in the bronchi differentiated patients from controls according to a ROC curve analysis (90.9% sensitivity, 83.3% specificity, AUC=0.897). | The saliva of patients characteristically showed a greater abundance of Streptococcus, Rothia, Gemella and Lactobacillus. | The mycobiome of controls (Candida) was significantly different from that of patients (Malassezia). | Cancer patients' bronchial mycobiome was similar to their saliva, but different from their contralateral bronchi.",Not found in abstract / unknown,"Streptococcal abundance in the bronchi differentiated patients from controls according to a ROC curve analysis (90.9% sensitivity, 83.3% specificity, AUC=0.897).",Not found in abstract / unknown,Not found in abstract / unknown,Not found in abstract / unknown,Not found in abstract / unknown,Not found in abstract / unknown,Not found in abstract / unknown,Not found in abstract / unknown,Not found in abstract / unknown
ITB-000551,Metagenomic next-generation sequencing to identify pathogens and cancer in lung biopsy tissue.,Technical methods,Clinical statistics,,Automatic candidate; requires manual review,"METHODS: From July 2018 to May 2020, lung biopsy samples of 133 patients with suspected pulmonary infection or abnormal imaging findings were collected and subjected to clinical microbiological testing, Illumina and Nanopore sequencing to identify pathogens. | For cancer detection, compared with histology, the Illumina platform showed 83·7% sensitivity and 97·6% specificity, diagnosing an additional 36 cancer patients, of whom half had abnormal imaging findings (pulmonary shadow, space-occupying lesions, or nodules). | This pipeline efficiently diagnosed cancer in patients with abnormal imaging findings.",Not found in abstract / unknown,Not found in abstract / unknown,Not found in abstract / unknown,Not found in abstract / unknown,Not found in abstract / unknown,Not found in abstract / unknown,Not found in abstract / unknown,"INTERPRETATION: For the first time, we have established a pipeline to simultaneously detect pathogens and cancer based on Illumina sequencing of lung biopsy tissue.",Not found in abstract / unknown,Not found in abstract / unknown
ITB-000552,The microbiome of lower respiratory tract and tumor tissue in lung cancer manifested as radiological ground-glass opacity.,Clinical statistics,,,Automatic candidate; requires manual review,"In this study, we investigated the microbial composition and diversity in bronchoalveolar lavage fluid (BALF) of diseased lung segments and paired contralateral healthy lung segments from 11 GGO patients. | Furthermore, lung GGO and paired normal tissues of 26 GGO patients were explored whether there are microbial characteristics related to GGO.",Not found in abstract / unknown,The area under the curve (AUC) using 10 genera-based biomarkers to predict GGO was 91.05% (95% CI: 81.93-100%).,Not found in abstract / unknown,Not found in abstract / unknown,Not found in abstract / unknown,Not found in abstract / unknown,Not found in abstract / unknown,Not found in abstract / unknown,Not found in abstract / unknown,Not found in abstract / unknown
ITB-000554,Convergent alteration of lung tissue microbiota and tumor cells in lung cancer.,Clinical statistics,,,Automatic candidate; requires manual review,"Here, we explored the composition of lung tissue microbiota in 143 Chinese patients through conducting 16S rRNA gene sequencing, while TP53 mutation in tumor cells was assessed simultaneously.","Our results provided insights into the association of lung commensal microbes with tobacco exposure and host gene mutation, suggesting microbiota and tumor cells might undergo convergent alteration and mutually benefit each other.",Not found in abstract / unknown,Not found in abstract / unknown,Not found in abstract / unknown,Not found in abstract / unknown,Not found in abstract / unknown,Not found in abstract / unknown,Not found in abstract / unknown,Not found in abstract / unknown,Not found in abstract / unknown
ITB-000555,"The lung microbiome, peripheral gene expression, and recurrence-free survival after resection of stage II non-small cell lung cancer.",Clinical statistics,,,Automatic candidate; requires manual review,"METHODS: In tumor and distant normal lung samples from 46 stage II NSCLC patients with curative resection (39 tumor samples, 41 normal lung samples), we conducted 16S rRNA gene sequencing. | RESULTS: Over a median of 4.8 years of follow-up (range 0.2-12.2 years), 43% of patients experienced a recurrence, and 50% died. | Among these taxa, normal lung Clostridiales and Bacteroidales were also related to worse survival in a previous small pilot study and an additional independent validation cohort. | CONCLUSIONS: We identified compelling biomarkers in under-explored data types, the lung microbiome, and peripheral blood gene expression, which may improve risk prediction of recurrence in early-stage NSCLC patients. | These findings will require validation in a larger cohort.","We examined associations of lung microbiota and peripheral gene expression with recurrence-free survival (RFS) and disease-free survival (DFS) using 500 × 10-fold cross-validated elastic-net penalized Cox regression, and examined predictive accuracy using time-dependent receiver operating characteristic (ROC) curves. | In normal lung tissue, a higher abundance of classes Bacteroidia and Clostridia, and orders Bacteroidales and Clostridiales, were associated with worse RFS, while a higher abundance of classes Alphaproteobacteria and Betaproteobacteria, and orders Burkholderiales and Neisseriales, were associated with better RFS. | In tumor tissue, a higher abundance of orders Actinomycetales and Pseudomonadales were associated with worse DFS. | In peripheral blood, higher expression of genes TAP1, TAPBP, CSF2RB, and IFITM2 were associated with better DFS.","We examined associations of lung microbiota and peripheral gene expression with recurrence-free survival (RFS) and disease-free survival (DFS) using 500 × 10-fold cross-validated elastic-net penalized Cox regression, and examined predictive accuracy using time-dependent receiver operating characteristic (ROC) curves.","Among these taxa, normal lung Clostridiales and Bacteroidales were also related to worse survival in a previous small pilot study and an additional independent validation cohort.",Not found in abstract / unknown,Not found in abstract / unknown,Not found in abstract / unknown,Not found in abstract / unknown,Not found in abstract / unknown,Not found in abstract / unknown,Not found in abstract / unknown
ITB-000556,"Intratumor microbiome derived glycolysis-lactate signatures depicts immune heterogeneity in lung adenocarcinoma by integration of microbiomic, transcriptomic, proteomic and single-cell data.",Clinical statistics,,,Automatic candidate; requires manual review,"We aimed to construct intratumor microbiome score to predict prognosis of LUAD patients and thoroughly investigate glycolysis and lactate signature's association with LUAD immune cell infiltration. | METHODS: The Cancer Genome Atlas-LUAD (TCGA-LUAD) microbiome data was downloaded from cBioPortal and analyzed to examine its association with overall survival to create a prognostic scoring model. | Our study then investigated the glycolysis and lactate pattern in LUAD patients based on 19 genes, which were correlated with the tumor microenvironment (TME) phenotypes and immunotherapy outcomes. | RESULTS: Using the univariate Cox regression analysis, the abundance of 38 genera were identified with prognostic values and a lung-resident microbial score (LMS) was then developed from the TCGA-LUAD-microbiome dataset. | Patients in Cluster1 exhibited unfavorable outcomes and might be insensitive to immunotherapy. | Glycolysis-lactate score was constructed for predicting prognosis with high accuracy and validated in external cohorts. | DISCUSSION: Our study demonstrated that an 18-microbe prognostic score and a 19-gene glycolysis-lactate signature for predicting prognosis of LUAD patients. | Our LMS, glycolysis-lactate score and glycolysis-lactate signature have potential roles in precision therapy of LUAD patients.","We aimed to construct intratumor microbiome score to predict prognosis of LUAD patients and thoroughly investigate glycolysis and lactate signature's association with LUAD immune cell infiltration. | METHODS: The Cancer Genome Atlas-LUAD (TCGA-LUAD) microbiome data was downloaded from cBioPortal and analyzed to examine its association with overall survival to create a prognostic scoring model. | Our study then investigated the glycolysis and lactate pattern in LUAD patients based on 19 genes, which were correlated with the tumor microenvironment (TME) phenotypes and immunotherapy outcomes. | RESULTS: Using the univariate Cox regression analysis, the abundance of 38 genera were identified with prognostic values and a lung-resident microbial score (LMS) was then developed from the TCGA-LUAD-microbiome dataset.","We developed a glycolysis-lactate risk score and signature to accurately predict TME phenotypes, prognosis, and response to immunotherapy. | DISCUSSION: Our study demonstrated that an 18-microbe prognostic score and a 19-gene glycolysis-lactate signature for predicting prognosis of LUAD patients.",Not found in abstract / unknown,Not found in abstract / unknown,Not found in abstract / unknown,Not found in abstract / unknown,Not found in abstract / unknown,Not found in abstract / unknown,Not found in abstract / unknown,Not found in abstract / unknown
ITB-000557,Multi-Omics Analysis Elucidates The Immune And Intratumor Microbes Characteristics Of Ubiquitination Subtypes In Lung Adenocarcinoma,Clinical statistics,,,Automatic candidate; requires manual review,This study aims to establish a disease classification associated with ubiquitination and reveal the landscape of intratumor microbes in patients with lung adenocarcinoma for the first time. | A total of 1314 patients with lung adenocarcinoma in the GEO and TCGA databases were included in our study.,This study aims to establish a disease classification associated with ubiquitination and reveal the landscape of intratumor microbes in patients with lung adenocarcinoma for the first time.,Not found in abstract / unknown,Not found in abstract / unknown,Not found in abstract / unknown,Not found in abstract / unknown,Not found in abstract / unknown,Not found in abstract / unknown,Not found in abstract / unknown,Not found in abstract / unknown,Not found in abstract / unknown
ITB-000558,Microbiome and spatially resolved metabolomics analysis reveal the anticancer role of gut Akkermansia muciniphila by crosstalk with intratumoral microbiota and reprogramming tumoral metabolism in mice.,Mechanistic studies,,,Automatic candidate; requires manual review,Not found in abstract / unknown,"We then conducted spatially resolved metabolomics profiling to discover cancer metabolites in situ directly and to characterize the overall Akk-regulated metabolic features, followed by the correlation analysis of intratumoral bacteria with metabolic network. | Finally, our study identified a significant correlation between the gut Akk-regulated intratumoral bacteria and metabolic network.",Not found in abstract / unknown,Not found in abstract / unknown,"We evaluated the effects of gut endogenous or gavaged exogenous Akk on the tumorigenesis using the Lewis lung cancer mouse model. | Our results showed that both endogenous and exogenous gavaged Akk significantly inhibited tumorigenesis. | Moreover, we detected increased Akk abundance in blood circulation or tumor tissue by 16S rDNA sequencing in the Akk gavaged mice, compared with the control mice. | Of great interest, gavaged Akk may migrate into tumor tissue and influence the composition of intratumoral microbiome.",Not found in abstract / unknown,Not found in abstract / unknown,"We evaluated the effects of gut endogenous or gavaged exogenous Akk on the tumorigenesis using the Lewis lung cancer mouse model. | Moreover, we detected increased Akk abundance in blood circulation or tumor tissue by 16S rDNA sequencing in the Akk gavaged mice, compared with the control mice.",Not found in abstract / unknown,Not found in abstract / unknown,Not found in abstract / unknown
ITB-000559,Predictable regulation of survival by intratumoral microbe-immune crosstalk in patients with lung adenocarcinoma.,Clinical statistics,,,Automatic candidate; requires manual review,"Here, we obtained the matched tumor microbiome and host transcriptome and survival data of 478 patients with LUAD in The Cancer Genome Atlas (TCGA). | Patients were stratified into high- and low-survival-risk groups based on immune cell marker genes, with significant differences in intratumoral microbial communities. | Specifically, patients in the high-risk group had significantly higher alpha diversity (p < 0.05) and were characterized by an enrichment of lung cancer-related genera such as Streptococcus. | Our study demonstrated that intratumoral microbiota-immune crosstalk was strongly associated with prognosis in LUAD patients, which would provide new targets for the development of precise therapeutic strategies.","Our study demonstrated that intratumoral microbiota-immune crosstalk was strongly associated with prognosis in LUAD patients, which would provide new targets for the development of precise therapeutic strategies.",Not found in abstract / unknown,Not found in abstract / unknown,Not found in abstract / unknown,Not found in abstract / unknown,Not found in abstract / unknown,Not found in abstract / unknown,Not found in abstract / unknown,Not found in abstract / unknown,Not found in abstract / unknown
ITB-000560,Streptococcus intermedius promotes synchronous multiple primary lung cancer progression through apoptosis regulation.,Clinical statistics,,,Automatic candidate; requires manual review,"RESULTS: Clinical cohort studies demonstrated that sMPLC occurrence is associated with disturbances in the lung microbiome. | Notably, Streptococcus intermedius was enriched in the lungs of sMPLC patients compared with non-tumor controls and accumulated preferentially in tumor tissues. | Analyses of oral and gut microbiomes in different patient cohorts revealed a strong correlation between oral microbiome imbalances and lung microbiome composition in sMPLC patients.",RESULTS: Clinical cohort studies demonstrated that sMPLC occurrence is associated with disturbances in the lung microbiome. | Analyses of oral and gut microbiomes in different patient cohorts revealed a strong correlation between oral microbiome imbalances and lung microbiome composition in sMPLC patients.,Not found in abstract / unknown,Not found in abstract / unknown,Not found in abstract / unknown,Not found in abstract / unknown,Not found in abstract / unknown,Not found in abstract / unknown,Not found in abstract / unknown,Not found in abstract / unknown,Not found in abstract / unknown
ITB-000561,Mechanisms by Which the Intratumoral Microbiome May Potentiate Immunotherapy Response,Unresolved,,,Automatic candidate; requires manual review,"In this issue, Elkrief et al. 1 demonstrate that intratumoral Escherichia may improve response to immune checkpoint inhibitor therapy (ICI) and increase overall survival for patients with non-small cell lung cancer (NSCLC) by priming the adaptive immune response to the pathogenic E. coli.Tumor microenvironment (TME) factors significantly affect response to ICI, and recent data suggest that intratumoral bacteria in the TME may alter immune infiltration and function, tumor and immune metabolism and molecular signaling via epigenetic modification 2,3,4,5,6,7,8,9 .Bacteria can promote an inflammatory environment and alter immune cell infiltration or function in respiratory diseases via multiple potential pathways 10,11,12,13 .Thus, it follows that these same mechanisms could affect immunity in lung tumors, and in turn, clinical response to immunotherapy.The clinical success of blockade of immune checkpoints, such as CTLA4 or PD-1/PD-L1 14,15,16 relies on pre-existing adaptive tumor immunity and infiltration of functional, cytotoxic T cells, all of which may be augmented by common pathogenic bacteria 15,17,18 .Previously, Goubet et al demonstrated that uropathogenic Escherichia coli (E.coli), the most common causative agent of urinary tract infections, was also associated with improved progression-free survival response after pembrolizumab in muscle-invasive bladder cancers (MIBC) 19 .Like in the lung epithelium, E. coli can invade bladder epithelial cells and persist for prolonged periods 19,20,21 , where they can induce follicular helper CD4 + T cell (T FH ) proliferation and E. coli-directed IgG to combat bladder infections 19 .T FH are a","In this issue, Elkrief et al. 1 demonstrate that intratumoral Escherichia may improve response to immune checkpoint inhibitor therapy (ICI) and increase overall survival for patients with non-small cell lung cancer (NSCLC) by priming the adaptive immune response to the pathogenic E. coli.Tumor microenvironment (TME) factors significantly affect response to ICI, and recent data suggest that intratumoral bacteria in the TME may alter immune infiltration and function, tumor and immune metabolism and molecular signaling via epigenetic modification 2,3,4,5,6,7,8,9 .Bacteria can promote an inflammatory environment and alter immune cell infiltration or function in respiratory diseases via multiple potential pathways 10,11,12,13 .Thus, it follows that these same mechanisms could affect immunity in lung tumors, and in turn, clinical response to immunotherapy.The clinical success of blockade of immune checkpoints, such as CTLA4 or PD-1/PD-L1 14,15,16 relies on pre-existing adaptive tumor immunity and infiltration of functional, cytotoxic T cells, all of which may be augmented by common pathogenic bacteria 15,17,18 .Previously, Goubet et al demonstrated that uropathogenic Escherichia coli (E.coli), the most common causative agent of urinary tract infections, was also associated with improved progression-free survival response after pembrolizumab in muscle-invasive bladder cancers (MIBC) 19 .Like in the lung epithelium, E. coli can invade bladder epithelial cells and persist for prolonged periods 19,20,21 , where they can induce follicular helper CD4 + T cell (T FH ) proliferation and E. coli-directed IgG to combat bladder infections 19 .T FH are a",Not found in abstract / unknown,Not found in abstract / unknown,Not found in abstract / unknown,Not found in abstract / unknown,Not found in abstract / unknown,Not found in abstract / unknown,Not found in abstract / unknown,Not found in abstract / unknown,Not found in abstract / unknown
ITB-000563,Intratumor microbiome-derived butyrate promotes lung cancer metastasis.,Unresolved,,,Automatic candidate; requires manual review,Not found in abstract / unknown,Not found in abstract / unknown,Not found in abstract / unknown,Not found in abstract / unknown,Not found in abstract / unknown,Not found in abstract / unknown,Not found in abstract / unknown,Not found in abstract / unknown,Not found in abstract / unknown,Not found in abstract / unknown,Not found in abstract / unknown
ITB-000564,"Unveiling the distinctive variations in multi-omics triggered by TP53 mutation in lung cancer subtypes: An insight from interaction among intratumoral microbiota, tumor microenvironment, and pathology.",Clinical statistics,,,Automatic candidate; requires manual review,"In this paper, we comprehensively evaluated the tissue microbiome, host gene expression characteristics, and histopathological slides of 992 NSCLC patients obtained from the cancer genome atlas (TCGA) and validated the findings using multi-omics data of 332 NSCLC patients from the Clinical Proteomic Tumor Analysis Consortium (CPTAC). | Compared to LUSC, LUAD exhibited more substantial differences between patients with and without TP53 mutation in all three aspects.","It is known that intratumoral microbiota, tumor immune microenvironment (TIME) and histology are associated with the roles of TP53 mutation in NSCLC. | However, the intrinsic associations among these three factors and their underlying interaction with TP53 mutation are not well understood.","Furthermore, we propose a novel multimodal deep learning model that focuses on histopathology images, which achieves an area under the curve (AUC) of 0.84 in LUAD.",Not found in abstract / unknown,Not found in abstract / unknown,Not found in abstract / unknown,Not found in abstract / unknown,Not found in abstract / unknown,Not found in abstract / unknown,Not found in abstract / unknown,Not found in abstract / unknown
ITB-000565,Dysbiosis of lower respiratory tract microbiome are associated with proinflammatory states in non-small cell lung cancer patients.,Clinical statistics,,,Automatic candidate; requires manual review,"Despite the fact that numerous studies have shown that lung cancer patients have a dysbiosis as compared to healthy people, more research is needed to explore the association between the microbiota dysbiosis and immune profile within the tumor microenvironment (TME). | METHODS: In this study, we performed metagenomic sequencing of tumor and normal tissues from 61 non-small cell lung cancer (NSCLC) patients and six patients with other lung diseases.","Despite the fact that numerous studies have shown that lung cancer patients have a dysbiosis as compared to healthy people, more research is needed to explore the association between the microbiota dysbiosis and immune profile within the tumor microenvironment (TME).",Not found in abstract / unknown,Not found in abstract / unknown,Not found in abstract / unknown,Not found in abstract / unknown,Not found in abstract / unknown,Not found in abstract / unknown,Not found in abstract / unknown,Not found in abstract / unknown,Not found in abstract / unknown
ITB-000566,Oxidative stress induced by Etoposide anti-cancer chemotherapy drives the emergence of tumor-associated bacteria resistance to fluoroquinolones.,Clinical statistics,,,Automatic candidate; requires manual review,"INTRODUCTION: Antibiotic-resistant bacterial infections, such as Pseudomonas aeruginosa and Staphylococcus aureus, are prevalent in lung cancer patients, resulting in poor clinical outcomes and high mortality.","However, it is unclear if ETO can cause unintentional side effects on tumor-associated microbial pathogens, such as inducing antibiotic resistance. | OBJECTIVES: We aimed to show that prolonged ETO treatment could unintendedly confer fluoroquinolone antibiotic resistance to P. aeruginosa, and evaluate the effect of tumor-associated P. aeruginosa on tumor progression. | CONCLUSION: Overall, our preclinical proof-of-concept provides insights into how anti-cancer chemotherapy could inadvertently allow tumor-associated bacteria to acquire antibiotic resistance mutations and shed new light on the development of novel anti-cancer treatments based on anti-bacterial strategies.",Not found in abstract / unknown,Not found in abstract / unknown,Not found in abstract / unknown,Not found in abstract / unknown,Not found in abstract / unknown,Not found in abstract / unknown,Not found in abstract / unknown,Not found in abstract / unknown,Not found in abstract / unknown
ITB-000567,Bacteria-Assisted Celastrol Liposomes for Effective Chemotherapy Against Lung Cancer in Mice Model.,Microbial therapeutics,,Materials / delivery design,Automatic candidate; requires manual review,Not found in abstract / unknown,Not found in abstract / unknown,Not found in abstract / unknown,Not found in abstract / unknown,Not found in abstract / unknown,Not found in abstract / unknown,Not found in abstract / unknown,"Extensive in vitro and in vivo experiments were performed to assess its physicochemical and antitumor properties and safety in treating lung cancer. | CONCLUSION: In our work, Bif@CLC-LP significantly inhibited tumor growth while minimizing celastrol-induced liver damage in a mouse lung cancer model.",Not found in abstract / unknown,Not found in abstract / unknown,"METHODS: BIF@CEL/LF/CMCS-Lipo (Bif@CLC-LP), a self-driving biomotor that targets tumor tissues, was used to deliver celastrol, which was encapsulated in surface-modified lactoferrin liposomes, which were then coated with carboxymethyl chitosan and loaded onto the surface of Bifidobacterium infantis (Bif). | In the acidic tumor environment, the carboxymethyl chitosan coating breaks down, releasing liposomes that can specifically target the cancer surface receptor for endocytosis. | This bacteria-mediated liposome delivery system is a promising new nanoplatform for treating different types of solid cancer."
ITB-000569,"Multi-omics analysis untangles the crosstalk between intratumor microbiome, lactic acid metabolism and immune status in lung squamous cell carcinoma.",Unresolved,,,Automatic candidate; requires manual review,Not found in abstract / unknown,"Casual mediation analysis was conducted to uncover the association among intratumor microbiota, LM, and immunity. | Furthermore, mediation analysis identified potential association pathways involving tumor-resident microbes, LM-related gene signatures, and antitumor immune cells.",Not found in abstract / unknown,Not found in abstract / unknown,Not found in abstract / unknown,Not found in abstract / unknown,Not found in abstract / unknown,Not found in abstract / unknown,Not found in abstract / unknown,Not found in abstract / unknown,Not found in abstract / unknown
ITB-000575,"Isolation, culture, and in vitro functional validation of intratumor bacteria from lung cancer patients.",Unresolved,,,Automatic candidate; requires manual review,Not found in abstract / unknown,In vitro characterization revealed potential functions of these cancer-associated microorganisms.,Not found in abstract / unknown,Not found in abstract / unknown,Not found in abstract / unknown,Not found in abstract / unknown,Not found in abstract / unknown,"In vitro characterization revealed potential functions of these cancer-associated microorganisms. | Four isolated isolates belonging to the genus Staphylococcus were detected to find out the possible functions in vitro. | In vitro experiment, the cultured strains promoted cellular proliferation, and enhanced the levels of proinflammatory cytokines (TNF-α, IL-1β, and IL-6) as well.",Not found in abstract / unknown,Not found in abstract / unknown,Not found in abstract / unknown
ITB-000576,Intratumorally specific microbial-derived lipopolysaccharide contributes to non-small cell lung cancer progression.,Unresolved,,,Automatic candidate; requires manual review,Not found in abstract / unknown,Not found in abstract / unknown,"Receiver operating characteristic curves revealed that the combination of intratumoural bacterial concentration, Escherichia-Shigella abundance, unclassified_f__Enterobacteriaceae abundance, and LPS content had greater diagnostic validity in predicting the probability of NSCLC, and the detection of these factors in blood has potential for using the non-invasive diagnosis of NSCLC.",Not found in abstract / unknown,Not found in abstract / unknown,Not found in abstract / unknown,Not found in abstract / unknown,"Mechanistically, we found that Escherichia-Shigella- and unclassified_f__Enterobacteriaceae-derived LPS activated the TLR4-mTOR-NF-κB-IL-6 axis to facilitate NSCLC cell proliferation, whereas rapamycin effectively delayed LPS-induced tumor cell proliferation in vitro and in vivo functional experiments.",Not found in abstract / unknown,Not found in abstract / unknown,Not found in abstract / unknown
ITB-000577,Microbiome analysis of 940 lung cancers in never-smokers reveals lack of clinically relevant associations.,Clinical statistics,,,Automatic candidate; requires manual review,"However, all together, using multiple data types in nearly 1000 patients, we find no substantive role for the lung cancer microbiome in treatment-naïve LCINS.","We observe very low biomass and few microbiome associations in LCINS using 16S and WGS tissue. | Among all datasets, we see no consistent associations between the lung tissue microbiome, or circulating bacterial DNA, and any available demographic and clinical features, including age, sex, genetic ancestry, second-hand tobacco smoking exposure, LCINS histology, stage, and overall survival. | We also observe no microbiome associations with any human genomic alterations within the same samples.",Not found in abstract / unknown,Not found in abstract / unknown,Not found in abstract / unknown,Not found in abstract / unknown,Not found in abstract / unknown,Not found in abstract / unknown,Not found in abstract / unknown,Not found in abstract / unknown,Not found in abstract / unknown
ITB-000578,Unravelling the prognostic and operative role of intratumoural microbiota in non-small cell lung cancer: Insights from 16S rRNA and RNA sequencing.,Clinical statistics,,,Automatic candidate; requires manual review,"METHODS: We performed 16S rRNA V3-V4 amplicon and transcriptome sequencing on cancerous and adjacent normal tissue samples from 30 patients with NSCLC, from which clinical characteristics and prognosis outcomes were collected. | Furthermore, Peptococcus may be significant in adverse NSCLC prognoses and serve as a potential biomarker for patient management and cancer screening.","We used 16S rRNA sequencing to dissect microbial composition and perform prognosis correlations, and in conjunction with transcriptome sequencing, we determined potential mechanisms underpinning significant microbiota actions. | Intriguingly, a protective microbial cluster was identified encompassing nine genera associated with delayed disease recurrence, with functional analyses suggested that these microbiota predominantly exerted metabolism-related functions. | KEY POINTS: Four phyla, five classes, nine orders, 17 families and 36 genera have been found associated with NSCLC prognosis. | We identified a protective microbial cluster associated with delayed recurrence and a harmful microbial cluster related to shorter survival and earlier recurrence.",Not found in abstract / unknown,Not found in abstract / unknown,Not found in abstract / unknown,Not found in abstract / unknown,Not found in abstract / unknown,Not found in abstract / unknown,Not found in abstract / unknown,Not found in abstract / unknown,Not found in abstract / unknown
ITB-000579,"DC-SIGN (CD209)-mediated interactions between bacteria, lung cancer tissues, and macrophages promote cancer metastasis.",Mechanistic studies,,,Automatic candidate; requires manual review,Not found in abstract / unknown,These observations were associated with increasing DC-SIGN expression in WT mice.,Not found in abstract / unknown,Not found in abstract / unknown,Not found in abstract / unknown,"The in vivo experiments supported these observations, showing that in wild-type (WT) mice, Shigella sonnei infection significantly increased tumor size, weight, and metastatic nodules compared to SIGNR1 knockout (KO) mice.",Not found in abstract / unknown,"Further, this bacterium was found to be able not only to induce the expression of DC-SIGN on macrophages but also to enhance the migration ability of lung cancer cells in vitro. | The in vivo experiments supported these observations, showing that in wild-type (WT) mice, Shigella sonnei infection significantly increased tumor size, weight, and metastatic nodules compared to SIGNR1 knockout (KO) mice. | These observations were associated with increasing DC-SIGN expression in WT mice.",Not found in abstract / unknown,Not found in abstract / unknown,Not found in abstract / unknown
ITB-000580,Microbial dysbiosis with tryptophan metabolites alteration in lower respiratory tract is associated with clinical responses to anti-PD-1 immunotherapy in advanced non-small cell lung cancer.,Unresolved,,,Automatic candidate; requires manual review,Not found in abstract / unknown,"However, there exists little knowledge on the associations between this regional microbiome and clinical responses to anti-PD-1 immunotherapy from clinical perspectives.",Not found in abstract / unknown,Not found in abstract / unknown,Not found in abstract / unknown,Not found in abstract / unknown,Not found in abstract / unknown,Not found in abstract / unknown,Not found in abstract / unknown,Not found in abstract / unknown,Not found in abstract / unknown
ITB-000581,Characterizations of lung cancer microbiome and exploration of potential microbial risk factors for lung cancer.,Clinical statistics,,,Automatic candidate; requires manual review,"Tissue samples were collected from patients newly diagnosed with pulmonary opacities, and metagenomic next-generation sequencing was employed to analyze these samples. | Tissue samples were collected from 130 patients with pulmonary opacities, categorized into lung cancer (50 cases), pulmonary infection (53 cases), and non-infectious pulmonary diseases (27 cases).","Additionally, correlations were established between certain microorganisms and clinical characteristics associated with lung cancer. | Multivariate binary logistic regression analysis revealed that age and Shewanella were independent risk factors for lung cancer development.",Not found in abstract / unknown,Not found in abstract / unknown,Not found in abstract / unknown,Not found in abstract / unknown,Not found in abstract / unknown,Not found in abstract / unknown,Not found in abstract / unknown,Not found in abstract / unknown,Not found in abstract / unknown
ITB-000583,A Novel nor@DHB Matrix for Direct Microbial Analysis in Lung Cancer Tissues.,Clinical statistics,,,Automatic candidate; requires manual review,"Subsequent machine learning and nomogram models further confirmed the correlation between characteristic lipid A ions and LC patient clinicopathological features, which are further validated through both in vitro and in vivo experiments.","Subsequent machine learning and nomogram models further confirmed the correlation between characteristic lipid A ions and LC patient clinicopathological features, which are further validated through both in vitro and in vivo experiments.","Subsequent machine learning and nomogram models further confirmed the correlation between characteristic lipid A ions and LC patient clinicopathological features, which are further validated through both in vitro and in vivo experiments.",Not found in abstract / unknown,Not found in abstract / unknown,Not found in abstract / unknown,Not found in abstract / unknown,"Subsequent machine learning and nomogram models further confirmed the correlation between characteristic lipid A ions and LC patient clinicopathological features, which are further validated through both in vitro and in vivo experiments.",Not found in abstract / unknown,Not found in abstract / unknown,Not found in abstract / unknown
ITB-000584,Butyrate derived from intratumoral microbiome facilitates pulmonary metastasis in osteosarcoma.,Clinical statistics,,,Automatic candidate; requires manual review,"Roseburia, Fusobacteriales, and Clostridiales were enriched in the metastatic cohort, whereas Bifidobacteriales and Pseudomonadales predominated in the nonmetastatic cohort.","Our findings mechanistically correlated intratumoral microbiome-derived butyrate with Wnt/β-catenin-driven osteosarcoma metastasis, suggesting that cmDNA-based liquid biopsy and microbial modulation are precision medicine approaches.",Not found in abstract / unknown,Not found in abstract / unknown,Not found in abstract / unknown,Not found in abstract / unknown,Not found in abstract / unknown,In vivo models further confirmed butyrate-induced acceleration of metastasis.,Not found in abstract / unknown,Not found in abstract / unknown,Not found in abstract / unknown
ITB-000586,Microbiota biomarkers as predictors on immunotherapy response in patients with advanced non-small cell lung cancer.,Clinical statistics,,,Automatic candidate; requires manual review,"MATERIAL AND METHODS: We performed a retrospective study in 41 tumor tissues from patients with advanced NSCLC treated with ICI +/- chemotherapy. | All patients with the highest KBUBe score were responders, compared with 50% in the lowest-score group (p = 0.035). | Similarly, 83.8% of patients with the highest OSAA score were responders, whereas no responders were observed in the lowest-score group (p = 0.001). | The KBUBe and OSAA scores represent novel, independent prognostic biomarkers, warranting validation in larger cohorts.","RESULTS: Cox and logistic regression identified two bacterial consortia with prognostic relevance in terms of overall survival (OS), progression-free survival (PFS) and treatment response: the KBUBe score, which included four genera (Klebsiella, Brevundimonas, Undibacterium and Beijerinckiaceae), and the OSAA score, which comprised Olsenella, Salinarimonas, Actinobacillus and Lachnospiraceae genus A2. | KBUBe and OSAA scores were significant predictors of OS (hazard ratio [HR] = 0.501, p = 0.009 and HR = 0.491, p < 0.001, respectively) and PFS (HR = 0.579, p = 0.040 and HR = 0.133, p < 0.001, respectively), outperforming PD-L1 expression, ECOG performance status or neutrophil-to-lymphocyte ratio. | CONCLUSION: Intratumoral microbial communities are associated with survival and treatment response in ICI-treated NSCLC.",Not found in abstract / unknown,Not found in abstract / unknown,Not found in abstract / unknown,Not found in abstract / unknown,Not found in abstract / unknown,Not found in abstract / unknown,Not found in abstract / unknown,Not found in abstract / unknown,Not found in abstract / unknown
ITB-000859,Higher Microbial Abundance and Diversity in Bronchus-Associated Lymphoid Tissue Lymphomas Than in Non-cancerous Lung Tissues.,Clinical statistics,,,Automatic candidate; requires manual review,MATERIALS AND METHODS: DNAs were extracted from 12 formalin-fixed paraffin-embedded (FFPE) tumor tissues obtained from BALT lymphoma patients diagnosed between 1990 and 2016. 16S rRNA gene was amplified by polymerase chain reaction.,"PURPOSE: It is well known that the majority of the extranodal marginal zone lymphomas of mucosa-associated lymphoid tissues (MALT lymphomas) are associated with microbiota, e.g., gastric MALT lymphoma with Helicobacter pylori. | The microbiota profile is not clearly elucidated in bronchus-associated lymphoid tissue (BALT) lymphoma, a rare type of MALT lymphoma in the lung. | RESULTS: Specific bacterial families including Burkholderiaceae, Bacillaceae, and Microbacteriaceae were associated with BALT lymphoma by a linear discriminant analysis effect size approach. | Although the number of specimens was limited, BALT lymphomas exhibited significantly higher microbial abundance and diversity with distinct microbial composition patterns and correlation networks than non-cancerous lung tissues.",Not found in abstract / unknown,Not found in abstract / unknown,Not found in abstract / unknown,Not found in abstract / unknown,Not found in abstract / unknown,Not found in abstract / unknown,Not found in abstract / unknown,Not found in abstract / unknown,Not found in abstract / unknown
ITB-000867,Microbiota modulate lung squamous cell carcinoma lymph node metastasis through microbiota-geneset correlation network.,Clinical statistics,,,Automatic candidate; requires manual review,"However, it remains to be understood whether the tumor-resident microbiome promotes lymph node (LN) metastasis, which is important for clinical decision-making and prediction of a patient's prognosis. | RESULTS: In this paper, we identified the tumor microbiota composition and microbial biomarkers in patients with and without LN metastases. | In addition, significantly upregulated gene sets characterize the transcript profiles of patients with LN metastases, for example, Myc Targets, E2F Targets, G2M Checkpoint, Mitotic Spindle, DNA Repair, and Oxidative Phosphorylation. | Finally, we found that Proteus and Bacteroides were strongly correlated with gene sets related to tumor development and energy metabolism in the networks of patients with LN metastases.","BACKGROUND: The tumor-resident microbiota in lung squamous cell carcinoma (LUSC) has been reported to be associated with the initiation and progression of cancer. | Finally, we found that Proteus and Bacteroides were strongly correlated with gene sets related to tumor development and energy metabolism in the networks of patients with LN metastases. | CONCLUSIONS: We found the associations between intratumor microbiota and transcripts. | Our results shed light on the correlation network of Proteus and Bacteroides, which may serve as a novel strategy for modulating LN metastasis.",Not found in abstract / unknown,Not found in abstract / unknown,Not found in abstract / unknown,Not found in abstract / unknown,Not found in abstract / unknown,Not found in abstract / unknown,Not found in abstract / unknown,Not found in abstract / unknown,Not found in abstract / unknown
ITB-000869,Tumor Akkermansia muciniphila predicts clinical response to immune checkpoint inhibitors in non-small-cell lung cancer patients with low PD-L1 expression.,Clinical statistics,,,Automatic candidate; requires manual review,"However, PD-L1 expression proved unreliable in some patients with low PD-L1 levels, highlighting the need for alternative biomarkers. | A previous cohort study in NSCLC patients linked intestinal Akkermansia muciniphila (Akk) presence to improved ICI efficacy, particularly in low PD-L1 subgroups. | METHODS: We retrospectively analyzed tumor tissues from 60 metastatic or recurrent NSCLC patients treated with ICIs. | In high PD-L1 patients, Akk status did not influence outcomes. | However, among low PD-L1 patients, Akk-positive cases exhibited significantly worse PFS compared to Akk-negative cases (OS remained unchanged). | CONCLUSIONS: Tumor-associated Akk may serve as a negative predictive biomarker for ICI efficacy in NSCLC patients with low PD-L1 expression. | Our findings suggest that tumor microbiota profiling, particularly targeting Akk, could refine patient stratification and therapeutic decision-making.",RESULTS: Tumor Akk expression showed no correlation with PD-L1 levels assessed via PID. | Survival and multivariable Cox regression analyses revealed no association between Akk expression and progression-free survival (PFS) or overall survival (OS). | Transcriptome analysis indicated that Akk positivity in low PD-L1 samples exhibited enrichment in oxidative phosphorylation and amyotrophic lateral sclerosis-related pathways and downregulation of spliceosome-associated pathways. | CONCLUSIONS: Tumor-associated Akk may serve as a negative predictive biomarker for ICI efficacy in NSCLC patients with low PD-L1 expression.,Not found in abstract / unknown,Not found in abstract / unknown,Not found in abstract / unknown,Not found in abstract / unknown,Not found in abstract / unknown,Not found in abstract / unknown,Not found in abstract / unknown,Not found in abstract / unknown,Not found in abstract / unknown
ITB-000880,Bacterial Iron Siderophore Drives Tumor Survival and Ferroptosis Resistance in a Biofilm-Tumor Spheroid Coculture Model.,Clinical statistics,,,Automatic candidate; requires manual review,"In lung cancer patients, the Gram-negative pathogen Pseudomonas aeruginosa raises questions about its role in tumor survival.","Interactions between tumoral cells and tumor-associated bacteria within the tumor microenvironment play a significant role in tumor survival and progression, potentially impacting cancer treatment outcomes. | P. aeruginosa forms a tumor-associated biofilm by producing Psl exopolysaccharide and secreting iron-scavenging pyoverdine, which is critical for establishing a bacterial community in tumors.",Not found in abstract / unknown,Not found in abstract / unknown,Not found in abstract / unknown,Not found in abstract / unknown,Not found in abstract / unknown,Not found in abstract / unknown,Not found in abstract / unknown,Not found in abstract / unknown,Not found in abstract / unknown
ITB-000940,Lung tissue microbial profile in lung cancer is distinct from emphysema.,Clinical statistics,,,Automatic candidate; requires manual review,"While many studies have focused on the changes in the airway microbiota using respiratory specimens from patients with various respiratory diseases, more research is needed to explore the microbial profiles within the distal lung parenchyma in smokers with lung cancer and/or emphysema. | RESULTS AND CONCLUSION: The emphysema-only group presented a lower bacterial community evenness defined by a significantly lower Shannon diversity index compared to the lung cancer patients with or without emphysema (P = 0.006). | Furthermore, community compositions of lung cancer patients with or without emphysema were characterized by a significantly lower abundance of Proteobacteria (primary the genera Acinetobacter and Acidovorax) and higher prevalence of Firmicutes (Streptococcus) and Bacteroidetes (Prevotella), compared to emphysema-only patients. | In conclusion, the lung microbial composition and communities structures of smokers with lung cancer are distinct from the emphysema-only patients.","MATERIALS AND METHODS: To describe and contrast lung tissue-associated microbial signatures in smokers with lung cancer and/or emphysema, we employed culture-independent pyrosequencing of 16S rRNA gene hypervariable V4 region and compositional analysis in non-malignant lung tissue samples obtained from 40 heavy smokers, including 10 emphysema-only, 11 lung cancer-only, and 19 with both lung cancer and emphysema.",Not found in abstract / unknown,Not found in abstract / unknown,Not found in abstract / unknown,Not found in abstract / unknown,Not found in abstract / unknown,Not found in abstract / unknown,Not found in abstract / unknown,Not found in abstract / unknown,Not found in abstract / unknown
ITB-000506,Microbiome within Primary Tumor Tissue from Renal Cell Carcinoma May Be Associated with PD-L1 Expression of the Venous Tumor Thrombus.,Clinical statistics,,,Automatic candidate; requires manual review,"METHODS: After IRB approval, six patients underwent radical nephrectomy (RN) with venous tumor thrombectomy (VTT).","OBJECTIVE: To perform a proof of concept microbiome evaluation and PD-L1 expression profiling in clear-cell renal cell carcinoma (cc-RCC) with associated tumor thrombus (TT). | Statistical assessment was performed using Student's t-test, chi-square, and spearman rank correlations using SPSS v25.",Not found in abstract / unknown,Not found in abstract / unknown,Not found in abstract / unknown,Not found in abstract / unknown,Not found in abstract / unknown,Not found in abstract / unknown,Not found in abstract / unknown,Not found in abstract / unknown,Not found in abstract / unknown
ITB-000507,The Microbiome in Benign Renal Tissue and in Renal Cell Carcinoma.,Clinical statistics,,,Automatic candidate; requires manual review,METHODS: Ten biopsies from patients undergoing laparoscopic nephrectomy for renal carcinoma with no history of urinary tract infections within the last 6 months were included in this study.,Not found in abstract / unknown,Not found in abstract / unknown,Not found in abstract / unknown,INTRODUCTION: The renal bacterial colonization has not been explored so far.,Not found in abstract / unknown,Not found in abstract / unknown,Not found in abstract / unknown,Not found in abstract / unknown,Not found in abstract / unknown,Not found in abstract / unknown
ITB-000509,Uncovering the microbiota in renal cell carcinoma tissue using 16S rRNA gene sequencing.,Clinical statistics,,,Automatic candidate; requires manual review,MATERIALS AND METHODS: Paired RCC and adjacent normal tissue samples were collected from 24 patients with RCC.,"INTRODUCTION: Increasing evidence indicates an important role of microbiota in cancer development and progression, while little is known about the correlation between microbiota and renal cell carcinoma (RCC). | Thus, we performed this study to profile the intratumoral microbiota possibly associated with RCC. | Further studies are required to confirm our results and determine the real correlation between microbiota and RCC.","Among these taxa, the class Chloroplast (AUC = 0.91, P < 0.0001) and the order Streptophyta (AUC = 0.89, P < 0.0001) showed high indication accuracy to discriminate RCC tissues from normal tissues.",Not found in abstract / unknown,Not found in abstract / unknown,Not found in abstract / unknown,Not found in abstract / unknown,Not found in abstract / unknown,Not found in abstract / unknown,Not found in abstract / unknown,Not found in abstract / unknown
ITB-000510,Macrophage Phenotype in Combination with Tumor Microbiome Composition Predicts RCC Patients' Survival: A Pilot Study.,Clinical statistics,,,Automatic candidate; requires manual review,"To investigate the potential prognostic significance of tumor microbiome and stromal inflammatory markers, we studied a cohort of 66 patients with RCC (23 clear cell RCC, 19 papillary RCC and 24 chromophobe RCC).","For the first time, we demonstrated a significant correlation between bacterial burden and the content of PU.1+ macrophages and CD66b+ neutrophils in kidney tumors. | In the tumors with high bacterial burden, the number of PU.1+ cells and CD66b+ was associated with a poor prognosis. | The identified associations indicate the great prognostic potential of a combined tumor microbiome and stromal cell analysis.",Not found in abstract / unknown,Not found in abstract / unknown,Not found in abstract / unknown,Not found in abstract / unknown,Not found in abstract / unknown,Not found in abstract / unknown,Not found in abstract / unknown,Not found in abstract / unknown,Not found in abstract / unknown
ITB-000513,Cutibacterium acnes-derived extracellular vesicles promote tumor growth in renal cell carcinoma.,Clinical statistics,,,Automatic candidate; requires manual review,"In this study, we performed 16S rRNA metagenomic analysis of bacterial DNA in serum extracellular vesicles from five healthy donors and seven patients with renal cell carcinoma and detected Cutibacterium acnes DNA as a characteristic bacterial DNA in the serum extracellular vesicles of patients with renal cell carcinoma. | In addition, C. acnes DNA was significantly reduced in postoperative serum extracellular vesicles from patients with renal cell carcinoma compared with that in preoperative serum extracellular vesicles from these patients and was also detected in tumor tissue and extracellular vesicles from tumor tissue-associated microbiota, suggesting an association between C. acnes extracellular vesicles and renal cell carcinoma.","In addition, C. acnes DNA was significantly reduced in postoperative serum extracellular vesicles from patients with renal cell carcinoma compared with that in preoperative serum extracellular vesicles from these patients and was also detected in tumor tissue and extracellular vesicles from tumor tissue-associated microbiota, suggesting an association between C. acnes extracellular vesicles and renal cell carcinoma.",Not found in abstract / unknown,Not found in abstract / unknown,Not found in abstract / unknown,Not found in abstract / unknown,Not found in abstract / unknown,C. acnes extracellular vesicles also exhibited tumor-promoting activity in a mouse model of renal cancer allografts with enhanced angiogenesis.,Not found in abstract / unknown,Not found in abstract / unknown,Not found in abstract / unknown
ITB-000517,Tumor-Resident Streptococcus pneumoniae Promotes Malignant Progression and Pazopanib Resistance in Clear Cell Renal Cell Carcinoma.,Clinical statistics,,,Automatic candidate; requires manual review,"UNLABELLED: Persistent drug resistance to tyrosine kinase inhibitors (TKI) has become a hurdle in extending the survival of patients with clear cell renal cell carcinoma (ccRCC). | Through microbiome screening of patient samples from a ccRCC cohort treated with the TKI pazopanib, we identified Streptococcus pneumoniae as the dominant intratumoral microbiota in pazopanib-resistant ccRCC samples. | SIGNIFICANCE: Streptococcus pneumoniae is an intratumoral bacteria that drives pazopanib resistance in renal cell carcinoma, highlighting the potential of targeting the tumor microbiome as a strategy to improve treatment outcomes in cancer patients.",Not found in abstract / unknown,Not found in abstract / unknown,Not found in abstract / unknown,Not found in abstract / unknown,Not found in abstract / unknown,Not found in abstract / unknown,Not found in abstract / unknown,Not found in abstract / unknown,Not found in abstract / unknown,Not found in abstract / unknown
ITB-000222,Intratumour microbiota modulates adrenocortical cancer responsiveness to mitotane.,Clinical statistics,,,Automatic candidate; requires manual review,"Novel markers able to predict those patients who would benefit from MTT therapy are urgently needed to improve patient's management. | MTT levels reached higher levels at 9 months in ACC patients with high abundance of Proteobacteria, Pseudomonas and Serratia and with low abundance of Bacteroidota, Firmicutes and Streptococcus.","The aim of our study was to evaluate the presence of intratumoural bacterial microbiota DNA in 26 human ACC tissues vs 9 healthy adrenals; moreover, the association between the relative bacterial composition profile, the tumour mass characteristics and MTT ability to reach high circulating levels in the early phase of treatment, were explored. | In addition, the Proteobacteria's low abundance was negatively associated with tumour size, Ki67 and cortisol secretion.",Not found in abstract / unknown,Not found in abstract / unknown,Not found in abstract / unknown,Not found in abstract / unknown,Not found in abstract / unknown,Not found in abstract / unknown,Not found in abstract / unknown,Not found in abstract / unknown,Not found in abstract / unknown
ITB-000223,Identification of intratumor bacteria-associated prognostic risk score in adrenocortical carcinoma.,Clinical statistics,,,Automatic candidate; requires manual review,"UNLABELLED: A landmark study by Poore et al. showed intratumor bacteria (ITBs) playing a critical role in most cancers by reproduction of The Cancer Genome Atlas (TCGA) transcriptome data. | ACC samples from our institutes underwent 16S rRNA sequencing [adrenocortical carcinoma blocks from Huashan Hospital and China Medical University (HS) cohort]. | The ITB profile was compared to TCGA data processed by Poore et al. (TCGA-P) and TCGA data processed by Salzberg et al. (TCGA-S), respectively. | A total of 26 ACC cases (HS cohort) and 10 paraffin controls were sequenced. | The TCGA cohort encompassed 77 cases. | Two and four amid the top 10 abundant genera in HS cohort were not detected in TCGA-P and TCGA-S, respectively. | Neither was alpha or beta diversity associated with survival nor could ACC be subtyped by ITB signature in the HS cohort. | Notably, a five-genera ITB risk score (Corynebacterium, Mycoplasma, Achromobacter, Anaerococcus, and Streptococcus) for OS trained in the HS cohort was validated in both TCGA-P and TCGA-S cohorts and was independently prognostic. | IMPORTANCE: In this report, we looked at the role of ITBs in ACC in patients with different race and sequencing platforms. | We found a five-genera ITB risk score consistently predicted overall survival in all cohorts.","Neither was alpha or beta diversity associated with survival nor could ACC be subtyped by ITB signature in the HS cohort. | Whereas ITB signature on the whole may not be associated with ACC subtypes, certain ITB features are associated with prognosis, and a risk score could be generated and validated externally.","Notably, a five-genera ITB risk score (Corynebacterium, Mycoplasma, Achromobacter, Anaerococcus, and Streptococcus) for OS trained in the HS cohort was validated in both TCGA-P and TCGA-S cohorts and was independently prognostic. | Whereas ITB signature on the whole may not be associated with ACC subtypes, certain ITB features are associated with prognosis, and a risk score could be generated and validated externally. | We found a five-genera ITB risk score consistently predicted overall survival in all cohorts.",Not found in abstract / unknown,Not found in abstract / unknown,Not found in abstract / unknown,Not found in abstract / unknown,Not found in abstract / unknown,Not found in abstract / unknown,Not found in abstract / unknown,Not found in abstract / unknown
ITB-000147,Acinetobacter baumannii promotes gastric cancer metastasis via NA-mediated NAD metabolism reprogramming and glycolytic activation.,Mechanistic studies,,,Automatic candidate; requires manual review,Not found in abstract / unknown,DESIGN: Integrated intratumoural microbiome-metabolome analysis identified GC-associated microbes and metabolites.,Not found in abstract / unknown,Not found in abstract / unknown,Fluorescence in situ hybridisation confirmed its colonisation in GC tumours.,Not found in abstract / unknown,Not found in abstract / unknown,"We then demonstrated the pro-metastatic role of Acinetobacter baumannii (A. baumannii, Ab) and its metabolite nicotinic acid (NA) using genetic, molecular and in vivo approaches. | Mechanically, A. baumannii promotes GC metastasis by reprogramming tumour cell glucose metabolism, reducing oxidative phosphorylation while enhancing glycolysis and activating the hypoxia-inducible factor-1 pathway in GC cells through metabolites both in vivo and in vitro.",Not found in abstract / unknown,Not found in abstract / unknown,Not found in abstract / unknown
ITB-000151,Bacterial vesicles from intratumoral L. salivarius enhance PD-1 blockade via FPR1-mediated macrophage polarization in gastric cancer.,Mechanistic studies,,,Automatic candidate; requires manual review,Not found in abstract / unknown,Not found in abstract / unknown,Not found in abstract / unknown,Not found in abstract / unknown,"The immunomodulatory function of the gastric microbiota in cancer is poorly understood, partly due to the stomach's acidic environment and limited microbial colonization.",Not found in abstract / unknown,Not found in abstract / unknown,Oral administration of L. salivarius enhances anti-PD-1 efficacy in multiple GC mouse models by promoting pro-inflammatory macrophage activation.,Not found in abstract / unknown,Not found in abstract / unknown,Not found in abstract / unknown
ITB-000152,Multi-omics Analysis Reveals How Intratumoral Bacteria Shape the Immune Microenvironment in Gastric Cancer.,Unresolved,,,Automatic candidate; requires manual review,Not found in abstract / unknown,"The occurrence and progression of gastric cancer (GC) are closely associated with dysbiosis of the gastric microbiota and alteration in host microenvironments. | Furthermore, we found that several pathways involved in the human immune system and associated with the gastric microbiota, such as thiazole biosynthesis II, pyrimidine deoxyribonucleoside salvage, superpathway of pyrimidine deoxyribonucleoside salvage, and superpathway of heme biosynthesis from uroporphyrinogen-III, hold potential as biomarkers for early detection of GC.",Not found in abstract / unknown,Not found in abstract / unknown,Not found in abstract / unknown,Not found in abstract / unknown,Not found in abstract / unknown,Not found in abstract / unknown,Not found in abstract / unknown,Not found in abstract / unknown,Not found in abstract / unknown
ITB-000154,Identification of prognosis and therapy related intratumoral microbiome and immune signatures in gastric cancer.,Clinical statistics,,,Automatic candidate; requires manual review,"An immune-related gene-based RiskScore model incorporating genes such as Apolipoprotein D (APOD), Stanniocalcin 1 (STC1), Coagulation Factor II Thrombin Receptor (F2R), Angiotensinogen (AGT), Fatty Acid Binding Protein 4 (FABP4), Inhibin Subunit Beta A (INHBA), Caspase Recruitment Domain Family Member 11 (CARD11), and Dickkopf WNT Signaling Pathway Inhibitor 1 (DKK1) was established and validated in The Cancer Genome Atlas (TCGA) and Gene Expression Omnibus (GEO) datasets.","Our study analyzed the differential ITM in GC tissues and identified nine bacterial genera significantly associated with overall survival (OS), with seven as risk factors and two as protective factors. | Three distinct clusters with varying survival outcomes were defined, demonstrating correlations with pathological stage and immune features. | This model exhibited robust predictive accuracy over time and correlated with mutation frequency, drug sensitivity, and immunotherapy response. | Furthermore, single-cell analysis revealed that tumor-associated fibroblasts may play a pivotal role in immune-microbial interactions.","When combined with clinical factors, this RiskScore model formed a Nomogram model achieving Areas Under the Curve (AUCs) of 0.72, 0.76, and 0.79 for 1, 3, and 5-year OS predictions, respectively. | In conclusion, the prognostic model incorporating ITM and immune-related genes aids in risk stratification and provides valuable insights and targets for GC treatment.",Not found in abstract / unknown,Not found in abstract / unknown,Not found in abstract / unknown,Not found in abstract / unknown,Not found in abstract / unknown,Not found in abstract / unknown,Not found in abstract / unknown,Not found in abstract / unknown
ITB-000155,Analyses of single-cell RNA sequencing uncover the role of intratumoral Helicobacter pylori in shaping tumor progression and immunity in gastric cancer.,Clinical statistics,,,Automatic candidate; requires manual review,"In a large GC cohort, we used SAHMI to detect 12 bacteria, among which Helicobacter pylori (H. pylori) was widely present in multiple tumor and normal samples. | We detected obvious enrichment of H. pylori in cancer cells and identified 13 upregulated differentially expressed genes exhibiting significantly negative correlations with patient survival in the H. pylori-positive tumor group compared with the findings in the other groups, indicating that these genes could represent prognostic biomarkers or therapeutic targets for H. pylori-infected patients with GC.","The intratumoral microbiota is closely associated with tumor initiation and progression in multiple solid tumors, including gastric cancer (GC). | We detected obvious enrichment of H. pylori in cancer cells and identified 13 upregulated differentially expressed genes exhibiting significantly negative correlations with patient survival in the H. pylori-positive tumor group compared with the findings in the other groups, indicating that these genes could represent prognostic biomarkers or therapeutic targets for H. pylori-infected patients with GC. | Moreover, H. pylori-enriched immune cells, including T cells, B cells, and macrophages, were associated with cell-type-specific gene expression and pathway activities, including cell fate and immune signaling.",Not found in abstract / unknown,Not found in abstract / unknown,Not found in abstract / unknown,Not found in abstract / unknown,Not found in abstract / unknown,Not found in abstract / unknown,Not found in abstract / unknown,Not found in abstract / unknown,Not found in abstract / unknown
ITB-000156,Intratumoral Fusobacterium nucleatum Recruits Tumor-Associated Neutrophils to Promote Gastric Cancer Progression and Immune Evasion.,Unresolved,,,Automatic candidate; requires manual review,Not found in abstract / unknown,Analysis of human gastric cancer tissues with 16S rRNA amplicon sequencing revealed that Fusobacterium nucleatum was significantly enriched in gastric cancer tissues with lymph node metastasis and correlated with a poor prognosis. | Single-cell RNA sequencing uncovered that F. nucleatum recruited tumor-associated neutrophils (TAN) to reshape the tumor immune microenvironment. | Significance: Intratumoral F. nucleatum activates NF-κB signaling to facilitate gastric cancer immune evasion by promoting tumor-associated neutrophil recruitment that sensitizes tumors to immune checkpoint blockade therapy.,Not found in abstract / unknown,Not found in abstract / unknown,Not found in abstract / unknown,Not found in abstract / unknown,Not found in abstract / unknown,"F. nucleatum infection spontaneously induced chronic gastritis and promoted gastric mucosa dysplasia in mice. | Furthermore, gastric cancer cells infected with F. nucleatum showed accelerated growth in immunocompetent mice compared with immunodeficient mice.",Not found in abstract / unknown,Not found in abstract / unknown,Not found in abstract / unknown
ITB-000157,Prognostic implications of the interaction between intratumoral microbiome and immune response in gastric cancer.,Clinical statistics,,,Automatic candidate; requires manual review,"This study analyzed data from the The Cancer Genome Atlas (TCGA) and Gene Expression Omnibus (GEO) databases to identify immune genes associated with GC prognosis and conducted prognostic immune subtypes. | GC patients were classified into two distinct prognostic immune phenotypes C1 and C2 based on the non-negative matrix factorization consensus clusters. | A prediction risk model was constructed using the LASSO regression analysis and showed great prognostic value for GC patients. | Candidatus Nitrosotenuis plays a significant role in predicting the prognosis of GC patients. | Our study classified gastric cancer patients into two immune prognostic subtypes, C1 and C2, using non-negative matrix factorization consensus clusters. | Notably, Candidatus Nitrosotenuis showed a significant prognostic value in gastric cancer patients.",This study analyzed data from the The Cancer Genome Atlas (TCGA) and Gene Expression Omnibus (GEO) databases to identify immune genes associated with GC prognosis and conducted prognostic immune subtypes. | The key genes were correlated with immune cells and suppressed the function of the host immune system. | The intratumoral microbiomes were strongly associated with the hosts' immune infiltration and significantly interacted with host immune genes to influence GC outcomes. | Microbiome analyses revealed associations between both subtypes and immune genes that affect intratumoral microbiomes and their responses to immunotherapy.,Not found in abstract / unknown,Not found in abstract / unknown,Not found in abstract / unknown,Not found in abstract / unknown,Not found in abstract / unknown,Not found in abstract / unknown,Not found in abstract / unknown,Not found in abstract / unknown,Not found in abstract / unknown
ITB-000158,"The relationship between the gastric cancer microbiome and clinicopathological factors: a metagenomic investigation from the 100,000 genomes project and The Cancer Genome Atlas.",Clinical statistics,,,Automatic candidate; requires manual review,"BACKGROUND: Findings from previous gastric cancer microbiome studies have been conflicting, potentially due to patient and/or tumor heterogeneity. | METHODS: Metagenomic analysis of 529 GC samples was performed, including whole exome sequencing data from The Cancer Genome Atlas (TCGA) and whole genome sequencing data from the 100,000 Genomes Project. | Microbial abundance, alpha diversity, and composition were compared across patient age, sex, tumor location, geographic origin, pathological depth of invasion, pathological lymph node status, histological phenotype, microsatellite instability status, and TCGA molecular subtype. | RESULTS: Gastric cancer microbiomes resembled previous results, with Prevotella, Selenomonas, Stomatobaculum, Streptococcus, Lactobacillus, and Lachnospiraceae commonly seen across both cohorts. | Within the TCGA cohort, microbial abundance and alpha diversity were greater in gastric cancers with microsatellite instability, lower pathological depth of invasion, intestinal-type histology, and those originating from Asia. | Microsatellite instability status was associated with microbiome composition in both cohorts. | Sex and pathological depth of invasion were associated with microbiome composition in the TCGA cohort.",Microsatellite instability status was associated with microbiome composition in both cohorts. | Sex and pathological depth of invasion were associated with microbiome composition in the TCGA cohort. | Certain clinicopathological factors associated with favourable outcomes in gastric cancer were observed to be associated with greater microbial abundance and diversity.,Not found in abstract / unknown,Not found in abstract / unknown,Not found in abstract / unknown,Not found in abstract / unknown,Not found in abstract / unknown,Not found in abstract / unknown,Not found in abstract / unknown,Not found in abstract / unknown,Not found in abstract / unknown
ITB-000159,Prognostic stratification of gastric cancer patients by intratumoral microbiota-mediated tumor immune microenvironment.,Clinical statistics,,,Automatic candidate; requires manual review,"Here, we observe that intratumoral microbiota controls chemokine expression, which in turn recruits immune cells into the tumor, and that immune infiltration is strongly associated with patient survival and disease attributes. | Furthermore, microbiota regulation of chemokines is differentiated in GC patients with different survival risks. | As seen in gastric tumors, in high-survival-risk patients, Pseudomonas regulates CCL4, CXCL9, CXCL10, and CXCL11 accumulation to recruit immune cells such as CD4+ T cells, CD8+ T cells, and M1 macrophages. | In low-survival-risk patients, Leptospira regulates CCL4, CCL5, CXCL9, and CXCL10 accumulation to recruit multiple types of immune cells. | What's more, chemokines, including CCL4, CCL5, CXCL9, CXCL10, and CXCL11, strongly influence the sensitivity of GC patients to potential drug candidates.","Here, we observe that intratumoral microbiota controls chemokine expression, which in turn recruits immune cells into the tumor, and that immune infiltration is strongly associated with patient survival and disease attributes.",Not found in abstract / unknown,Not found in abstract / unknown,Not found in abstract / unknown,Not found in abstract / unknown,Not found in abstract / unknown,Not found in abstract / unknown,Not found in abstract / unknown,Not found in abstract / unknown,Not found in abstract / unknown
ITB-000160,Multiomics insights into BMI-related intratumoral microbiota in gastric cancer.,Clinical statistics,,,Automatic candidate; requires manual review,"This study aimed to compare and analyze the differences in and functions of intratumoral microbiota among GC patients with varying BMIs, aiming to ascertain whether specific microbial features are associated with prognosis in low-BMI (LBMI) gastric cancer patients. | METHODS: A retrospective analysis of the clinicopathological features and prognosis of 5567 patients with different BMIs was performed between January 2010 and December 2019. | Tumor tissues from 189 GC patients were collected for 16S rRNA sequencing, 64 samples were selected for transcriptome sequencing, and 57 samples were selected for untargeted metabolomic analysis. | RESULTS: Clinical cohort analysis revealed that GC patients with a low BMI presented poorer clinical and pathological characteristics than those with a non-low-BMI (NLBMI). | LBMI was identified as a significant independent risk factor for adverse prognosis, potentially exerting immunosuppressive effects on postoperative adjuvant chemotherapy. 16S rRNA sequencing revealed no significant differences in the alpha and beta diversity of the intratumoral microbiota between the two groups of GC patients. | Further in-depth analysis indicated that the genus Abiotrophia was inversely associated with eosinophils, P2RY12, and SCN4B genes, and positively linked with LGR6 in LBMI gastric cancer patients. | DISCUSSION: In conclusion, LBMI is an independent risk factor for poor prognosis in gastric cancer patients and may have an inhibitory effect on postoperative adjuvant chemotherapy. | Intratumor flora of gastric cancer patients with different BMI levels differed, with different immune cell infiltration and metabolic characteristics.","This study aimed to compare and analyze the differences in and functions of intratumoral microbiota among GC patients with varying BMIs, aiming to ascertain whether specific microbial features are associated with prognosis in low-BMI (LBMI) gastric cancer patients. | Further in-depth analysis indicated that the genus Abiotrophia was inversely associated with eosinophils, P2RY12, and SCN4B genes, and positively linked with LGR6 in LBMI gastric cancer patients. | Metabolomic assessments revealed that LBMI was positively associated with purine metabolites, specifically guanine and inosine diphosphate (IDP).",Not found in abstract / unknown,Not found in abstract / unknown,Not found in abstract / unknown,Not found in abstract / unknown,Not found in abstract / unknown,Not found in abstract / unknown,Not found in abstract / unknown,Not found in abstract / unknown,Not found in abstract / unknown
ITB-000161,Investigating the role of intratumoral Streptococcus mitis in gastric cancer progression: insights into tumor microenvironment.,Clinical statistics,,,Automatic candidate; requires manual review,"Here, using 16 S rRNA sequencing, tumor tissue proteomics and serum cytokines analysis, we identified enrichment of specific microbial communities within tumors of gastric cancer patients, possibly affecting the tumor microenvironment by immune modulation, metabolic processes, and inflammatory responses.",Not found in abstract / unknown,Not found in abstract / unknown,Not found in abstract / unknown,Not found in abstract / unknown,Not found in abstract / unknown,Not found in abstract / unknown,"Based on the results of in vivo experiments and intratumoral microbiota analysis, we found that Streptococcus mitis can inhibit gastric cancer progression via suppressing M2 macrophage polarization and infiltration, as well as altering the intratumoral microbial community.",Not found in abstract / unknown,Not found in abstract / unknown,Not found in abstract / unknown
ITB-000162,Fusobacterium nucleatum drives gastric cancer metastasis via Gbp-CypA-NF-κB-mediated CXCL8 crosstalk between tumor cells and mast cells.,Unresolved,,,Automatic candidate; requires manual review,Not found in abstract / unknown,RESULTS: We showed that Fn and MCs were enriched and positively correlated in clinical GC tissues compared to paracancerous tissues.,Not found in abstract / unknown,Not found in abstract / unknown,Not found in abstract / unknown,Not found in abstract / unknown,Not found in abstract / unknown,"A murine lung metastasis model was employed to evaluate Fn-driven metastasis and the effects of metronidazole and Reparixin. | In addition, the in vivo assays substantiated Fn’s ability to enhance tumor progression by facilitating cell migration, upregulating CXCL8 expression, and inducing MC infiltration and activation.",Not found in abstract / unknown,Not found in abstract / unknown,Not found in abstract / unknown
ITB-000163,"Gastric cancer-associated bacteria exhibit distinct butyrate and pyruvate metabolism: a metabolomic analysis of F. nucleatum, N. subflava, and H. pylori.",Unresolved,,,Automatic candidate; requires manual review,Not found in abstract / unknown,CONCLUSIONS: This study delineates species-specific metabolic programs among gastric cancer-associated bacteria and highlights unique butyrate and pyruvate metabolism as a potential axis of microbe-host and microbe-microbe interaction in the gastric environment.,Not found in abstract / unknown,Not found in abstract / unknown,Not found in abstract / unknown,Not found in abstract / unknown,Not found in abstract / unknown,Not found in abstract / unknown,Not found in abstract / unknown,Not found in abstract / unknown,Not found in abstract / unknown
ITB-000164,Effectiveness of multi-region 16S rRNA gene sequencing in studying the microbiome of gastric cancer tissues.,Clinical statistics,,,Automatic candidate; requires manual review,METHODS: Patients with gastric cancer (n = 118) who underwent surgery at Liyang People's Hospital from January 2022 to December 2024 were enrolled.,"BACKGROUND: The gastric microbiome is closely associated with gastric cancer, and single-region 16S rRNA sequencing has limitations in analyzing its characteristics, necessitating the search for a better sequencing method.",Not found in abstract / unknown,Not found in abstract / unknown,Not found in abstract / unknown,Not found in abstract / unknown,Not found in abstract / unknown,Not found in abstract / unknown,Not found in abstract / unknown,Not found in abstract / unknown,Not found in abstract / unknown
ITB-000165,Gastric microbiome in gastric cancer sequence depicts diverse microbial structures associated with cancer risk and prognosis.,Unresolved,,,Automatic candidate; requires manual review,Not found in abstract / unknown,"We aimed to elucidate detailed relationship of microbiome dynamics between two different steps in gastric cancer (GC) such as cancer initiation and progression, and assessed their associations with clinicopathological and molecular changes. | The association between specific microbial characteristics and GC risk, prognosis and molecular changes such as TP53 mutation, DNA methylation and telomere shortening were also evaluated. | GC risk-related microbiome was associated with differentiated GC, severe intestinal metaplasia, associated DNA methylation and telomere shortening, while GC tissue-specific microbiome was associated with more aggressive features of GC and TP53 mutation status.",Not found in abstract / unknown,Not found in abstract / unknown,Not found in abstract / unknown,Not found in abstract / unknown,Not found in abstract / unknown,Not found in abstract / unknown,Not found in abstract / unknown,Not found in abstract / unknown,Not found in abstract / unknown
ITB-000166,Streptococcus lutetiensis inhibits CD8(+) IL17A(+) TRM cells and leads to gastric cancer progression and poor prognosis.,Clinical statistics,,,Automatic candidate; requires manual review,Streptococcus lutetiensis (S. lutetiensis) was found to be enriched in the tumour tissues of GC patients.,"In many solid tumours, including gastric cancer (GC), the beginning and progression of the tumour are closely correlated with the tumour microbiome.",Not found in abstract / unknown,Not found in abstract / unknown,Not found in abstract / unknown,Not found in abstract / unknown,Not found in abstract / unknown,"Mouse models confirm S. lutetiensis promotes GC progression by impairing immune responses in CD8+IL17A+TRM cells, suggesting it as a potential GC prognosis indicator and immunotherapy target, highlighting the microbiome's role in cancer progression.",Not found in abstract / unknown,Not found in abstract / unknown,Not found in abstract / unknown
ITB-000167,Characterization of the landscape of the intratumoral microbiota reveals that Streptococcus anginosus increases the risk of gastric cancer initiation and progression.,Mechanistic studies,Clinical statistics,,Automatic candidate; requires manual review,"The microbiome was used to categorize GC samples into six subtypes, and patients with a high abundance of Streptococcus or Pseudomonas had a markedly worse prognosis.",Not found in abstract / unknown,Not found in abstract / unknown,Not found in abstract / unknown,"However, antibiotic treatment significantly suppressed tumorigenesis in SA+ mice in vivo.",Not found in abstract / unknown,Not found in abstract / unknown,"However, antibiotic treatment significantly suppressed tumorigenesis in SA+ mice in vivo.",Not found in abstract / unknown,Not found in abstract / unknown,Not found in abstract / unknown
ITB-000168,Mucosal microbiota characterization in gastric cancer identifies immune-activated-related transcripts relevant gastric microbiome signatures.,Clinical statistics,,,Automatic candidate; requires manual review,"Furthermore, we analyzed the expression of IATs (CXCL9, CXCL10, GZMA, GZMB, PRF1, CD8A, IFNG, TBX2, and TNF) and characterized IAT-relevant gastric microbiome signatures in GC patients. | Our results showed that the expression of CXCL9, CXCL10, GZMA, GZMB, PRF1 and IFNG was significantly higher in tumor tissues than in adjacent normal tissues in GC patients. | Notably, high expression of IATs in tumor tissues was associated with improved survival in GC patients and could serve as a powerful predictor for disease-free survival. | Importantly, our study demonstrated that high expression levels of IATs in GC tumor tissues were associated with improved patient survival. | Targeting the tumor microbiota could emerge as a promising therapeutic strategy, potentially leading to more effective treatments and improved patient outcomes.","However, comprehensive characterization of immune cell-associated microbiome signatures in the TME is still in the early stages of development. | Here, we characterized the gastric mucosa microbiome and its associations with immune-activated related transcripts (IATs) in 170 GC tumor tissues and matched non-tumor tissues using 16s rRNA gene sequencing and quantitative reverse transcription-PCR. | Notably, high expression of IATs in tumor tissues was associated with improved survival in GC patients and could serve as a powerful predictor for disease-free survival. | Additionally, analysis of IAT levels and mucosal microbiota diversity revealed a correlation between higher IAT expression and increased microbiota richness and evenness in the IATs high group, suggesting potential interactions between mucosal microbiota and tumor immunopathology. | Spearman correlation analysis showed positive associations between IAT expression and specific mucosal bacterial species. | Importantly, our study demonstrated that high expression levels of IATs in GC tumor tissues were associated with improved patient survival. | Moreover, the correlation between higher IAT expression and increased microbiota richness and evenness suggests that a diverse and balanced microbiome may enhance immune responses and contribute to better clinical outcomes.",Not found in abstract / unknown,Not found in abstract / unknown,Not found in abstract / unknown,Not found in abstract / unknown,Not found in abstract / unknown,Not found in abstract / unknown,Not found in abstract / unknown,Not found in abstract / unknown,Not found in abstract / unknown
ITB-000170,Intratumoral microbiome is associated with gastric cancer prognosis and therapy efficacy.,Clinical statistics,,,Automatic candidate; requires manual review,"After adjusting for clinical features, prognostic analysis revealed 2 phyla, 14 genera, and 5 species associated with the overall survival of patients with GC. | Additionally, 2 phyla, 14 genera, and 6 species were associated with adjuvant chemotherapy (ACT) efficacy in patients with stage II - III GC.","Several cancer-associated microbial characteristics were identified, including increased α-diversity, differential β-diversity, and decreased Helicobacter pylori abundance. | After adjusting for clinical features, prognostic analysis revealed 2 phyla, 14 genera, and 5 species associated with the overall survival of patients with GC. | Additionally, 2 phyla, 14 genera, and 6 species were associated with adjuvant chemotherapy (ACT) efficacy in patients with stage II - III GC. | MS2 featured the highest α-diversity and activation of the TFF pathway, MS3 was characterized by epithelial-mesenchymal transition and was associated with poor prognosis and reduced ACT efficacy. | Collectively, the results of this study provide valuable insights into the microbial characteristics associated with GC prognosis and therapy efficacy.",Not found in abstract / unknown,Not found in abstract / unknown,Not found in abstract / unknown,Not found in abstract / unknown,Not found in abstract / unknown,Not found in abstract / unknown,Not found in abstract / unknown,Not found in abstract / unknown,Not found in abstract / unknown
ITB-000171,Comprehensive multiomics analysis of the signatures of gastric mucosal bacteria and plasma metabolites across different stomach microhabitats in the development of gastric cancer.,Clinical statistics,,,Automatic candidate; requires manual review,"Most importantly, analysis of the functional features of the microbiota revealed that nitrate reductase genes were significantly enriched in the tumoral microbiota, while urease-producing genes were significantly enriched in the microbiota of H. pylori-positive patients. | A panel of 81 metabolites was constructed to discriminate gastric cancer patients from gastritis patients, and a panel of 15 metabolites was constructed to discriminate H. pylori-positive patients from H. pylori-negative patients. receiver operator characteristic (ROC) curve analysis identified a series of gastric microbes and plasma metabolites as potential biomarkers of gastric cancer. | CONCLUSION: The present study identified a series of signatures that may play important roles in gastric carcinogenesis and have the potential to be used as biomarkers for diagnosis and for the surveillance of gastric cancer patients with minimal invasiveness.","PURPOSE: As an important component of the microenvironment, the gastric microbiota and its metabolites are associated with tumour occurrence, progression, and metastasis. | High Helicobacter. pylori colonization modified the overall diversity and composition of the microbiota associated with gastritis and cancer in the stomach.",Not found in abstract / unknown,Not found in abstract / unknown,High Helicobacter. pylori colonization modified the overall diversity and composition of the microbiota associated with gastritis and cancer in the stomach.,Not found in abstract / unknown,Not found in abstract / unknown,Not found in abstract / unknown,Not found in abstract / unknown,Not found in abstract / unknown,Not found in abstract / unknown
ITB-000172,Distinct oral-associated gastric microbiota and Helicobacter pylori communities for spatial microbial heterogeneity in gastric cancer.,Clinical statistics,,,Automatic candidate; requires manual review,"To decipher the different microbial spatial communities of GC, we performed a multicenter retrospective analysis to characterize the gastric microbiota in 223 GC patients, including H. pylori-positive or -negative patients, with tumors and paired adjacent normal tissues, using third-generation sequencing. | In the independent validation cohort, both dental plaque and GC tumoral tissue samples were collected and sequenced. | Importantly, H. pylori-negative GC patients with oral-associated gastric microbiota showed worse overall survival, while the increase in microbial abundance in H. pylori-positive GC patients showed no difference in overall survival.","UNLABELLED: The gastric microbial community plays a fundamental role in gastric cancer (GC), and the two main anatomical subtypes of GC, non-cardia and cardia GC, are associated with different risk factors (Helicobacter pylori for non-cardia GC). | The prevalence of H. pylori and oral-associated bacteria was verified using fluorescence in situ hybridization (FISH) assays in GC tumoral tissues and matched nontumoral tissues. | The oral-associated microbiota cluster, which included Veillonella parvula, Streptococcus oralis, and Prevotella intermedia, was more abundant in the upper third of the GC. | However, H. pylori was more abundant in the lower third of the GC and exhibited a significantly high degree of microbial correlation. | The oral-associated microbiota module was co-exclusive with H. pylori in the lower third site of the GC tumoral tissue. | Importantly, H. pylori-negative GC patients with oral-associated gastric microbiota showed worse overall survival, while the increase in microbial abundance in H. pylori-positive GC patients showed no difference in overall survival. | We showed that the oral-associated species V. parvula and S. oralis were correlated with overall survival. | Our study highlights the roles of the oral-associated microbiota in the upper third of the GC. | In addition, oral-associated species may serve as noninvasive screening tools for the management of GC and an independent prognostic factor for H. pylori-negative GCs. | IMPORTANCE: Our study highlights the roles of the oral-associated microbiota in the upper third of gastric cancer (GC).We showed that the oral-associated species Veillonella parvula and Streptococcus oralis were correlated with overall survival. | In addition, oral-associated species may serve as noninvasive screening tools for the management of GC and an independent prognostic factor for Helicobacter pylori-negative GCs.",Not found in abstract / unknown,"In the independent validation cohort, both dental plaque and GC tumoral tissue samples were collected and sequenced.",Not found in abstract / unknown,Not found in abstract / unknown,Not found in abstract / unknown,Not found in abstract / unknown,Not found in abstract / unknown,Not found in abstract / unknown,Not found in abstract / unknown
ITB-000173,The relationship between gastric microbiome features and responses to neoadjuvant chemotherapy in gastric cancer.,Clinical statistics,,,Automatic candidate; requires manual review,"METHODS: Forty-eight patients with gastric cancer participated in this retrospective study, and 16S rRNA sequencing was performed to evaluate formalin-fixed and paraffin-embedded (FFPE) tissue biospecimens and fresh-frozen tissues. | RESULTS: In this study, 16 bacterial taxa at different levels, including Bacillus, Anaerococcus, and Chloroflexi, were identified to be enriched before NACT in response (R) patients in group FFPE. | In contrast, 6 bacterial taxa, such as Haemophilus, Veillonellaceae (Veillonella), etc. were enriched after NACT, in which we reported for the first time that the phylum Chloroflexi was enriched before NACT in R patients. | Thirty-one bacterial taxa of Coriobacteriaceae, Ruminococcaceae, Veillonellaceae, and Lachnospiraceae were identified in group mucosa as being enriched in R patients. | In comparison, 4 bacterial taxa dominated by the phylum Proteobacteria were enriched in NR patients.",Not found in abstract / unknown,Not found in abstract / unknown,Not found in abstract / unknown,Not found in abstract / unknown,Not found in abstract / unknown,Not found in abstract / unknown,Not found in abstract / unknown,Not found in abstract / unknown,Not found in abstract / unknown,Not found in abstract / unknown
ITB-000174,Combined DNA Methylation and Gastric Microbiome Marker Predicts Helicobacter pylori-Negative Gastric Cancer.,Clinical statistics,,,Automatic candidate; requires manual review,"METHODS: In this case-control study, we conducted quantitative methylation-specific polymerase chain reaction to measure the methylation levels of DKK3, SFRP1, EMX1, NKX6-1, MIR124-3, and TWIST1 in the gastric mucosa from 75 H. pylori-negative patients, including chronic gastritis (CG), intestinal metaplasia (IM), and GC. | A combined analysis of DNA methylation and gastric microbiome, using 16S rRNA gene sequencing, was performed in 30 of 75 patients. | RESULTS: The methylation levels of DKK3, SFRP1, EMX1, MIR124-3, and TWIST1 were significantly higher in patients with GC than in controls (all q<0.05). | MIR124-3 and TWIST1 methylation levels were higher in patients with IM than those with CG and also in those with GC than in those with IM (all q<0.05).","BACKGROUND/AIMS: While DNA methylation and gastric microbiome are each associated with gastric cancer (GC), their combined role in predicting GC remains unclear. | The combination of TWIST1 methylation and GC microbiome index (a microbiome marker) was significantly associated with H. pylori-negative GC after adjusting for age, sex, and atrophy (OR, 50.00; 95% CI, 1.69 to 1,476; p=0.024).",Not found in abstract / unknown,Not found in abstract / unknown,Not found in abstract / unknown,Not found in abstract / unknown,Not found in abstract / unknown,Not found in abstract / unknown,Not found in abstract / unknown,Not found in abstract / unknown,Not found in abstract / unknown
ITB-000175,Gastric coinfection with thiopeptide-positive Cutibacterium acnes decreases FOXM1 and pro-inflammatory biomarker expression in a murine model of Helicobacter pylori-induced gastric cancer.,Mechanistic studies,Clinical statistics,,Automatic candidate; requires manual review,Thiopeptide-positive C. acnes was isolated from Nicaraguan patient gastric biopsies and inoculated into germ-free INS-GAS mice with H. pylori.,"We previously demonstrated that gastric cancer risk is associated with gastric microbiota. | Specifically, gastric urease-positive Staphylococcus epidermidis and Streptococcus salivarius had contrasting effects on H. pylori-associated gastric pathology and immune responses in germ-free INS-GAS mice.",Not found in abstract / unknown,Not found in abstract / unknown,Thiopeptide-positive C. acnes was isolated from Nicaraguan patient gastric biopsies and inoculated into germ-free INS-GAS mice with H. pylori.,Not found in abstract / unknown,Not found in abstract / unknown,"Specifically, gastric urease-positive Staphylococcus epidermidis and Streptococcus salivarius had contrasting effects on H. pylori-associated gastric pathology and immune responses in germ-free INS-GAS mice. | Thiopeptide-positive C. acnes was isolated from Nicaraguan patient gastric biopsies and inoculated into germ-free INS-GAS mice with H. pylori.",Not found in abstract / unknown,Not found in abstract / unknown,Not found in abstract / unknown
ITB-000176,Bidirectional Mediation Effects between Intratumoral Microbiome and Host DNA Methylation Changes Contribute to Stomach Adenocarcinoma.,Clinical statistics,,,Automatic candidate; requires manual review,"RNA sequencing data, clinical information, and DNA methylation data were obtained from The Cancer Genome Atlas (TCGA) STAD project. | Our study suggested that the bi-directional mediation effect between intratumoral microorganisms and host epigenetics was key to the distal metastasis of cancer cells and survival deterioration in the tumor microenvironment of stomach tissues of patients with STAD.","The microbiome was associated with occurrence, distal metastasis, and prognosis, and differential methylation changes related to distal metastasis and prognosis were analyzed. | Kytococcus sedentarius and Actinomyces oris, which interacted strongly with methylation changes in immune genes, were associated with prognosis.",Not found in abstract / unknown,Not found in abstract / unknown,Not found in abstract / unknown,Not found in abstract / unknown,Not found in abstract / unknown,Some key bioinformatics analysis results were verified by in vitro experiments.,Not found in abstract / unknown,Not found in abstract / unknown,Not found in abstract / unknown
ITB-000177,Mucin-microbiome signatures shape the tumor microenvironment in gastric cancer.,Unresolved,,,Automatic candidate; requires manual review,Not found in abstract / unknown,"METHODS: We performed high-throughput profiling of the mucin phenotypes present in 108 gastric adenocarcinomas and 20 functional dyspepsia cases using validated mucin-based RT-qPCRs with subsequent immunohistochemistry validation and correlated the data with clinical outcome parameters. | The gastric microbiota was assessed by 16S rRNA gene sequencing, taxonomy, and community composition determined, microbial networks analyzed, and the metagenome inferred in association with mucin phenotypes and expression. | RESULTS: Gastric adenocarcinomas with an intestinal mucin environment or high-level MUC13 expression are associated with poor survival. | On the contrary, gastric MUC5AC or MUC6 abundance was associated with a more favorable outcome. | The oral taxa Neisseria, Prevotella, and Veillonella had centralities in tumors with intestinal and mixed phenotypes and were associated with MUC13 overexpression, highlighting their role as potential drivers in MUC13 signaling in GC. | Specifically, the enriched oral taxa associated with aberrant MUC13 expression can be potential biomarkers in predicting disease outcomes.",Not found in abstract / unknown,Not found in abstract / unknown,Not found in abstract / unknown,Not found in abstract / unknown,Not found in abstract / unknown,Not found in abstract / unknown,Not found in abstract / unknown,Not found in abstract / unknown,Not found in abstract / unknown
ITB-000178,Alterations in bacterial community dynamics from noncancerous to Gastric cancer.,Clinical statistics,,,Automatic candidate; requires manual review,Our results showed that the alpha diversity of patients with GC was significantly lower than other groups.,"Taken together, we suggest that changes in the gastric microbiome are associated with GC and perform a key function in maintaining the tumor microenvironment.",Not found in abstract / unknown,Not found in abstract / unknown,Not found in abstract / unknown,Not found in abstract / unknown,Not found in abstract / unknown,Not found in abstract / unknown,Not found in abstract / unknown,Not found in abstract / unknown,Not found in abstract / unknown
ITB-000179,Prognostic effects of the gastric mucosal microbiota in gastric cancer.,Clinical statistics,,,Automatic candidate; requires manual review,"We retrospectively enrolled a cohort of 132 patients with GC with complete prognostic information and selected 78 normal tissues, 49 peritumoral tissues, and 112 tumoral tissues for microbiota analysis. | Patients with different prognoses showed different gastric microbiota compositions and diversity. | The association network of the abundant gastric microbiota was more complicated in patients with poor prognoses. | In the peritumoral microhabitat of patients with good prognoses, Helicobacter was significantly increased, whereas Halomonas and Shewanella were significantly decreased relative to that in the peritumoral microhabitat of patients with poor prognoses. | This study evaluated the long-term prognostic value of the gastric mucosal microbiota in patients with GC. | These findings suggested that the characteristic alterations of the gastric mucosal microbiota may be markers for clinical outcomes in these patients.",The association network of the abundant gastric microbiota was more complicated in patients with poor prognoses.,Not found in abstract / unknown,Not found in abstract / unknown,Not found in abstract / unknown,Not found in abstract / unknown,Not found in abstract / unknown,Not found in abstract / unknown,Not found in abstract / unknown,Not found in abstract / unknown,Not found in abstract / unknown
ITB-000180,Microbiota and metabolites alterations in proximal and distal gastric cancer patients.,Unresolved,,,Automatic candidate; requires manual review,Not found in abstract / unknown,"CONCLUSION: Methylobacterium-Methylorubrum was significantly increased in Distal T, positively correlated with cancer-promoting metabolites, and negatively correlated with cancer-inhibiting metabolites. | Rikenellaceae_RC_gut_group was significantly increased in Proximal T and positively correlated with cancer-promoting metabolites. | IMPORTANCE: First, the differences in microbial composition and metabolites between the proximal and distal gastric cancers were described; then, the correlation between microbiota and metabolites was preliminarily discussed.",Not found in abstract / unknown,Not found in abstract / unknown,Not found in abstract / unknown,Not found in abstract / unknown,Not found in abstract / unknown,Not found in abstract / unknown,Not found in abstract / unknown,Not found in abstract / unknown,Not found in abstract / unknown
ITB-000181,Gastric Microbiome Alterations Are Associated with Decreased CD8+ Tissue-Resident Memory T Cells in the Tumor Microenvironment of Gastric Cancer.,Clinical statistics,,,Automatic candidate; requires manual review,The aim of this study was to investigate in patients with gastric cancer whether there are alterations in gastric microbiota and any potential association these may have with immune dysregulation. 16S rRNA gene sequencing was used to analyze tumor microbiota of 53 patients with gastric cancer and gastric mucosal tissue microbiota of 30 patients with chronic gastritis. | Intratumoral Methylobacterium was significantly associated with poor prognoses in patients with gastric cancer.,"The host microbiota is closely associated with tumor initiation and progression in multiple solid tumors including gastric cancer. | The aim of this study was to investigate in patients with gastric cancer whether there are alterations in gastric microbiota and any potential association these may have with immune dysregulation. 16S rRNA gene sequencing was used to analyze tumor microbiota of 53 patients with gastric cancer and gastric mucosal tissue microbiota of 30 patients with chronic gastritis. | Intratumoral Methylobacterium was significantly associated with poor prognoses in patients with gastric cancer. | It also was inversely correlated with the frequency of CD8+ tissue-resident memory T (TRM) cells in the TME. | The results suggest that tumor microbiota and exhausted CD8+ TRM cells in the TME of gastric cancer are significantly correlated, and that Methylobacterium may play a role in gastric carcinogenesis.",Not found in abstract / unknown,Not found in abstract / unknown,Not found in abstract / unknown,Not found in abstract / unknown,Not found in abstract / unknown,"The effect of microbiota on the tumor microenvironment (TME) was studied by single-cell sequencing, immunohistochemistry, multiplex immunofluorescence staining, and flow cytometry, as well as in a mouse model of primary gastric cancer. | Finally, we verified that Methylobacterium can decrease TGFβ expression and CD8+ TRM cells in the tumor by establishing a mouse model of primary gastric cancer.",Not found in abstract / unknown,Not found in abstract / unknown,Not found in abstract / unknown
ITB-000182,A Novel Microbiome Signature in Gastric Cancer: A Two Independent Cohort Retrospective Analysis.,Clinical statistics,,,Automatic candidate; requires manual review,"Microbial profiles for alpha diversity and enrichment were generated for 2 large, demographically distinct cohorts: (1) internal Memorial Sloan Kettering Cancer Center (MSKCC) and (2) The Cancer Genome Atlas (TCGA) cohorts. | RESULTS: Compared with nonmalignant samples, GC had significantly decreased microbial diversity in both MSKCC and TCGA cohorts ( P <0.05). | CONCLUSION: Distinct patterns of microbial diversity and species enrichment were identified in patients with GC.",Not found in abstract / unknown,Not found in abstract / unknown,Not found in abstract / unknown,Not found in abstract / unknown,Not found in abstract / unknown,Not found in abstract / unknown,Not found in abstract / unknown,Not found in abstract / unknown,Not found in abstract / unknown,Not found in abstract / unknown
ITB-000183,Analysis of gastric microbiome reveals three distinctive microbial communities associated with the occurrence of gastric cancer.,Unresolved,,,Automatic candidate; requires manual review,Not found in abstract / unknown,"BACKGROUND: Gastric microbial dysbiosis were reported to be associated with gastric cancer (GC). | The distribution of GC-associated bacteria, such as Fusobacterium, Peptostreptococcus, Streptococcus, and Veillonella were enriched in tumor tissues, and mainly distributed in GT-F type microbial communities.",Not found in abstract / unknown,Not found in abstract / unknown,Not found in abstract / unknown,Not found in abstract / unknown,Not found in abstract / unknown,Not found in abstract / unknown,Not found in abstract / unknown,Not found in abstract / unknown,Not found in abstract / unknown
ITB-000184,"Influences of Helicobacter pylori infection on diversity, heterogeneity, and composition of human gastric microbiomes across stages of gastric cancer development.",Unresolved,,,Automatic candidate; requires manual review,Not found in abstract / unknown,Not found in abstract / unknown,Not found in abstract / unknown,Not found in abstract / unknown,Not found in abstract / unknown,Not found in abstract / unknown,Not found in abstract / unknown,Not found in abstract / unknown,Not found in abstract / unknown,Not found in abstract / unknown,Not found in abstract / unknown
ITB-000185,Dysbiotic change in gastric microbiome and its functional implication in gastric carcinogenesis.,Clinical statistics,,,Automatic candidate; requires manual review,"The gastric microbiome was analyzed using gastric juice samples from 88 prospectively enrolled patients, who were classified into gastritis, gastric adenoma, or early/advanced gastric cancer group.",Not found in abstract / unknown,Not found in abstract / unknown,Not found in abstract / unknown,Not found in abstract / unknown,Not found in abstract / unknown,Not found in abstract / unknown,Not found in abstract / unknown,Not found in abstract / unknown,Not found in abstract / unknown,Not found in abstract / unknown
ITB-000186,Gastric Non-Helicobacter pylori Urease-Positive Staphylococcus epidermidis and Streptococcus salivarius Isolated from Humans Have Contrasting Effects on H. pylori-Associated Gastric Pathology and Host Immune Responses in a Murine Model of Gastric Cancer.,Mechanistic studies,Clinical statistics,,Automatic candidate; requires manual review,"In this study, a population of 37 patients from the low-gastric-cancer-risk (LGCR) region of Tumaco, Colombia, and the high-gastric-cancer-risk (HGCR) region of Túquerres, Colombia, were recruited for gastric endoscopy. | In this study, we isolated 59 bacterial species from 37 stomach biopsy samples of Colombian patients from both low-gastric-cancer-risk and high-gastric-cancer-risk regions.",Not found in abstract / unknown,Not found in abstract / unknown,Not found in abstract / unknown,"Coinfections with S. salivarius and/or S. epidermidis did not affect gastric H. pylori colonization. | S. epidermidis coinfection with H. pylori did not significantly change stomach pathology, but levels of the proinflammatory cytokine genes Il-1β, Il-17A , and Il-22 were significantly lower than in H. pylori-monoinfected mice. | Urease-positive S. epidermidis and S. salivarius commonly cultured from the stomachs, along with H. pylori, were inoculated into germfree INS-GAS mice. | S. salivarius coinfection with H. pylori induced significantly higher gastric pathology than in H. pylori-monoinfected mice, whereas S. epidermidis coinfection caused significantly lower H. pylori-induced proinflammatory cytokine responses than in H. pylori-monoinfected mice.",Not found in abstract / unknown,Not found in abstract / unknown,"We asked whether coinfection of H. pylori with urease-positive S. salivarius and/or S. epidermidis had a demonstrable effect on H. pylori-induced gastritis in the germfree (GF) INS-GAS mouse model. | At 5 months postinfection, GF INS-GAS mice coinfected with H. pylori and S. salivarius had statistically higher pathological scores in the stomachs than mice infected with H. pylori only or H. pylori with S. epidermidis (P < 0.05). | S. epidermidis coinfection with H. pylori did not significantly change stomach pathology, but levels of the proinflammatory cytokine genes Il-1β, Il-17A , and Il-22 were significantly lower than in H. pylori-monoinfected mice. | Urease-positive S. epidermidis and S. salivarius commonly cultured from the stomachs, along with H. pylori, were inoculated into germfree INS-GAS mice. | S. salivarius coinfection with H. pylori induced significantly higher gastric pathology than in H. pylori-monoinfected mice, whereas S. epidermidis coinfection caused significantly lower H. pylori-induced proinflammatory cytokine responses than in H. pylori-monoinfected mice.",Not found in abstract / unknown,Not found in abstract / unknown,Not found in abstract / unknown
ITB-000187,Microbiome changes in the gastric mucosa and gastric juice in different histological stages of Helicobacter pylori-negative gastric cancers.,Clinical statistics,,,Automatic candidate; requires manual review,"BACKGROUND: The gastric microbiota in patients with gastric cancer (GC) has received increasing attention, but the profiling of the gastric microbiome through the histological stages of gastric tumorigenesis remains poorly understood, especially for patients with Helicobacter pylori-negative GC (HPNGC). | The diversity of the gastric mucosa microbiota was found to be significantly lower in the IM and Dys groups than in the SG group, and the patients with GC had the lowest bacterial community richness (P < 0.05). | Patients with IM and those with Dys had similar gastric mucosa microbiota profiles with Ralstonia and Rhodococcus as the predominant genera. | Additionally, across precancerous lesion stages from AG to Dys in Helicobacter pylori-negative patients, Burkholderiaceae abundance continuously increased, while Streptococcaceae and Prevotellaceae abundance presented a continuous downward trend.","Microbial network analysis showed that there was increasing correlation strength between IM and Dys (|correlation threshold|≥ 0.5, P < 0.05). | GC and its precancerous lesions have distinguishable bacterial taxa; our results identified HPNGC-associated bacteria Streptococcaceae and Lactobacillaceae (P < 0.05).",Not found in abstract / unknown,Not found in abstract / unknown,Not found in abstract / unknown,Not found in abstract / unknown,Not found in abstract / unknown,Not found in abstract / unknown,Not found in abstract / unknown,Not found in abstract / unknown,Not found in abstract / unknown
ITB-000188,Interactions between gastric microbiota and metabolites in gastric cancer.,Unresolved,,,Automatic candidate; requires manual review,Not found in abstract / unknown,"Correlation analysis revealed that Helicobacter and Lactobacillus were negatively and positively correlated with the majority of differential metabolites in the classes of amino acids, carbohydrates, nucleosides, nucleotides, and glycerophospholipids, respectively, suggesting that Helicobacter and Lactobacillus might play a role in degradation and synthesis of the majority of differential metabolites in these classes, respectively. | Acinetobacter, Comamonas, Faecalibacterium, Sphingomonas, and Streptococcus were also significantly correlated with many differential amino acids, carbohydrates, nucleosides, nucleotides, and glycerophospholipids.",Not found in abstract / unknown,Not found in abstract / unknown,Not found in abstract / unknown,Not found in abstract / unknown,Not found in abstract / unknown,Not found in abstract / unknown,Not found in abstract / unknown,Not found in abstract / unknown,Not found in abstract / unknown
ITB-000189,Human gastric microbiota transplantation recapitulates premalignant lesions in germ-free mice.,Mechanistic studies,Clinical statistics,,Automatic candidate; requires manual review,"We aimed to evaluate the histopathological features of GF mouse stomachs transplanted with gastric microbiota from patients with different gastric disease states and their relationships with the microbiota. | DESIGN: Microbiota profiles in corpus and antrum tissues and gastric fluid from 12 patients with gastric dysplasia or GC were analysed. | Thereafter, biopsied corpus and antrum tissues and gastric fluid from patients (n=15 and n=12, respectively) with chronic superficial gastritis, intestinal metaplasia or GC were inoculated into 42 GF C57BL/6 mice. | RESULTS: The microbial community structures of patients with dysplasia or GC in the corpus and antrum were similar. | The gastric microbiota from patients with intestinal metaplasia or GC selectively colonised the mouse stomachs and induced premalignant lesions: loss of parietal cells and increases in inflammation foci, in F4/80 and Ki-67 expression, and in CD44v9/GSII lectin expression. | CONCLUSION: Major histopathological features of premalignant changes are reproducible in GF mice transplanted with gastric microbiota from patients with intestinal metaplasia or GC.",Our results suggest that GF mice are useful for analysing the causality of associations reported in human gastric microbiome studies.,Not found in abstract / unknown,Not found in abstract / unknown,"Thereafter, biopsied corpus and antrum tissues and gastric fluid from patients (n=15 and n=12, respectively) with chronic superficial gastritis, intestinal metaplasia or GC were inoculated into 42 GF C57BL/6 mice. | Histopathological features of mouse stomachs were analysed immunohistochemically at 1 month after inoculation. | The gastric microbiota from patients with intestinal metaplasia or GC selectively colonised the mouse stomachs and induced premalignant lesions: loss of parietal cells and increases in inflammation foci, in F4/80 and Ki-67 expression, and in CD44v9/GSII lectin expression. | Marked dysplastic changes were noted at 1 year post inoculation.",Not found in abstract / unknown,Not found in abstract / unknown,"Although microbes besides Helicobacter pylori may also contribute to gastric carcinogenesis, wild-type germ-free (GF) mouse models investigating the role of human gastric microbiota in the process are not yet available. | We aimed to evaluate the histopathological features of GF mouse stomachs transplanted with gastric microbiota from patients with different gastric disease states and their relationships with the microbiota. | Thereafter, biopsied corpus and antrum tissues and gastric fluid from patients (n=15 and n=12, respectively) with chronic superficial gastritis, intestinal metaplasia or GC were inoculated into 42 GF C57BL/6 mice. | Histopathological features of mouse stomachs were analysed immunohistochemically at 1 month after inoculation. | An independent set of an additional 15 GF mice was also analysed at 1 year. | The gastric microbiota from patients with intestinal metaplasia or GC selectively colonised the mouse stomachs and induced premalignant lesions: loss of parietal cells and increases in inflammation foci, in F4/80 and Ki-67 expression, and in CD44v9/GSII lectin expression. | CONCLUSION: Major histopathological features of premalignant changes are reproducible in GF mice transplanted with gastric microbiota from patients with intestinal metaplasia or GC. | Our results suggest that GF mice are useful for analysing the causality of associations reported in human gastric microbiome studies.",Not found in abstract / unknown,Not found in abstract / unknown,Not found in abstract / unknown
ITB-000190,Alterations in mucosa-associated microbiota in the stomach of patients with gastric cancer.,Clinical statistics,,,Automatic candidate; requires manual review,"PURPOSE: The purpose of this study was to characterize alterations in mucosa-associated microbiota in different anatomical locations of the stomach during gastric cancer progression and to identify associations between Helicobacter pylori infection and gastric microbial changes in patients with gastric cancer. | METHODS: Twenty-five H. pylori negative subjects with chronic gastritis and thirty-four subjects with gastric cancer were recruited, including H. pylori negative and positive patients with tumors in the antrum and the corpus. | Compared to patients with chronic gastritis, the gastric microbiota compositions were significantly different at the order level in the antrum and the corpus of patients with gastric cancer, which was dependent on the H. pylori infection status. | The microbial community structure in patients with gastric cancer was distinct from that in patients with chronic gastritis.",PURPOSE: The purpose of this study was to characterize alterations in mucosa-associated microbiota in different anatomical locations of the stomach during gastric cancer progression and to identify associations between Helicobacter pylori infection and gastric microbial changes in patients with gastric cancer. | Gastric mucosa-associated microbiota were determined by 16S ribosomal RNA gene sequencing using a 454 sequencing platform.,Not found in abstract / unknown,Not found in abstract / unknown,Not found in abstract / unknown,Not found in abstract / unknown,Not found in abstract / unknown,Not found in abstract / unknown,Not found in abstract / unknown,Not found in abstract / unknown,Not found in abstract / unknown
ITB-000191,Alterations of Gastric Microbiota in Gastric Cancer and Precancerous Stages.,Clinical statistics,,,Automatic candidate; requires manual review,"METHODS: The gastric microbiota was investigated by 16S rRNA gene analysis in gastric mucosal specimens from 47 patients including superficial gastritis (SG), atrophic gastritis (AG), gastric intraepithelial neoplasia (GIN), and gastric cancer (GC). | The most representative taxa which were enriched in GC patients were oral bacteria including Parvimonas, Eikenella and Prevotella-2, and environmental bacteria including Kroppenstedtia, Lentibacillus, and Oceanobacillus. | The gastric microbiota in GIN patients were characterized by enrichment of intestinal commensals including Romboutsia, Fusicatenibacter, Prevotellaceae-Ga6A1-group, and Intestinimonas. | Gastric cardia cancer and non-cardia cancer patients had significantly different microbiota profiles characterized by a higher abundance of Helicobacter in the cardia cancer patients.",Not found in abstract / unknown,Not found in abstract / unknown,Not found in abstract / unknown,Not found in abstract / unknown,Not found in abstract / unknown,Not found in abstract / unknown,Not found in abstract / unknown,Not found in abstract / unknown,Not found in abstract / unknown,Not found in abstract / unknown
ITB-000192,Microbiome Signatures in a Fast- and Slow-Progressing Gastric Cancer Murine Model and Their Contribution to Gastric Carcinogenesis.,Mechanistic studies,,,Automatic candidate; requires manual review,Not found in abstract / unknown,"We compared changes in alpha diversity, beta diversity, relative abundance, and log-fold differential of relative abundance ratios in uninfected and Helicobacter infected mice and studied their correlations with disease progression to gastric cancer in situ. | This was further reinforced upon comparison of Lactobacillales log-fold differentials with histological data, indicating that Lactobacillales are closely associated with Helicobacter infection and gastric cancer progression.",Not found in abstract / unknown,Not found in abstract / unknown,"We compared changes in alpha diversity, beta diversity, relative abundance, and log-fold differential of relative abundance ratios in uninfected and Helicobacter infected mice and studied their correlations with disease progression to gastric cancer in situ. | Campylobacterales were observed in all infected mice, with marked reduction in abundance at 3 and 6 months in Myd88-/- mice.","Thus, in order to assess the role of the microbiota in this fast-progressing gastric cancer model we investigated changes of the gastric microbiome in mice with different genotypic backgrounds: wild type (WT), MyD88-deficient (Myd88-/- ), mice deficient in the Toll/interleukin-1 receptor (TIR) domain-containing adaptor-inducing interferon-β (TRIF, Trif Lps2), and MyD88- and TRIF-deficient (Myd88-/- /Trif Lps2, double knockout (DKO)) mice.",Not found in abstract / unknown,"Previously we had established that mice deficient in myeloid differentiation primary response gene 88 (MyD88, Myd88-/- ) rapidly progressed to neoplasia when infected with H. felis. | Thus, in order to assess the role of the microbiota in this fast-progressing gastric cancer model we investigated changes of the gastric microbiome in mice with different genotypic backgrounds: wild type (WT), MyD88-deficient (Myd88-/- ), mice deficient in the Toll/interleukin-1 receptor (TIR) domain-containing adaptor-inducing interferon-β (TRIF, Trif Lps2), and MyD88- and TRIF-deficient (Myd88-/- /Trif Lps2, double knockout (DKO)) mice. | We compared changes in alpha diversity, beta diversity, relative abundance, and log-fold differential of relative abundance ratios in uninfected and Helicobacter infected mice and studied their correlations with disease progression to gastric cancer in situ. | Campylobacterales were observed in all infected mice, with marked reduction in abundance at 3 and 6 months in Myd88-/- mice. | A sharp increase in Lactobacillales in infected Myd88-/- and DKO mice at 3 and 6 months was observed as compared to Trif Lps2 and WT mice, hinting at a possible role of these bacteria in gastric cancer progression.",Not found in abstract / unknown,Not found in abstract / unknown,Not found in abstract / unknown
ITB-000193,Long-term persistence of gastric dysbiosis after eradication of Helicobacter pylori in patients who underwent endoscopic submucosal dissection for early gastric cancer.,Clinical statistics,,,Automatic candidate; requires manual review,"Patients who undergo endoscopic submucosal dissection for early GC have a high risk of developing metachronous GC even after successful eradication of H. pylori. | Thus, we investigated the microbial profiles and associated changes in such patients after the eradication of H. pylori. | METHODS: A total of 19 H. pylori-infected patients with early GC who were or to be treated by endoscopic resection, with paired biopsy samples at pre- and post-eradication therapy, were retrospectively enrolled. | Ten H. pylori-negative patients were enrolled as controls. | RESULTS: H. pylori-positive patients exhibited low richness and evenness of bacteria with the deletion of several genera, including Blautia, Ralstonia, Faecalibacterium, Methylobacterium, and Megamonas. | However, post-eradication patients had less diversity than that in the controls and possessed a lower abundance of the five genera mentioned above. | CONCLUSION: Changes in dysbiosis may persist long after the eradication of H. pylori in patients with a history of GC. | Dysbiosis may be involved in the development of both primary and metachronous GC after the eradication of H. pylori in such patients.","Thus, we investigated the microbial profiles and associated changes in such patients after the eradication of H. pylori.",Not found in abstract / unknown,Not found in abstract / unknown,Not found in abstract / unknown,Not found in abstract / unknown,Not found in abstract / unknown,Not found in abstract / unknown,Not found in abstract / unknown,Not found in abstract / unknown,Not found in abstract / unknown
ITB-000194,Alterations in Gastric Microbial Communities Are Associated with Risk of Gastric Cancer in a Korean Population: A Case-Control Study.,Clinical statistics,,,Automatic candidate; requires manual review,The study participants included 268 GC patients and 288 controls.,This study aimed to observe the associations between the alterations in gastric microbial communities and GC risk. | Dysbiosis of gastric microbial communities is associated with an increased risk of GC specifically in females.,Not found in abstract / unknown,Not found in abstract / unknown,Not found in abstract / unknown,Not found in abstract / unknown,Not found in abstract / unknown,Not found in abstract / unknown,Not found in abstract / unknown,Not found in abstract / unknown,Not found in abstract / unknown
ITB-000196,Gastric Microbiome Diversities in Gastric Cancer Patients from Europe and Asia Mimic the Human Population Structure and Are Partly Driven by Microbiome Quantitative Trait Loci.,Clinical statistics,,,Automatic candidate; requires manual review,"In this work, we used RNASeq data from stomach samples of non-disease (164 individuals from European ancestry) and gastric cancer patients (137 from Europe and Asia) from public databases. | In concordance with the parallel host-bacteria population structure, we found 16 human loci (non-synonymous variants) in the European-descendent cohorts that were significantly associated with specific genera abundance.","In concordance with the parallel host-bacteria population structure, we found 16 human loci (non-synonymous variants) in the European-descendent cohorts that were significantly associated with specific genera abundance.",Not found in abstract / unknown,Not found in abstract / unknown,"These microbiome quantitative trait loci display heterogeneity between population groups, being mainly linked to the immune system or cellular features that may play a role in enabling microbe colonization and inflammation.",Not found in abstract / unknown,Not found in abstract / unknown,Not found in abstract / unknown,Not found in abstract / unknown,Not found in abstract / unknown,Not found in abstract / unknown
ITB-000197,Gastric Mucosa-Associated Microbial Signatures of Early Gastric Cancer.,Clinical statistics,,,Automatic candidate; requires manual review,The correct identification of the signature was further validated in independent cohorts. | The identified microbial signature could serve as biomarkers for clinical assessment of gastric cancer risk in high-risk patients.,"Alterations in the microbiome are associated with the development of gastric cancer. | The results demonstrated significant differences in the microbial profile and composition between EC and AC, suggesting alterations associated with gastric cancer progression. | Linear discriminant analysis (LDA) effect size (LEfSe) analyses identified 32 bacterial genera that were associated with EC. | The minor allele of MUC1 rs4072037 was associated with an increased abundance of Ochrobactrum.",Not found in abstract / unknown,Not found in abstract / unknown,Not found in abstract / unknown,Not found in abstract / unknown,Not found in abstract / unknown,Not found in abstract / unknown,Not found in abstract / unknown,Not found in abstract / unknown,Not found in abstract / unknown
ITB-000198,A Comparison of Tumor-Associated and Non-Tumor-Associated Gastric Microbiota in Gastric Cancer Patients.,Clinical statistics,,,Automatic candidate; requires manual review,"The present study therefore aims to investigate the microbial communities present within the gastric mucosa of patients with superficial gastritis (SG) or GC. | METHODS: Paired tumor and paracancerous samples of the gastric mucosa were collected from 18 patients being surgically treated for GC and from 32 patients with SG being treated via gastroscopy. | RESULTS: GC patients exhibited a distinct gastric microbiota profile from that observed in SG patients. | These changes were evident in both tumor and paracancerous tissues from GC patients. | Based on the differential abundance of these bacteria, we were able to calculate microbial dysbiosis index (MDI) values, which were significantly higher in GC patients than in SG patients. | Importantly, these MDI values were readily able to discriminate between GC and SG patient samples. | Functional analysis suggested that GC patients were more likely to harbor a nitrosating microbial community. | CONCLUSIONS: GC patients exhibited a gastric microbiome profile distinct from that observed in SG patients, with these differences being evident in both tumor and paracancerous tissues. | Differences in the relative abundance of Helicobacter spp. may be the primary driver of gastric dysbiosis in GC patients.","BACKGROUND: How gastric cancer (GC) incidence is associated with changes in the gastric microbiome has not been firmly established. | In addition, MDI values were negatively correlated with gastric Shannon index and were positively correlated with relative Helicobacter spp. abundance.",Not found in abstract / unknown,Not found in abstract / unknown,Not found in abstract / unknown,Not found in abstract / unknown,Not found in abstract / unknown,Not found in abstract / unknown,Not found in abstract / unknown,Not found in abstract / unknown,Not found in abstract / unknown
ITB-000199,Transient and Persistent Gastric Microbiome: Adherence of Bacteria in Gastric Cancer and Dyspeptic Patient Biopsies after Washing.,Unresolved,,,Automatic candidate; requires manual review,Not found in abstract / unknown,Not found in abstract / unknown,Not found in abstract / unknown,Not found in abstract / unknown,"Helicobacter pylori is a common colonizer of the human stomach, and long-term colonization has been related to development of atrophic gastritis, peptic ulcers and gastric cancer. | The increased gastric pH caused by H. pylori colonization, treatment with antibiotics or proton pump inhibitors (PPI) may allow growth of other bacteria.",Not found in abstract / unknown,Not found in abstract / unknown,Not found in abstract / unknown,Not found in abstract / unknown,Not found in abstract / unknown,Not found in abstract / unknown
ITB-000200,Changes of the Gastric Mucosal Microbiome Associated With Histological Stages of Gastric Carcinogenesis.,Clinical statistics,,,Automatic candidate; requires manual review,"The gastric microbiota was investigated in 30 healthy controls (HC), 21 non-atrophic chronic gastritis (CG), 27 gastric intestinal metaplasia (IM), 25 IN, and 29 gastric cancer (GC) patients by 16S rRNA gene profiling.",Not found in abstract / unknown,"We constructed a random forest model, which had a very high accuracy (AUC > 0.95) in predicating the histological types with as low as five gastric bacterial taxa.",Not found in abstract / unknown,Not found in abstract / unknown,Not found in abstract / unknown,Not found in abstract / unknown,Not found in abstract / unknown,Not found in abstract / unknown,Not found in abstract / unknown,Not found in abstract / unknown
ITB-000201,Association between the relative abundance of gastric microbiota and the risk of gastric cancer: a case-control study.,Clinical statistics,,,Automatic candidate; requires manual review,The study participants included 268 GC patients and 288 controls.,We investigated the association between the relative abundance of gastric microbiota and gastric cancer (GC) risk in a Korean population. | Unconditional logistic regression models were used to observe the associations.,Not found in abstract / unknown,Not found in abstract / unknown,Not found in abstract / unknown,Not found in abstract / unknown,Not found in abstract / unknown,Not found in abstract / unknown,Not found in abstract / unknown,Not found in abstract / unknown,Not found in abstract / unknown
ITB-000202,Network construction of gastric microbiome and organization of microbial modules associated with gastric carcinogenesis.,Clinical statistics,,,Automatic candidate; requires manual review,"In this study, we analyzed gastric microbiome using the gastric mucosal samples obtained from the Hanyang University Gastric Microbiome Cohort by 16S rRNA gene sequencing.","Weighted correlation network analysis was performed to construct a microbiome network and to identify microbial modules associated with gastric carcinogenesis. | Among them, two modules-pink and brown-were positively correlated with a higher-risk of gastric cancer development such as intestinal metaplasia with no current H. pylori infection (correlation coefficient [γ]: pink module, 0.31 [P = 0.004], brown module, 0.26 [P = 0.02]). | The blue module, which included H. pylori, was correlated negatively with intestinal metaplasia (γ = -0.49 [P < 0.001]). | In conclusion, intragastric bacterial taxa associated with gastric carcinogenesis can be classified by network analysis.",Not found in abstract / unknown,Not found in abstract / unknown,Not found in abstract / unknown,Not found in abstract / unknown,Not found in abstract / unknown,Not found in abstract / unknown,Not found in abstract / unknown,Not found in abstract / unknown,Not found in abstract / unknown
ITB-000203,Mucosa-Associated Microbiota in Gastric Cancer Tissues Compared With Non-cancer Tissues.,Clinical statistics,,,Automatic candidate; requires manual review,"Furthermore, the microbial co-occurrence networks in cancerous and non-cancerous tissues of GC patients were described for the first time.","Here, mucosa-associated microorganisms from 62 pairs of matched GC tissues and adjacent non-cancerous tissues were characterized by 16S rRNA gene sequencing. | Results demonstrated that mucosa-associated microbiota from cancerous and non-cancerous tissues established micro-ecological systems that differed in composition, structure, interaction networks, and functions. | Enhanced bacterial purine metabolism, carbohydrate metabolism and denitrification functions were predicted in the cancer associated microbial communities, which was consistent with the increased energy metabolism and concentration of nitrogen-containing compounds in the tumor microenvironment. | Changes in the abundance of certain bacterial taxa, especially oral microbiota, may play a role in the maintenance of the local microenvironment, which is associated with the development or progression of GC.",Not found in abstract / unknown,Not found in abstract / unknown,"Colonization by Helicobacter pylori, which is a GC risk factor, also impacted the structure of the microbiota.",Not found in abstract / unknown,Not found in abstract / unknown,Not found in abstract / unknown,Not found in abstract / unknown,Not found in abstract / unknown,Not found in abstract / unknown
ITB-000204,Modification of the Gastric Mucosal Microbiota by a Strain-Specific Helicobacter pylori Oncoprotein and Carcinogenic Histologic Phenotype.,Unresolved,,,Automatic candidate; requires manual review,Not found in abstract / unknown,"Importantly, dysbiosis of the gastric microbiota is also associated with gastric cancer. | Dysbiosis contributes to gastrointestinal cancers, and specific bacterial species are associated with this phenotype.",Not found in abstract / unknown,Not found in abstract / unknown,Not found in abstract / unknown,Not found in abstract / unknown,Not found in abstract / unknown,"To investigate the combinatorial effects of these determinants in an in vivo model of gastric cancer, Mongolian gerbils were infected with the carcinogenic cag+H. pylori strain 7.13 or a 7.13 cagA isogenic mutant, and microbial DNA extracted from gastric tissue was analyzed by 16S rRNA sequencing.",Not found in abstract / unknown,Not found in abstract / unknown,Not found in abstract / unknown
ITB-000205,Regulatory T Cells and Plasmacytoid Dendritic Cells Within the Tumor Microenvironment in Gastric Cancer Are Correlated With Gastric Microbiota Dysbiosis: A Preliminary Study.,Clinical statistics,,,Automatic candidate; requires manual review,"A cohort of 64 GC patients without preoperative chemotherapy was enrolled retrospectively, and 60 normal, 61 peritumoral and 59 tumoral tissues were obtained for gastric mucosal microbiota analysis and immunohistochemistry analysis.","Our present study aimed to explore the correlation between gastric mucosal microbiota in different microhabitats and its corresponding gastric immunosuppressive cells such as regulatory T cells (Tregs) and plasmacytoid dendritic cells (pDCs) in the TME. | From different microhabitats, BDCA2+pDCs and Foxp3+Tregs were observed positively correlated, and increased in tumoral and peritumoral tissues compared to normal ones. | With pearson's correlation analysis, we found that several non-abundant genera such as Stenotrophomonas and Selenomonas were positively correlated with BDCA2+pDCs and Foxp3+Tregs, respectively, while Comamonas and Gaiella were negatively correlated with BDCA2+pDCs and Foxp3+ Tregs, respectively.",Not found in abstract / unknown,Not found in abstract / unknown,Not found in abstract / unknown,Not found in abstract / unknown,Not found in abstract / unknown,Not found in abstract / unknown,Not found in abstract / unknown,Not found in abstract / unknown,Not found in abstract / unknown
ITB-000206,The Gastric Microbiome Is Perturbed in Advanced Gastric Adenocarcinoma Identified Through Shotgun Metagenomics.,Clinical statistics,,,Automatic candidate; requires manual review,"Methods: We carried out shotgun metagenomic sequencing on gastric wash samples from 6 patients with GC and 5 patients with SG. | Differences in microbial composition and pathways between the two patient groups were assessed via LEfSe. | Results: The gastric microbiota in GC patients was characterized by reduced species richness, enrichment of 13 bacterial taxa and depletion of 31 taxa (q < 0.05). | Conclusions: Our results present new alterations in the gastric microbiome in patients with GC from a whole-genome perspective, suggesting that microbiome composition and function can be used for prognosis and diagnosis of GC.","Each of the three GC-associated genera could separate GC from SG completely. | Functionally, pathways associated with the biosynthesis of lipopolysaccharide (LPS) and L-arginine were enriched in GC, whereas pathways involved in the fermentation of short chain fatty acids (SCFAs) and branched amino acid metabolism were more abundant in SG.",Not found in abstract / unknown,Not found in abstract / unknown,Not found in abstract / unknown,Not found in abstract / unknown,Not found in abstract / unknown,Not found in abstract / unknown,Not found in abstract / unknown,Not found in abstract / unknown,Not found in abstract / unknown
ITB-000207,Alterations of gastric mucosal microbiota across different stomach microhabitats in a cohort of 276 patients with gastric cancer.,Clinical statistics,,,Automatic candidate; requires manual review,"METHODS: A cohort of 276 GC patients without preoperative chemotherapy was enrolled retrospectively, and 230 normal, 247 peritumoral and 229 tumoral tissues were obtained for gastric microbiota analysis targeting the 16S rRNA gene by MiSeq sequencing.","We aimed to characterize differences of gastric microbiota in stomach microhabitats associated with gastric cancer (GC) development. | The microbial diversity and composition, bacterial co-occurrence correlations and predictive functional profiles were compared across different microhabitats. | Most notably, bacterial richness was decreased in peritumoral and tumoral microhabitats, and the correlation network of abundant gastric bacteria was simplified in tumoral microhabitat. | PiCRUSt analysis revealed that genes associated with nucleotide transport and metabolism and amino acid transport and metabolism were significantly enriched in tumoral microbiota, while gastric acid secretion was significantly higher in HP positive group of the tumoral microbiota.",Not found in abstract / unknown,Not found in abstract / unknown,Higher HP colonisation influenced the overall structure of the gastric microbiota in normal and peritumoral microhabitats.,Not found in abstract / unknown,Not found in abstract / unknown,Not found in abstract / unknown,Not found in abstract / unknown,Not found in abstract / unknown,Not found in abstract / unknown
ITB-000208,Increased Abundance of Clostridium and Fusobacterium in Gastric Microbiota of Patients with Gastric Cancer in Taiwan.,Clinical statistics,,,Automatic candidate; requires manual review,"However, approximately half of the patients with gastritis are negative for H. pylori infection, and the abundance of H. pylori decreases in patients with cancer. | In the current study, we profiled gastric epithelium-associated bacterial species in patients with gastritis, intestinal metaplasia, and gastric cancer to identify additional potential pathogenic bacteria. | The overall composition of the microbiota was similar between the patients with gastritis and those with intestinal metaplasia. | H. pylori was present in half of the non-cancer group, and the dominant bacterial species in the H. pylori-negative patients were Burkholderia, Enterobacter, and Leclercia. | Instead, Clostridium, Fusobacterium, and Lactobacillus species were frequently abundant in patients with gastric cancer, demonstrating a gastric cancer-specific bacterial signature. | Our findings indicate that the gastric microenvironment is frequently colonised by Clostridium and Fusobacterium in patients with gastric cancer.","In the current study, we profiled gastric epithelium-associated bacterial species in patients with gastritis, intestinal metaplasia, and gastric cancer to identify additional potential pathogenic bacteria.",A receiver operating characteristic curve analysis showed that Clostridium colicanis and Fusobacterium nucleatum exhibited a diagnostic ability for gastric cancer.,Not found in abstract / unknown,Our findings indicate that the gastric microenvironment is frequently colonised by Clostridium and Fusobacterium in patients with gastric cancer.,Not found in abstract / unknown,Not found in abstract / unknown,Not found in abstract / unknown,Not found in abstract / unknown,Not found in abstract / unknown,Not found in abstract / unknown
ITB-000209,Dysbiosis of the microbiome in gastric carcinogenesis.,Unresolved,,,Automatic candidate; requires manual review,Not found in abstract / unknown,Not found in abstract / unknown,Not found in abstract / unknown,Not found in abstract / unknown,Not found in abstract / unknown,Not found in abstract / unknown,Not found in abstract / unknown,Not found in abstract / unknown,Not found in abstract / unknown,Not found in abstract / unknown,Not found in abstract / unknown
ITB-000210,Gastric microbial community profiling reveals a dysbiotic cancer-associated microbiota.,Clinical statistics,,,Automatic candidate; requires manual review,"DESIGN: The gastric microbiota was retrospectively investigated in 54 patients with gastric carcinoma and 81 patients with chronic gastritis by 16S rRNA gene profiling, using next-generation sequencing. | Differences in microbial composition of the two patient groups were assessed using linear discriminant analysis effect size. | The major observations were confirmed in validation cohorts from different geographic origins. | CONCLUSIONS: Detailed analysis of the gastric microbiota revealed for the first time that patients with gastric carcinoma exhibit a dysbiotic microbial community with genotoxic potential, which is distinct from that of patients with chronic gastritis.",Associations between the most relevant taxa and clinical diagnosis were validated by real-time quantitative PCR.,Not found in abstract / unknown,Not found in abstract / unknown,Not found in abstract / unknown,Not found in abstract / unknown,Not found in abstract / unknown,Not found in abstract / unknown,Not found in abstract / unknown,Not found in abstract / unknown,Not found in abstract / unknown
ITB-000211,Molecular Characterization of the Human Stomach Microbiota in Gastric Cancer Patients.,Clinical statistics,,,Automatic candidate; requires manual review,"Here we characterized the taxonomic and derived functional profiles of gastric microbiota in two different sets of gastric cancer patients, and compared them with microbial profiles in other body sites. | Paired non-malignant and tumor tissues were sampled from 160 gastric cancer patients with 80 from China and 80 from Mexico. | Our study showed that Hp is the dominant member of the non-malignant gastric tissue microbiota in many gastric cancer patients. | Our results provide insights on the gastric microbiota composition and function in gastric cancer patients, which may have important clinical implications.","We showed that Hp is the most abundant member of gastric microbiota in both Chinese and Mexican samples (51 and 24%, respectively), followed by oral-associated bacteria.",Not found in abstract / unknown,Not found in abstract / unknown,"Gastric microbiota composition did not differ by Hp colonization status or stomach anatomic sites, but did differ between paired non-malignant and tumor tissues in either Chinese or Mexican samples.",Not found in abstract / unknown,Not found in abstract / unknown,Not found in abstract / unknown,Not found in abstract / unknown,Not found in abstract / unknown,Not found in abstract / unknown
ITB-000212,Analysis of Gastric Body Microbiota by Pyrosequencing: Possible Role of Bacteria Other Than Helicobacter pylori in the Gastric Carcinogenesis.,Unresolved,,,Automatic candidate; requires manual review,Not found in abstract / unknown,Not found in abstract / unknown,Not found in abstract / unknown,Not found in abstract / unknown,Not found in abstract / unknown,Not found in abstract / unknown,Not found in abstract / unknown,Not found in abstract / unknown,Not found in abstract / unknown,Not found in abstract / unknown,Not found in abstract / unknown
ITB-000213,In Vivo Analysis of the Viable Microbiota and Helicobacter pylori Transcriptome in Gastric Infection and Early Stages of Carcinogenesis.,Unresolved,,,Automatic candidate; requires manual review,Not found in abstract / unknown,"Helicobacter pylori, the causative agent of gastric cancer and duodenal and gastric ulcers, was early associated with gastric disease, but it has also been proposed that the accompanying microbiota in Helicobacter pylori-infected individuals might affect disease progression and gastric cancer development. | Furthermore, H. pylori abundance is positively correlated with the presence of Campylobacter, Deinococcus, and Sulfurospirillum Finally, we quantified the expression of a large number of Helicobacter pylori genes and found high expression of genes involved in pH regulation and nickel transport.",Not found in abstract / unknown,Not found in abstract / unknown,Not found in abstract / unknown,Not found in abstract / unknown,Not found in abstract / unknown,"Our study is the first to dissect the viable microbiota of the human stomach by metatranscriptomic analysis, and it shows that metatranscriptomic analysis of the gastric microbiota is feasible and can provide new insights into how bacteria respond in vivo to variations in the stomach microenvironment and at different stages of disease progression.",Not found in abstract / unknown,Not found in abstract / unknown,Not found in abstract / unknown
ITB-000214,Alterations in Gastric Microbiota After H. Pylori Eradication and in Different Histological Stages of Gastric Carcinogenesis.,Unresolved,,,Automatic candidate; requires manual review,Not found in abstract / unknown,"Whilst there was a strong inverse association between HP relative abundance and bacterial diversity, this association was weak in GC samples which tended to have lower bacterial diversity compared with other samples with similar HP levels.",Not found in abstract / unknown,Not found in abstract / unknown,"In conclusion, HP colonization results in alterations of gastric microbiota and reduction in bacterial diversity, which could be restored by antibiotic treatment.",Not found in abstract / unknown,Not found in abstract / unknown,Not found in abstract / unknown,Not found in abstract / unknown,Not found in abstract / unknown,Not found in abstract / unknown
ITB-000215,"Gastric microbiota features associated with cancer risk factors and clinical outcomes: A pilot study in gastric cardia cancer patients from Shanxi, China.",Clinical statistics,,,Automatic candidate; requires manual review,"In order to determine the epidemiologic and clinical relevance of gastric microbiota, we used 16 S ribosomal RNA gene sequencing analysis to characterize the composition and structure of the gastric microbial community of 80 paired samples (non-malignant and matched tumor tissues) from gastric cardia adenocarcinoma (GCA) patients in Shanxi, China. | Compared to patients without family history of upper gastrointestinal (UGI) cancer in the non-malignant gastric tissue microbiota, patients with family history of UGI cancer had higher Helicobacter pylori (Hp) relative abundance (median: 0.83 vs. 0.38, p = 0.01) and lower alpha diversity (median observed species: 51 vs. 85, p = 0.01). | Patients with higher (vs. lower) tumor grade had higher Hp relative abundance (0.73 vs. 0.18, p = 0.03), lower alpha diversity (observed species, 66 vs. 89, p = 0.01), altered beta diversity (weighted UniFrac, p = 0.002) and significant alterations in relative abundance of five KEGG functional modules in non-malignant gastric tissue microbiota. | Patients without metastases had higher relative abundance of Lactobacillales than patients with metastases (0.05 vs. 0.01, p = 0.04) in non-malignant gastric tissue microbiota. | In conclusion, this study showed a link of gastric microbiota to a major gastric cancer risk factor and clinical features in GCA patients from Shanxi, China.",These associations were observed in non-malignant tissues but not in tumor tissues. | Studies with both healthy controls and gastric cardia and noncardia cancer cases across different populations are needed to further examine the association between gastric cancer and the microbiota.,Not found in abstract / unknown,Not found in abstract / unknown,Not found in abstract / unknown,Not found in abstract / unknown,Not found in abstract / unknown,Not found in abstract / unknown,Not found in abstract / unknown,Not found in abstract / unknown,Not found in abstract / unknown
ITB-000216,Analysis of Gastric Microbiota by Pyrosequencing: Minor Role of Bacteria Other Than Helicobacter pylori in the Gastric Carcinogenesis.,Unresolved,,,Automatic candidate; requires manual review,Not found in abstract / unknown,Not found in abstract / unknown,Not found in abstract / unknown,Not found in abstract / unknown,Not found in abstract / unknown,Not found in abstract / unknown,Not found in abstract / unknown,Not found in abstract / unknown,Not found in abstract / unknown,Not found in abstract / unknown,Not found in abstract / unknown
ITB-000217,Bacterial overgrowth and diversification of microbiota in gastric cancer.,Clinical statistics,,,Automatic candidate; requires manual review,"METHODS: A total of 315 patients, including 212 patients with chronic gastritis and 103 patients with gastric cancer, were enrolled in the study. | To analyze the biodiversity, structure, and composition of microbiota, amplicons of the 16S rRNA gene from 12 patients were pyrosequenced. | It was higher in Helicobacter pylori-infected patients (7.80±0.71) compared with those uninfected (7.59±0.57, P=0.005).",Not found in abstract / unknown,Not found in abstract / unknown,Not found in abstract / unknown,Not found in abstract / unknown,Not found in abstract / unknown,Not found in abstract / unknown,Not found in abstract / unknown,Not found in abstract / unknown,Not found in abstract / unknown,Not found in abstract / unknown
ITB-000218,"Differences in gastric mucosal microbiota profiling in patients with chronic gastritis, intestinal metaplasia, and gastric cancer using pyrosequencing methods.",Clinical statistics,,,Automatic candidate; requires manual review,"We aimed to determine the microbial composition of gastric mucosa from the patients with chronic gastritis, intestinal metaplasia, and gastric cancer using 454 GS FLX Titanium. | METHODS: Gastric mucosal biopsy samples were collected from 31 patients during endoscopy. | CONCLUSIONS: In Helicobacter predominant patients, the microbial compositions of gastric mucosa from gastric cancer patients are significantly different to chronic gastritis and intestinal metaplasia patients. | These alterations of gastric microbial composition may play an important, as-yet-undetermined role in gastric carcinogenesis of Helicobacter predominant patients.",Not found in abstract / unknown,Not found in abstract / unknown,Not found in abstract / unknown,Not found in abstract / unknown,Not found in abstract / unknown,Not found in abstract / unknown,Not found in abstract / unknown,Not found in abstract / unknown,Not found in abstract / unknown,Not found in abstract / unknown
ITB-000219,Stomach microbiota composition varies between patients with non-atrophic gastritis and patients with intestinal type of gastric cancer.,Clinical statistics,,,Automatic candidate; requires manual review,"Study included five patients each of non-atrophic gastritis (NAG), intestinal metaplasia (IM) and intestinal-type gastric cancer (GC).",Not found in abstract / unknown,Not found in abstract / unknown,Not found in abstract / unknown,Not found in abstract / unknown,Not found in abstract / unknown,Not found in abstract / unknown,Not found in abstract / unknown,Not found in abstract / unknown,Not found in abstract / unknown,Not found in abstract / unknown
ITB-000220,Molecular characterization of the stomach microbiota in patients with gastric cancer and in controls.,Clinical statistics,,,Automatic candidate; requires manual review,"In this study, the gastric microbiota from ten patients with gastric cancer was characterized and compared with that from five dyspeptic controls using the molecular profiling approach terminal restriction fragment length polymorphism (T-RFLP), in combination with 16S rRNA gene cloning and sequencing. | T-RFLP analysis revealed a complex bacterial community in the cancer patients that was not significantly different from that in the controls.","Persistent infection of the gastric mucosa by Helicobacter pylori can initiate an inflammatory cascade that progresses into atrophic gastritis, a condition associated with reduced capacity for secretion of gastric acid and an increased risk of developing gastric cancer.",Not found in abstract / unknown,Not found in abstract / unknown,Not found in abstract / unknown,Not found in abstract / unknown,Not found in abstract / unknown,Not found in abstract / unknown,Not found in abstract / unknown,Not found in abstract / unknown,Not found in abstract / unknown
ITB-000849,Mucosal IgA antibody against Helicobacter pylori in chronic gastritis and intestinal metaplasia detected by the Tes-Tape method in resection specimens after gastrectomy for gastric cancer.,Clinical statistics,,,Automatic candidate; requires manual review,"Positivity and negativity of serum IgA and IgG antibodies against H. pylori coincided with presence or absence of tissue IgA antibody in nonmetaplastic gastric mucosa in 15 of 19 (79%) and 16 of 19 (84%) patients examined, respectively.",Not found in abstract / unknown,Not found in abstract / unknown,Not found in abstract / unknown,Not found in abstract / unknown,Not found in abstract / unknown,Not found in abstract / unknown,Not found in abstract / unknown,Not found in abstract / unknown,Not found in abstract / unknown,Not found in abstract / unknown
ITB-000225,Chemotherapeutic resistant cholangiocarcinoma displayed distinct intratumoral microbial composition and metabolic profiles.,Clinical statistics,,,Automatic candidate; requires manual review,One of the major issues regarding treatment for CCA patients is the development of chemotherapeutic resistance. | We further performed the intergrative microbiome-metabolome analysis and revealed a correlation between the intratumoral bacterial and metabolic profiles which reflect the chemotherapeutics resistance pattern in CCA patients. | The altered microbiome-metabolome fingerprints could be used as predictive markers for drug responses potentially resulting in the development of an appropriate chemotherapeutic drug treatment plan for individual CCA patients.,"Recently, the association of intratumoral bacteria with chemotherapeutic response has been reported in many cancer types. | METHOD: In the present study, we aimed to investigate the association between the intratumoral microbiome and its function on gemcitabine and cisplatin response in CCA tissues using 16S rRNA sequencing and 1H NMR spectroscopic analysis. | We further performed the intergrative microbiome-metabolome analysis and revealed a correlation between the intratumoral bacterial and metabolic profiles which reflect the chemotherapeutics resistance pattern in CCA patients.",Not found in abstract / unknown,Not found in abstract / unknown,Not found in abstract / unknown,Not found in abstract / unknown,Not found in abstract / unknown,Not found in abstract / unknown,Not found in abstract / unknown,Not found in abstract / unknown,Not found in abstract / unknown
ITB-000226,"Clinical and microbiological features of intratumor abscess with bloodstream infection caused by Plesiomonas shigelloides, Citrobacter freundii, Streptococcus mitis/oralis, Clostridium perfringens, and Candida albicans in a patient with cholangiocarcinoma: A case report.",Clinical statistics,,,Automatic candidate; requires manual review,"Here, we report the first case of an intratumoral abscess with mixed bacteremia caused by P. shigelloides, Citrobacter freundii, Streptococcus mitis/oralis, Clostridium perfringens, and Candida albicans in a patient with recurrent postoperative cholangiocarcinoma. | Piperacillin-tazobactam was administered for almost a week, ampicillin-sulbactam and levofloxacin for almost 3 weeks, and antifungal agents for almost 2 weeks, and the patient was discharged thereafter. | Although bloodstream infections caused by P. shigelloides in patients with cancer are extremely rare, long-term colonization and the potential for future intra-abdominal infections were implicated.",Not found in abstract / unknown,Not found in abstract / unknown,Not found in abstract / unknown,"Although bloodstream infections caused by P. shigelloides in patients with cancer are extremely rare, long-term colonization and the potential for future intra-abdominal infections were implicated.",Not found in abstract / unknown,Not found in abstract / unknown,Not found in abstract / unknown,Not found in abstract / unknown,Not found in abstract / unknown,Not found in abstract / unknown
ITB-000227,"Biliary microbiome profiling via 16 S rRNA amplicon sequencing in patients with cholangiocarcinoma, pancreatic carcinoma and choledocholithiasis.",Clinical statistics,,,Automatic candidate; requires manual review,"Recent studies have revealed that oral, gut, and intratumoral microbial dysbiosis significantly affects tumor progression, therapy resistance, and prognosis in cholangiocarcinoma (CCA) and pancreatic ductal adenocarcinoma (PDAC) patients. | In this study, we analyzed the bile microbiota from 17 CCA, 15 PDAC, and 40 choledocholithiasis (CDL) patients using bacterial 16 S rRNA and fungal ITS sequencing. | Linear discriminant analysis revealed Streptococcus, Sphingomonas, and Bacillus enrichment in CCA patients, Neisseria, Sphingomonas, and Caulobacter in PDAC patients were more prevalent compared with CDL patients. | Caulobacter was more prevalent, wheares Campylobacter was less in PDAC patients than in CCA patients. | Fungal DNA was detected in ~ 50% of the samples, with CCA and PDAC patients. | KEGG pathway analysis revealed altered metabolic pathways, including peptidoglycan, sphingolipid, and fatty acid metabolism and bile acid metabolism, in CCA and PDAC patients.",Not found in abstract / unknown,Not found in abstract / unknown,Not found in abstract / unknown,Not found in abstract / unknown,Not found in abstract / unknown,Not found in abstract / unknown,Not found in abstract / unknown,Not found in abstract / unknown,Not found in abstract / unknown,Not found in abstract / unknown
ITB-000708,Potential role of intratumor bacteria in mediating tumor resistance to the chemotherapeutic drug gemcitabine,Unresolved,,,Automatic candidate; requires manual review,Not found in abstract / unknown,Not found in abstract / unknown,Not found in abstract / unknown,Not found in abstract / unknown,Not found in abstract / unknown,Not found in abstract / unknown,Not found in abstract / unknown,"In a colon cancer mouse model, gemcitabine resistance was induced by intratumor Gammaproteobacteria, dependent on bacterial CDDL expression, and abrogated by cotreatment with the antibiotic ciprofloxacin.",Not found in abstract / unknown,Not found in abstract / unknown,Not found in abstract / unknown
ITB-000710,The Pancreatic Cancer Microbiome Promotes Oncogenesis by Induction of Innate and Adaptive Immune Suppression.,Unresolved,,,Automatic candidate; requires manual review,Not found in abstract / unknown,"Bacterial ablation was associated with immunogenic reprogramming of the PDA tumor microenvironment, including a reduction in myeloid-derived suppressor cells and an increase in M1 macrophage differentiation, promoting TH1 differentiation of CD4+ T cells and CD8+ T-cell activation.",Not found in abstract / unknown,Not found in abstract / unknown,Not found in abstract / unknown,Not found in abstract / unknown,Not found in abstract / unknown,"We found that the cancerous pancreas harbors a markedly more abundant microbiome compared with normal pancreas in both mice and humans, and select bacteria are differentially increased in the tumorous pancreas compared with gut.",Not found in abstract / unknown,Not found in abstract / unknown,Not found in abstract / unknown
ITB-000711,The microbiome of pancreatic cancer: from molecular diagnostics to new therapeutic approaches to overcome chemoresistance caused by metabolic inactivation of gemcitabine.,Unresolved,,,Automatic candidate; requires manual review,Not found in abstract / unknown,Not found in abstract / unknown,Not found in abstract / unknown,Not found in abstract / unknown,Not found in abstract / unknown,Not found in abstract / unknown,Not found in abstract / unknown,"Interestingly, mouse models of colorectal cancer injected with bacterial CDDL displayed a reduced response to gemcitabine, but this resistance was neutralized by the antibiotic ciprofloxacin.",Not found in abstract / unknown,Not found in abstract / unknown,Not found in abstract / unknown
ITB-000712,Tumor Microbiome Diversity and Composition Influence Pancreatic Cancer Outcomes.,Clinical statistics,,,Automatic candidate; requires manual review,"Most patients diagnosed with resected pancreatic adenocarcinoma (PDAC) survive less than 5 years, but a minor subset survives longer. | Using 16S rRNA gene sequencing, we analyzed the tumor microbiome composition in PDAC patients with short-term survival (STS) and long-term survival (LTS). | We found higher alpha-diversity in the tumor microbiome of LTS patients and identified an intra-tumoral microbiome signature (Pseudoxanthomonas-Streptomyces-Saccharopolyspora-Bacillus clausii) highly predictive of long-term survivorship in both discovery and validation cohorts.",Not found in abstract / unknown,Not found in abstract / unknown,Not found in abstract / unknown,Not found in abstract / unknown,Not found in abstract / unknown,Not found in abstract / unknown,"Through human-into-mice fecal microbiota transplantation (FMT) experiments from STS, LTS, or control donors, we were able to differentially modulate the tumor microbiome and affect tumor growth as well as tumor immune infiltration.",Not found in abstract / unknown,Not found in abstract / unknown,Not found in abstract / unknown
ITB-000715,Diversity in the Extracellular Vesicle-Derived Microbiome of Tissues According to Tumor Progression in Pancreatic Cancer.,Unresolved,,,Automatic candidate; requires manual review,Not found in abstract / unknown,Not found in abstract / unknown,Not found in abstract / unknown,Not found in abstract / unknown,Not found in abstract / unknown,Not found in abstract / unknown,Not found in abstract / unknown,Not found in abstract / unknown,Not found in abstract / unknown,Not found in abstract / unknown,Not found in abstract / unknown
ITB-000718,Tumor microbiome contributes to an aggressive phenotype in the basal-like subtype of pancreatic cancer.,Unresolved,,,Automatic candidate; requires manual review,Not found in abstract / unknown,"We found distinctive microbial communities in basal-like tumors and identified an increasing abundance of Acinetobacter, Pseudomonas and Sphingopyxis to be highly associated with carcinogenesis.",Not found in abstract / unknown,Not found in abstract / unknown,Not found in abstract / unknown,Not found in abstract / unknown,Not found in abstract / unknown,Not found in abstract / unknown,Not found in abstract / unknown,Not found in abstract / unknown,Not found in abstract / unknown
ITB-000719,Role of biliary stent and neoadjuvant chemotherapy in the pancreatic tumor microbiome.,Clinical statistics,,,Automatic candidate; requires manual review,"RESULTS: We obtained matched tumor and normal pancreatic tissue specimens from 27 patients who had undergone surgical resection for PDAC between 2011 and 2015 from the University of Minnesota Biological Materials Procurement Network (BioNet). | Bacterial colonization was detected significantly more frequently in samples from patients who had pancreatic head tumors, underwent Whipple procedure, or had preoperative biliary stent placement. | There was also a significantly greater relative abundance of microbiota from the family Enterobacteriaceae among samples from patients who underwent biliary stent placement or neoadjuvant treatment with a combination of Gemcitabine and Paclitaxel.",CONCLUSIONS: These findings suggest that biliary stent placement and neoadjuvant chemotherapy are associated with specific alterations that promote the infiltration and growth of intra-tumor bacteria in the setting of PDAC.,Not found in abstract / unknown,Not found in abstract / unknown,"Here, we studied the role of several clinical factors on the bacterial colonization of PDAC. | Bacterial colonization was detected significantly more frequently in samples from patients who had pancreatic head tumors, underwent Whipple procedure, or had preoperative biliary stent placement.",Not found in abstract / unknown,Not found in abstract / unknown,Not found in abstract / unknown,Not found in abstract / unknown,Not found in abstract / unknown,Not found in abstract / unknown
ITB-000720,Intratumor Microbiome Analysis Identifies Positive Association Between Megasphaera and Survival of Chinese Patients With Pancreatic Ductal Adenocarcinomas.,Clinical statistics,,,Automatic candidate; requires manual review,"It has been shown that the composition and diversity of intratumor microbiome are significantly associated with the survival of patients with pancreatic ductal adenocarcinoma (PDAC). | However, the association in Chinese patients as well as the effect of different microorganisms on inhibiting tumor growth are unclear.","It has been shown that the composition and diversity of intratumor microbiome are significantly associated with the survival of patients with pancreatic ductal adenocarcinoma (PDAC). | However, the association in Chinese patients as well as the effect of different microorganisms on inhibiting tumor growth are unclear. | We found that the microbiome in samples with different survival time were significantly different, and the differential bacterial composition was associated with the metabolic pathways in the tumor microenvironment.",Not found in abstract / unknown,Not found in abstract / unknown,Not found in abstract / unknown,Not found in abstract / unknown,Not found in abstract / unknown,"Furthermore, administration of Megasphaera, one of the differential bacteria, induced a better tumor growth inhibition effect when combined with the immune checkpoint inhibitor anti-programmed cell death-1 (anti-PD-1) treatment in mice bearing 4T1 tumor.",Not found in abstract / unknown,Not found in abstract / unknown,Not found in abstract / unknown
ITB-000721,Analysis of the Pancreatic Cancer Microbiome Using Endoscopic Ultrasound-Guided Fine-Needle Aspiration-Derived Samples.,Clinical statistics,,,Automatic candidate; requires manual review,METHODS: Thirty PC and matched duodenal and stomach tissues (N = 90) were prospectively collected from 30 patients who underwent endoscopic ultrasound-guided fine-needle aspiration.,Not found in abstract / unknown,Not found in abstract / unknown,Not found in abstract / unknown,Not found in abstract / unknown,Not found in abstract / unknown,Not found in abstract / unknown,Not found in abstract / unknown,Not found in abstract / unknown,Not found in abstract / unknown,Not found in abstract / unknown
ITB-000722,Oncogenic collagen I homotrimers from cancer cells bind to α3β1 integrin and impact tumor microbiome and immunity to promote pancreatic cancer.,Unresolved,,,Automatic candidate; requires manual review,Not found in abstract / unknown,"Col1 homotrimer results from epigenetic suppression of the Col1a2 gene and promotes oncogenic signaling, cancer cell proliferation, tumor organoid formation, and growth via α3β1 integrin on cancer cells, associated with tumor microbiome enriched in anaerobic Bacteroidales in hypoxic and immunosuppressive tumors. | Deletion of Col1 homotrimers increases overall survival of mice with pancreatic ductal adenocarcinoma (PDAC), associated with reprograming of the tumor microbiome with increased microaerophilic Campylobacterales, which can be reversed with broad-spectrum antibiotics.",Not found in abstract / unknown,Not found in abstract / unknown,Not found in abstract / unknown,Not found in abstract / unknown,Not found in abstract / unknown,"Col1 homotrimer results from epigenetic suppression of the Col1a2 gene and promotes oncogenic signaling, cancer cell proliferation, tumor organoid formation, and growth via α3β1 integrin on cancer cells, associated with tumor microbiome enriched in anaerobic Bacteroidales in hypoxic and immunosuppressive tumors. | Deletion of Col1 homotrimers increases overall survival of mice with pancreatic ductal adenocarcinoma (PDAC), associated with reprograming of the tumor microbiome with increased microaerophilic Campylobacterales, which can be reversed with broad-spectrum antibiotics.",Not found in abstract / unknown,Not found in abstract / unknown,Not found in abstract / unknown
ITB-000723,Tryptophan-derived microbial metabolites activate the aryl hydrocarbon receptor in tumor-associated macrophages to suppress anti-tumor immunity.,Clinical statistics,,,Automatic candidate; requires manual review,"In patients with PDAC, high AHR expression associated with rapid disease progression and mortality, as well as with an immune-suppressive TAM phenotype, suggesting conservation of this regulatory axis in human disease.","Here, we examined the impact of AhR in tumor-associated macrophage (TAM) function in pancreatic ductal adenocarcinoma (PDAC). | In patients with PDAC, high AHR expression associated with rapid disease progression and mortality, as well as with an immune-suppressive TAM phenotype, suggesting conservation of this regulatory axis in human disease.",Not found in abstract / unknown,Not found in abstract / unknown,Not found in abstract / unknown,Not found in abstract / unknown,Not found in abstract / unknown,Not found in abstract / unknown,Not found in abstract / unknown,Not found in abstract / unknown,Not found in abstract / unknown
ITB-000724,Intratumor Microbiome in Neuroendocrine Neoplasms: A New Partner of Tumor Microenvironment? A Pilot Study.,Clinical statistics,,,Automatic candidate; requires manual review,"In eight patients, a high infiltration of microorganisms was observed.",Alteration in human microbiota was reported in association with carcinogenesis in different solid tumors.,Not found in abstract / unknown,Not found in abstract / unknown,Not found in abstract / unknown,Not found in abstract / unknown,Not found in abstract / unknown,Not found in abstract / unknown,Not found in abstract / unknown,Not found in abstract / unknown,Not found in abstract / unknown
ITB-000725,Intestinal microbiota modulates pancreatic carcinogenesis through intratumoral natural killer cells.,Mechanistic studies,,,Automatic candidate; requires manual review,Not found in abstract / unknown,Not found in abstract / unknown,Not found in abstract / unknown,Not found in abstract / unknown,Not found in abstract / unknown,Not found in abstract / unknown,SPF and ex-GF mice (reconstituted with SPF microbiota) developed larger PDAC tumors with decreased NK cell tumor infiltration and IFNγ expression versus GF-Rag1-/-.,"Human PDAC L3.6pl cells were heterotopically implanted into Rag1-/- mice after microbiota depletion with antibiotics, while syngeneic murine PDAC Pan02 cells were implanted intrapancreatic into germ-free (GF) C57BL/6 J mice. | NK cells were depleted in vivo using anti-Asialo GM1 antibody to confirm the role of NK cells. | Bacteria-free supernatant from SPF and GF mice feces was used to test its effect on NK-92MI cell anti-tumor response in vitro. | SPF and ex-GF mice (reconstituted with SPF microbiota) developed larger PDAC tumors with decreased NK cell tumor infiltration and IFNγ expression versus GF-Rag1-/-. | Microbiota-induced PDAC tumorigenesis was attenuated by antibiotic exposure, a process reversed following NK cell depletion in both Rag1-/- and C57BL/6 J mice.",Not found in abstract / unknown,Not found in abstract / unknown,Not found in abstract / unknown
ITB-000726,Periodontitis pathogen Porphyromonas gingivalis promotes pancreatic tumorigenesis via neutrophil elastase from tumor-associated neutrophils.,Clinical statistics,,,Automatic candidate; requires manual review,"Here, we illustrated the landscape of intratumor microbiome and its bacterial correlation with oral cavity in PC patients, where P. gingivalis presented both in the oral cavity and tumor tissues.","Here, we illustrated the landscape of intratumor microbiome and its bacterial correlation with oral cavity in PC patients, where P. gingivalis presented both in the oral cavity and tumor tissues.",Not found in abstract / unknown,Not found in abstract / unknown,Not found in abstract / unknown,Not found in abstract / unknown,Not found in abstract / unknown,"When exposed to P. gingivalis, tumor development was accelerated in orthotopic and subcutaneous PC mouse model, and the cancerous pancreas exhibited a neutrophils-dominated proinflammatory tumor microenvironment.",Not found in abstract / unknown,Not found in abstract / unknown,Not found in abstract / unknown
ITB-000727,Endoscopic ultrasound-guided fine-needle biopsy as a tool for studying the intra-tumoral microbiome in pancreatic ductal adenocarcinoma: a pilot study.,Clinical statistics,,,Automatic candidate; requires manual review,"From August 2020 to November 2020, nine eligible patients with PDAC were enrolled in this study. | It implicated, except for surgical biopsy, EUS-FNB can be another valid and valuable tool for studying intra-tumoral microbiome in patients with resectable and unresectable PDAC.",Not found in abstract / unknown,Not found in abstract / unknown,Not found in abstract / unknown,Not found in abstract / unknown,Not found in abstract / unknown,Not found in abstract / unknown,Not found in abstract / unknown,Not found in abstract / unknown,Not found in abstract / unknown,Not found in abstract / unknown
ITB-000728,Unveiling microbiome profiles in human inner body fluids and tumor tissues with pancreatic or biliary tract cancer.,Clinical statistics,,,Automatic candidate; requires manual review,"Here, we report a series of microbiome data in tumor-associated tissues such as tumor, non-tumor, and lymph nodes, and body fluids such as saliva, gastric juice, pancreatic juice, bile, and feces of patients with pancreatic or biliary tract cancers. | Surprisingly, Akkermansia was only detected in the bile of patients with biliary tract cancer and its presence was significantly associated with the performance of external biliary drainage (P = 0.041).","Here, we report a series of microbiome data in tumor-associated tissues such as tumor, non-tumor, and lymph nodes, and body fluids such as saliva, gastric juice, pancreatic juice, bile, and feces of patients with pancreatic or biliary tract cancers. | The results show that the microbiome of tumor-associated tissues has a very similar bacterial composition, but that in body fluids has different bacterial composition which varies by location, where some bacteria localize to specific body fluids. | Surprisingly, Akkermansia was only detected in the bile of patients with biliary tract cancer and its presence was significantly associated with the performance of external biliary drainage (P = 0.041). | Furthermore, we found that tumor-associated tissues and body fluids in deep inner body are mostly inhabited by unidentified and uncharacterized bacteria, suggesting that such bacteria may be potential targets for precision therapy in the future.",Not found in abstract / unknown,Not found in abstract / unknown,Not found in abstract / unknown,Not found in abstract / unknown,Not found in abstract / unknown,Not found in abstract / unknown,Not found in abstract / unknown,Not found in abstract / unknown,Not found in abstract / unknown
ITB-000729,Tumor microbiome links cellular programs and immunity in pancreatic cancer.,Technical methods,Clinical statistics,,Automatic candidate; requires manual review,Here we use SAHMI to interrogate tumor-microbiome interactions in two human pancreatic cancer cohorts.,"We identify somatic-cell-associated bacteria in a subset of tumors and their near absence in nonmalignant tissues. | These bacteria predominantly pair with tumor cells, and their presence is associated with cell-type-specific gene expression and pathway activities, including cell motility and immune signaling. | Finally, using multiple independent datasets, a signature of cell-associated bacteria predicts clinical prognosis.",Not found in abstract / unknown,Not found in abstract / unknown,Not found in abstract / unknown,Not found in abstract / unknown,Not found in abstract / unknown,Not found in abstract / unknown,"We recently developed single-cell analysis of host-microbiome interactions (SAHMI), a computational pipeline to recover and denoise microbial signals from single-cell sequencing of host tissues.",Not found in abstract / unknown,Not found in abstract / unknown
ITB-000730,"Integrated multi-omics identified the novel intratumor microbiome-derived subtypes and signature to predict the outcome, tumor microenvironment heterogeneity, and immunotherapy response for pancreatic cancer patients.",Clinical statistics,,,Automatic candidate; requires manual review,"Our study was conducted in order to better understand how PC patients' microbiomes influence their outcome, tumour microenvironment, and responsiveness to immunotherapy. | Compared with Mcluster A, patients in Mcluster B had a worse prognosis and higher TNM stage and pathological grade. | Patients in Mcluster A were more likely to benefit from CTLA-4 blockers and were highly sensitive to 5-fluorouracil, cisplatin, gemcitabine, irinotecan, oxaliplatin, and epirubicin.","Methods: We integrated transcriptome and microbiome data of PC and used univariable Cox regression and Kaplan-Meier method for screening the prognostic microbes. | We utilized LASSO and Cox regression to build the microbe-related model for predicting the prognosis of PC, and utilized eight algorithms to assess the immune microenvironment feature. | Immune analysis revealed that neutrophils, regulatory T cell, CD8+ T cell, macrophages M1 and M2, cancer associated fibroblasts, myeloid dendritic cell, and activated mast cell had remarkably higher infiltrated levels within the tumour microenvironment of Mcluster B.",Not found in abstract / unknown,Not found in abstract / unknown,Not found in abstract / unknown,Not found in abstract / unknown,Not found in abstract / unknown,Not found in abstract / unknown,Not found in abstract / unknown,Not found in abstract / unknown,Not found in abstract / unknown
ITB-000731,Photodynamic eradication of intratumoral microbiota with bacteria‐targeted micelles overcomes gemcitabine resistance of pancreatic cancer,Unresolved,,,Automatic candidate; requires manual review,Not found in abstract / unknown,Not found in abstract / unknown,Not found in abstract / unknown,Not found in abstract / unknown,Not found in abstract / unknown,Not found in abstract / unknown,Not found in abstract / unknown,Not found in abstract / unknown,Not found in abstract / unknown,Not found in abstract / unknown,Not found in abstract / unknown
ITB-000732,"The presence of intratumoral Porphyromonas gingivalis correlates with a previously defined pancreatic adenocarcinoma, immune cell expression phenotype and with tumor resident, adaptive immune receptor features.",Unresolved,,,Automatic candidate; requires manual review,"This finding strengthens the existing body of evidence correlating P. gingivalis with PAAD, which may have implications for the treatment and prognosis of patients.","The association between pancreatic adenocarcinoma (PAAD) and the pancreatic microbiome is not fully understood, although bacteria may decrease the effectiveness of chemotherapy and lead to anti-apoptotic, pro-inflammatory microenvironments. | To better understand the relationship between the PAAD microbiome and the microenvironment, we identified Porphyromonas gingivalis-positive PAAD samples and found a strong association between intratumoral P. gingivalis and: (i) an immune cell gene expression phenotype previously defined by others as gene program 7; and (ii) recovery of immunoglobulin recombination, sequencing reads. | Furthermore, demonstrating the correlation of P. gingivalis and gene program 7 raises the question of whether P. gingivalis infection is responsible for the gene program 7 subdivision of PAAD?",Not found in abstract / unknown,Not found in abstract / unknown,Not found in abstract / unknown,Not found in abstract / unknown,Not found in abstract / unknown,Not found in abstract / unknown,Not found in abstract / unknown,Not found in abstract / unknown,Not found in abstract / unknown
ITB-000733,Are intratumoral microbiota involved in the progression of intraductal papillary mucinous neoplasms of the pancreas?,Clinical statistics,,,Automatic candidate; requires manual review,"METHODS: DNA was extracted from formalin-fixed, paraffin-embedded samples of 30 patients who underwent pancreatectomy for intraductal papillary mucinous neoplasm, and polymerase chain reaction was used to create sequence libraries using the primer set for the V3 and V4 region of 16S recombinant DNA.",The aim of this study was to assess the association between specific microbiota and the clinicopathologic characteristics of intraductal papillary mucinous neoplasms of the pancreas.,Not found in abstract / unknown,Not found in abstract / unknown,Not found in abstract / unknown,Not found in abstract / unknown,Not found in abstract / unknown,Not found in abstract / unknown,Not found in abstract / unknown,Not found in abstract / unknown,Not found in abstract / unknown
ITB-000734,Dynamics of intestinal and intratumoral microbiome signatures in genetically engineered mice and human pancreatic ductal adenocarcinoma.,Clinical statistics,,,Automatic candidate; requires manual review,"However, while most observations were made in patients, mouse models still require a precise characterization of their disease-related microbiome to employ them for mechanistic and interventional preclinical studies. | CONCLUSION: KPC fecal samples show similarities with the microbial composition of stool samples from human PDAC patients.",Not found in abstract / unknown,Adjusted human PDAC classifiers predicted disease status from feces of KPC mice achieving area under the receiver operating characteristic (AUROC) values of 80%.,Not found in abstract / unknown,Not found in abstract / unknown,Not found in abstract / unknown,Not found in abstract / unknown,"However, while most observations were made in patients, mouse models still require a precise characterization of their disease-related microbiome to employ them for mechanistic and interventional preclinical studies. | METHODS: To investigate the fecal and tumoral microbiome of LSL-KrasG12D/+;LSL-Trp53R172H/+;Pdx-1-Cre (KPC) and control (CTRL) mice, Oxford Nanopore sequencing was applied. | Feces were collected from 10 KPC mice and 10 CTRLs at 3 timepoints (6 weeks, 12 weeks, and when tumor-bearing (KPC) or 6 months (CTRL), respectively). | RESULTS: Murine fecal samples showed a significantly different microbiome compared to age-matched healthy CTRLs regarding beta diversity (p = 0.001, R2 = 0.2-0.25 for Bray-Curtis). | Adjusted human PDAC classifiers predicted disease status from feces of KPC mice achieving area under the receiver operating characteristic (AUROC) values of 80%.",Not found in abstract / unknown,Not found in abstract / unknown,Not found in abstract / unknown
ITB-000735,Intratumor Fusobacterium nucleatum promotes the progression of pancreatic cancer via the CXCL1-CXCR2 axis.,Mechanistic studies,Clinical statistics,,Automatic candidate; requires manual review,F. nucleatum was detected in 15.5% (13/84) of pancreatic cancer patients. | Blockade of the CXCL1-CXCR2 axis may be a novel therapeutic approach for patients with intratumor F. nucleatum-positive pancreatic cancer.,Periodontal pathogen Fusobacterium nucleatum has been detected in pancreatic cancer tissues and is associated with poor prognosis.,Not found in abstract / unknown,Not found in abstract / unknown,"Here, we compared clinical features with F. nucleatum colonization in pancreatic cancer tissues.",Not found in abstract / unknown,Not found in abstract / unknown,"Intratumor F. nucleatum suppressed tumor-infiltrating CD8+ T cells by recruiting myeloid-derived suppressor cells (MDSCs) to the tumor in an F. nucleatum-injected subcutaneous pancreatic cancer mouse model, resulting in tumor progression.",Not found in abstract / unknown,Not found in abstract / unknown,Not found in abstract / unknown
ITB-000737,Heterogeneous changes in gut and tumor microbiota in patients with pancreatic cancer: insights from clinical evidence.,Clinical statistics,,,Automatic candidate; requires manual review,"METHODS: In this study, a total of 29 fresh stool samples were collected from patients diagnosed with pancreatic cancer. | Additionally, 28 serum samples and diseased tissues were collected from 14 patients with confirmed pancreatic cancer and 14 patients with chronic pancreatitis. | Informed consent was obtained from both groups of patients. | RESULTS: The results showed that compared with healthy controls, the species abundance index of intestinal flora in patients with pancreatic cancer was increased (P < 0.05), and the number of beneficial bacteria at the genus level was reduced (P < 0.05). | Compared with patients with chronic pancreatitis, the expression levels of CA242 and CA199 in the serum of patients with pancreatic cancer were increased (P < 0.05). | The bacterial richness index of tumor microorganisms in patients with pancreatic cancer increased, while the diversity index decreased(P < 0.05). | CONCLUSION: Over all, the expression levels of serum tumor markers CA242 and CA19-9 in patients with pancreatic cancer are increased, while the beneficial bacteria in the intestine and tumor microenvironment are reduced and pathogenic bacteria are increased.","Additionally, the expression level of CA242 was found to be significantly positively correlated with the relative abundance of Acinetobacter(P < 0.05).",Not found in abstract / unknown,Not found in abstract / unknown,Not found in abstract / unknown,Not found in abstract / unknown,Not found in abstract / unknown,Not found in abstract / unknown,Not found in abstract / unknown,Not found in abstract / unknown,Not found in abstract / unknown
ITB-000738,Probiotics functionalized with a gallium-polyphenol network modulate the intratumor microbiota and promote anti-tumor immune responses in pancreatic cancer.,Unresolved,,,Automatic candidate; requires manual review,Not found in abstract / unknown,Not found in abstract / unknown,Not found in abstract / unknown,Not found in abstract / unknown,Not found in abstract / unknown,Not found in abstract / unknown,Not found in abstract / unknown,"Moreover, LGG@Ga-poly hampers pancreatic tumor growth in both preventive and therapeutic contexts, and amplifies the antitumor efficacy of immune checkpoint blockade in preclinical cancer models in female mice.",Not found in abstract / unknown,Not found in abstract / unknown,Not found in abstract / unknown
ITB-000739,Integrated chromosomal instability and tumor microbiome redefined prognosis-related subtypes of pancreatic cancer.,Clinical statistics,,,Automatic candidate; requires manual review,"Here we aimed to investigate the role of host chromosomal instability (CIN) and tumor microbiome in the prognosis of pancreatic cancer patients. | We excluded 2 samples with failed quality control, 1 patient lost to follow-up and 6 dead in the perioperative period. | The final 91 patients were admitted for the following analyses. | Thirteen (14.3%) patients with higher CIN score had worse overall survival (OS) than those with lower CIN score. | Patients with high human herpesvirus (HHV)-7 and HHV-5 DNA reads exhibited worse OS. | Furthermore, we classified 91 patients into 3 subtypes. | Patients with higher CIN score (n =13) had the worst prognosis (median OS 6.9 mon); patients with lower CIN score but with HHV-7/5 DNA load (n = 24) had worse prognosis (median OS 10.6 mon); while patients with lower CIN score and HHV-7/5 DNA negative (n = 54) had the best prognosis (median OS 21.1 mon).",CONCLUSIONS: High CIN and HHV-7/5 DNA load were associated with worse survival of pancreatic cancer.,Not found in abstract / unknown,Not found in abstract / unknown,Not found in abstract / unknown,Not found in abstract / unknown,Not found in abstract / unknown,Not found in abstract / unknown,Not found in abstract / unknown,Not found in abstract / unknown,Not found in abstract / unknown
ITB-000741,Deciphering the pancreatic cancer microbiome in Mainland China: Impact of Exiguobacterium/Bacillus ratio on tumor progression and prognostic significance.,Clinical statistics,,,Automatic candidate; requires manual review,Our study addresses this gap by 16 S rRNA sequencing of PDAC tumors and matched peritumoral tissues from Chinese Mainland patients. | Further investigations have revealed that a lower Exiguobacterium/Bacillus ratio in both the tumor and peritumoral tissues of PDAC patients is indicative of a more favorable prognosis. | The elevated expression of ABL2 and MSH2 has been correlated with poorer prognostic outcomes in PDAC patients.,The elevated expression of ABL2 and MSH2 has been correlated with poorer prognostic outcomes in PDAC patients.,Not found in abstract / unknown,Not found in abstract / unknown,Not found in abstract / unknown,Not found in abstract / unknown,Not found in abstract / unknown,Not found in abstract / unknown,Not found in abstract / unknown,Not found in abstract / unknown,Not found in abstract / unknown
ITB-000742,Impact of intratumoral microbiome on tumor immunity and prognosis in human pancreatic ductal adenocarcinoma.,Unresolved,,,Automatic candidate; requires manual review,Not found in abstract / unknown,"The profile of intratumoral bacteria was compared with clinical information, pathological findings including tumor-infiltrating T cells, tumor-associated macrophage, fibrosis, and alterations in four main driver genes (KRAS, TP53, CDKN2A/p16, SMAD4) in tumor genomes. | Comparison of bacterial profiles between cases with good and poor prognosis revealed a significant positive correlation between a shorter survival time and the presence of anaerobic bacteria such as Bacteroides, Lactobacillus, and Peptoniphilus. | The abundance of these bacteria was correlated with a decrease in the number of tumor-infiltrating T cells positive for CD4, CD8, and CD45RO. | CONCLUSIONS: Intratumoral infection of anaerobic bacteria such as Bacteroides, Lactobacillus, and Peptoniphilus is correlated with the suppressed anti-PDAC immunity and poor prognosis.",Not found in abstract / unknown,Not found in abstract / unknown,Not found in abstract / unknown,Not found in abstract / unknown,Not found in abstract / unknown,Not found in abstract / unknown,Not found in abstract / unknown,Not found in abstract / unknown,Not found in abstract / unknown
ITB-000743,Intratumoral microbiota of pancreatic ductal adenocarcinoma impact patient prognosis by influencing tumor microenvironment.,Clinical statistics,,,Automatic candidate; requires manual review,"The top microorganisms distinguishing between patients with long or short survival were used to construct the risk signature. | We found that Stenotrophomonas is implicated in short survival of PDAC patients, while Neorickettia and Mediterraneibacter are correlated with long survival.","We found that Stenotrophomonas is implicated in short survival of PDAC patients, while Neorickettia and Mediterraneibacter are correlated with long survival. | This microbiome-based PDAC subtyping, grounded in prognosis-related signatures, exhibited significant correlations with distinct clinical prognoses and immune microenvironments. | Microorganisms associated with negative prognoses were linked to pro-tumor immune activation, while those associated with positive prognoses were linked to anti-tumor immune response activation and a more favorable prognosis. | CONCLUSIONS: Our PDAC subtyping approach, based on a microbiome-derived prognostic risk signature, unveiled compelling associations between the PDAC microbiota and disparities in both clinical prognosis and the tumor microenvironment.",Not found in abstract / unknown,Not found in abstract / unknown,Not found in abstract / unknown,Not found in abstract / unknown,Not found in abstract / unknown,Not found in abstract / unknown,Not found in abstract / unknown,Not found in abstract / unknown,Not found in abstract / unknown
ITB-000746,Microbiome Dysbiosis With Enterococcus Presence in the Upper Gastrointestinal Tract Is a Risk Factor for Mortality in Patients Undergoing Surgery for Pancreatic Cancer.,Clinical statistics,,,Automatic candidate; requires manual review,"METHODS: Prospective biomarker study applying 16S rRNA sequencing and microbial culturing to samples collected from various sites of the gastrointestinal tract and surgical sites of patients during pancreatic head resections at a German single high-volume pancreatic center. | RESULTS: A total of 101 patients were included {38 noncancer, 63 cancer patients [50 pancreatic ductal adenocarcinoma (PDAC) patients]} in the study. | In a first data analysis series, 16S rRNA sequencing data were utilized from 96 patients to assess associations of microbiome profiles with clinical parameters and outcomes. | In the PDAC subcohort, the compositional variance of the bile or periampullary microbiome was significantly associated with postoperative complications such as intensive care unit admission; on a taxonomic level we observed Enterococcus spp. to be significantly more abundant in patients developing deep or organ-space surgical site infections (SSI). | Notably, Enterococcus spp. were among the most prevalent pathobiont isolates observed in cancer patient bile specimens that were associated with severe SSIs, and thereby elevated mortality rates up to 24 months. | Clinically relevant postoperative pancreatic fistulas or severe SSI were found as other major variables determining short-term mortality in this cancer patient cohort. | In the context of adverse microbiological factors, a preoperative ERCP was also observed to segregate long-term survival, and it appeared to interact with the presence of Enterococcus spp. as highest mortality rates were observed in PDAC patients with both preoperative ERCP and presence of E. faecalis in bile aspirates. | CONCLUSIONS: The presence of Enterococcus spp. in bile ducts of PDAC patients undergoing pancreatic surgery represents a significant risk factor for perioperative infections and, thereby, elevated postoperative and long-term mortality.","In a first data analysis series, 16S rRNA sequencing data were utilized from 96 patients to assess associations of microbiome profiles with clinical parameters and outcomes. | In the PDAC subcohort, the compositional variance of the bile or periampullary microbiome was significantly associated with postoperative complications such as intensive care unit admission; on a taxonomic level we observed Enterococcus spp. to be significantly more abundant in patients developing deep or organ-space surgical site infections (SSI). | Elevated Enterococcus relative abundances in the upper gastrointestinal tract, in turn, were associated with 6 months mortality rates. | In a second step, we focused on microbiological cultures collected from bile aspirates during surgery and investigated associations with perioperative complications and long-term survival. | Notably, Enterococcus spp. were among the most prevalent pathobiont isolates observed in cancer patient bile specimens that were associated with severe SSIs, and thereby elevated mortality rates up to 24 months.",Not found in abstract / unknown,Not found in abstract / unknown,OBJECTIVE: We aimed to prospectively investigate the microbial colonization of critical operative sites of pancreatic head resections to identify microbial stratification factors for surgical and long-term oncologic outcomes.,Not found in abstract / unknown,Not found in abstract / unknown,Not found in abstract / unknown,Not found in abstract / unknown,Not found in abstract / unknown,Not found in abstract / unknown
ITB-000747,Could the Microbial Profiling of Normal Pancreatic Tissue from Healthy Organ Donors Contribute to Understanding the Intratumoral Microbiota Signature in Pancreatic Ductal Adenocarcinoma?,Clinical statistics,,,Automatic candidate; requires manual review,"Matched pairs of tumor and normal tissues from PDAC patients (n = 32) and normal pancreatic tissues from HC (n = 17) were analyzed by 16S rRNA gene sequencing. | Future prospective studies on larger populations, also including patients in advanced tumor stages and considering all potential existing confounding factors, as well as further functional investigations, are needed to prove the role of microbiota-mediated pathogenicity in PDAC.",Pancreatic ductal adenocarcinoma (PDAC) is associated with intratumoral microbiota changes.,Not found in abstract / unknown,Not found in abstract / unknown,Not found in abstract / unknown,Not found in abstract / unknown,Not found in abstract / unknown,Not found in abstract / unknown,Not found in abstract / unknown,Not found in abstract / unknown,Not found in abstract / unknown
ITB-000749,Self-targeted liposomes for enhancing chemotherapeutic efficacy of pancreatic cancer by degrading the extracellular matrix and eradicating intra-tumoral bacteria.,Microbial therapeutics,,Materials / delivery design,Automatic candidate; requires manual review,"It is difficult to exert efficacy spatiotemporally by combined administration of chemotherapeutics, ECM degradation agents and antibiotics, and this may disturb the microflora in critically ill patients.",Not found in abstract / unknown,Not found in abstract / unknown,Not found in abstract / unknown,Not found in abstract / unknown,Not found in abstract / unknown,Not found in abstract / unknown,"Treatment of mice with these self-targeting liposomes yielded significantly higher responses in Escherichia coli infected pancreatic cancer with respect to both infection and tumor volume than the administration of bromelain, gemcitabine and gemcitabine loaded C/DCPA-H2O liposomes alone.",Not found in abstract / unknown,Not found in abstract / unknown,"To establish intra-tumor co-delivery of cancer-chemotherapeutics, ECM degradation agents and antibiotics, self-targeting DCPA (2-(4-((1,5-bis(octadecyloxy)-1,5-dioxopentan-2-yl)carbamoyl)pyridin-1-ium-1-yl)acetate) liposomes with complexed water as pH responsive functionality were self-assembled and PEGylated ciprofloxacin was used as a lipid-membrane component, together with bromelain and gemcitabine loaded in-core (B/G-C/DCPA-H2O). | These triple-loaded liposomes were stealthily transported in the blood circulation to accumulate in the acidic environment of the tumor site. | Upon tumor self-targeting, DCPA-H2O and PEGylated ciprofloxacin became protonated, disturbing the balance in the lipid membrane to cause liposome burst and simultaneous release of bromelain, PEGylated ciprofloxacin and gemcitabine. | Treatment of mice with these self-targeting liposomes yielded significantly higher responses in Escherichia coli infected pancreatic cancer with respect to both infection and tumor volume than the administration of bromelain, gemcitabine and gemcitabine loaded C/DCPA-H2O liposomes alone."
ITB-000750,Association of tumor microbiome with survival in resected early-stage PDAC.,Reviews / synthesis,,,Automatic candidate; requires manual review,"We investigated the relationship of tumor microbiota to survival in 201 surgically resected patients with localized PDAC (Stages I-II), from The Cancer Genome Atlas (TCGA) and International Cancer Genome Consortium (ICGC) cohorts. | This result was consistent across the two cohorts and in stratified analyses by adjuvant therapy (chemotherapy/radiation). | These findings suggest that microbial mechanisms may be involved in PDAC survival, potentially informing PDAC prognosis and guiding personalized treatment strategies.IMPORTANCEMuch of the available data on the PDAC tumor microbiome and survival are derived from relatively small and heterogeneous studies, including those involving patients with advanced stages of pancreatic cancer. | There is a critical knowledge gap in terms of the tumor microbiome and survival in early-stage patients treated by surgical resection; we expect that advancements in survival may initially be best achieved in these patients who are treated with curative intent.","We examined the association of the tumor microbiome with overall survival (OS), via meta-analysis with the Cox PH model. | A microbial risk score (MRS) was calculated from the OS-associated microbiota. | We further explored whether the OS-associated microbiota is related to host tumor immune infiltration. | PDAC tumor microbiome α- and β-diversities were not associated with OS; however, 11 bacterial species, including species of Gammaproteobacteria, confirmed by extensive resampling, were significantly associated with OS (all Q < 0.05). | The MRS summarizing these bacteria was related to a threefold change in OS (hazard ratio = 2.96 per standard deviation change in the MRS, 95% confidence interval = 2.26-3.86). | Identified microbiota and the MRS also exhibited association with memory B cells and naïve CD4+ T cells, which may be related to the immune landscape through BCR and TCR signaling pathways. | Our study shows that a unique tumor microbiome structure, potentially affecting the tumor immune microenvironment, is associated with poorer survival in resected early-stage PDAC.",A microbial risk score (MRS) was calculated from the OS-associated microbiota.,Not found in abstract / unknown,Not found in abstract / unknown,Not found in abstract / unknown,Not found in abstract / unknown,Not found in abstract / unknown,Not found in abstract / unknown,Not found in abstract / unknown,Not found in abstract / unknown
ITB-000751,Bacteria and tumor debris induced pancreatic cancer progression via the NF-κB signaling pathway.,Clinical statistics,,,Automatic candidate; requires manual review,PDAC clinical specimens were employed to investigate micronecrosis and we identified that bacteria and lipopolysaccharide (LPS) co-existed in PDAC tissue.,Tumor-associated macrophages (TAMs) polarized by these complex components exhibit a distinct pro-inflammatory effect and correlate with drug resistance in pancreatic cancer.,Not found in abstract / unknown,Not found in abstract / unknown,Not found in abstract / unknown,Not found in abstract / unknown,Not found in abstract / unknown,"We then identified that CBL0137 significantly decreased PD-L1 expression by inhibiting NF-κB signaling and therapeutic efficacy was evaluated through systematic in vivo and in vitro drug experiments, Additionally, CBL0137 could synergize with gemcitabine to enhance its anti-tumor effect.",Not found in abstract / unknown,Not found in abstract / unknown,Not found in abstract / unknown
ITB-000752,Microbiome-metabolome interplay in pancreatic cancer progression: insights from multi-omics analysis.,Unresolved,,,Automatic candidate; requires manual review,Not found in abstract / unknown,"A correlation analysis was performed to identify key microbiota-metabolite interactions. | Correlation analysis between microbiome and metabolic data revealed significant associations between Pseudomonas and several metabolites, including Alpha-ketoisovaleric acid, 16-hydroxyhexadecanoic acid, Myristic acid, Nonanoic acid (the Spearman correlation coefficient r, 0.5 ≤|r|≤ 1 and P-value < 0.05).",Not found in abstract / unknown,Not found in abstract / unknown,Not found in abstract / unknown,Not found in abstract / unknown,Not found in abstract / unknown,Not found in abstract / unknown,Not found in abstract / unknown,Not found in abstract / unknown,Not found in abstract / unknown
ITB-000753,Intratumoral microbiota-driven macrophage reprogramming in pancreatic cancer via Blautia metabolite 6-hydroxyhexanoic acid.,Clinical statistics,,,Automatic candidate; requires manual review,"In this study, we identified a significant enrichment of Blautia genus in pancreatic cancer patients with favorable prognosis and revealed its role in modulating macrophage phenotypes within the tumor immune microenvironment.","Targeted metabolomics and proteomics uncovered the regulatory correlation between its metabolite, 6-hydroxyhexanoic acid (6-HHA), and tumor-associated macrophages (TAMs) within the tumor microenvironment.",Not found in abstract / unknown,Not found in abstract / unknown,Not found in abstract / unknown,Not found in abstract / unknown,Not found in abstract / unknown,"Finally, the addition of a JAK1-STAT1 pathway inhibitor in both in vitro and in vivo experiments attenuated the M1 repolarization effect of 6-HHA, suggesting that the JAK1-STAT1 signaling pathway plays a crucial role in mediating this process.",Not found in abstract / unknown,Not found in abstract / unknown,Not found in abstract / unknown
ITB-000754,Association between intra-tumoral microbiome and genetic alterations in intraductal papillary mucinous neoplasms of the pancreas.,Unresolved,,,Automatic candidate; requires manual review,Not found in abstract / unknown,"An increased relative abundance of Firmicutes and Proteobacteria, along with the associated reduction in microbial diversity, was associated with a higher frequency of gene mutations, including KLF4.",Not found in abstract / unknown,Not found in abstract / unknown,Not found in abstract / unknown,Not found in abstract / unknown,Not found in abstract / unknown,Not found in abstract / unknown,Not found in abstract / unknown,Not found in abstract / unknown,Not found in abstract / unknown
ITB-000755,Intratumoral bacterial abundance confers poor response to adjuvant gemcitabine in resected pancreatic cancer patients which is mitigated by postoperative antibiotics.,Clinical statistics,,,Automatic candidate; requires manual review,"METHODS: Using immunohistochemistry and fluorescence-in-situ-hybridization on the samples of a large cohort of resected PDAC patients, we examined how the intratumoral bacterial abundance affected patient outcomes with respect to aGC therapy and whether the use of pre- or postoperative antibiotics (ABT) improved the prognosis. | We confirmed the findings in several independent external cohorts. | Postoperative ABT improved outcome of patients with low bacterial abundance in their tumors (DFS 15.1 vs 34.8 months, p < 0.001, OS 28.5 vs 56.00 months, p < 0.001).",Not found in abstract / unknown,Not found in abstract / unknown,Not found in abstract / unknown,Not found in abstract / unknown,Not found in abstract / unknown,Not found in abstract / unknown,Not found in abstract / unknown,Not found in abstract / unknown,Not found in abstract / unknown,Not found in abstract / unknown
ITB-000759,Antibiotic-drug conjugates: Enhancing chemo-immunotherapy of gemcitabine for pancreatic cancer by eliminating intratumoral bacteria.,Mechanistic studies,,,Automatic candidate; requires manual review,Not found in abstract / unknown,"In vivo evaluation demonstrated that Tob-SS-Gm NPs effectively reduced intratumoral bacterial burden and were associated with improved therapeutic response to Gm under bacteria-colonized tumor conditions. | Collectively, this AiDCs strategy provides a promising approach for the treatment of intratumoral bacteria-associated, drug-resistant malignancies.",Not found in abstract / unknown,Not found in abstract / unknown,In vivo evaluation demonstrated that Tob-SS-Gm NPs effectively reduced intratumoral bacterial burden and were associated with improved therapeutic response to Gm under bacteria-colonized tumor conditions.,Not found in abstract / unknown,Not found in abstract / unknown,In vivo evaluation demonstrated that Tob-SS-Gm NPs effectively reduced intratumoral bacterial burden and were associated with improved therapeutic response to Gm under bacteria-colonized tumor conditions.,Not found in abstract / unknown,Not found in abstract / unknown,Not found in abstract / unknown
ITB-000840,Low Bacterial Biomass in Human Pancreatic Cancer and Adjacent Normal Tissue.,Clinical statistics,,,Automatic candidate; requires manual review,"We analyzed frozen samples from 26 patients with resected PDAC and examined tumor and tumor-adjacent normal tissue. | These patients represented nine long-term survivors (LTS) and nine short-term survivors (STS) after neoadjuvant gemcitabine therapy and eight control patients who did not receive any neoadjuvant therapy prior to resection. | We also included FFPE samples from five patients, including tumor samples (3 samples per patient), tumor-adjacent normal tissue (2 per patient) and tumor-adjacent paraffin (1 per patient). | Gammaproteobacteria concentrations did not correlate with outcomes in patients treated with neoadjuvant gemcitabine-based chemotherapy. | We found a low microbial load that is partially attributable to contaminants and that gammaproteobacteria levels did not correlate with outcomes in patients with pancreatic cancer treated with gemcitabine-based chemotherapy.","Our study found low microbial biomass in pancreatic tumor tissue, with no detectable association between bacterial taxa and chemotherapy outcomes.",Not found in abstract / unknown,Not found in abstract / unknown,Not found in abstract / unknown,Not found in abstract / unknown,Not found in abstract / unknown,Not found in abstract / unknown,Not found in abstract / unknown,Not found in abstract / unknown,Not found in abstract / unknown
ITB-000858,Survival mechanism of pancreatic tumor bacteria and their ability to metabolize chemotherapy drugs.,Clinical statistics,,,Automatic candidate; requires manual review,"Here, we report new insights into metabolic interactions between chemotherapeutic agents and patient-derived pancreatic tumor bacteria. | Our findings demonstrate that patient-derived pancreatic tumor bacteria tolerate two commonly used chemotherapeutic drugs, 5-fluorouracil (5-FU) and gemcitabine, and can attenuate their cytotoxic effects on pancreatic cancer cells.","WGS revealed that the Gammaproteobacteria strains were enriched in genes associated with antibiotic resistance, drug transport, and virulence compared to the Bacilli strains. | These findings indicate that IPMN-associated bacteria are metabolically active and capable of modulating chemotherapy drug efficacy. | This underscores the importance of elucidating the functional roles of tumor-associated microbiota in modulating the tumor microenvironment and treatment efficacy.",Not found in abstract / unknown,Not found in abstract / unknown,Not found in abstract / unknown,Not found in abstract / unknown,Not found in abstract / unknown,"We found that most isolates reduced the cytotoxic effect of 5-FU and gemcitabine on pancreatic cancer cell lines (PANC-1, AsPC-1, and Capan-2).",Not found in abstract / unknown,Not found in abstract / unknown,Not found in abstract / unknown
ITB-000861,Bacterial lipopolysaccharide as negative predictor of gemcitabine efficacy in advanced pancreatic cancer - translational results from the AIO-PK0104 Phase 3 study.,Clinical statistics,,,Automatic candidate; requires manual review,"METHODS: We examined LPS on tumour tissue from 130 patients treated within the randomised AIO-PK0104 trial and a validation cohort (n = 113) and analysed the association of LPS detection to patient outcome according to treatment subgroups. | RESULTS: In 24% of samples from the AIO-PK0104 study LPS was detected; in LPS-positive patients median OS was 4.4 months, compared to 7.3 months with LPS negative tumours (HR 1.732, p = 0.010). | A difference in OS was detected in 1st-line gemcitabine-treated patients (n = 71; HR 2.377, p = 0.002), but not in the non-gemcitabine treatment subgroup (n = 59; HR 1.275, p = 0.478). | Within the validation cohort, the LPS positivity rate was 23%, and LPS detection was correlated with impaired OS in the gemcitabine subgroup (n = 94; HR 1.993, p = 0.008) whereas no difference in OS was observed in the non-gemcitabine subgroup (n = 19; HR 2.596, p = 0.219).","We determined if intratumoural lipopolysaccharide (LPS) detection by immunohistochemistry is associated with outcome in advanced pancreatic ductal adenocarcinoma (PDAC) treated with gemcitabine and non-gemcitabine containing 1st-line chemotherapy. | METHODS: We examined LPS on tumour tissue from 130 patients treated within the randomised AIO-PK0104 trial and a validation cohort (n = 113) and analysed the association of LPS detection to patient outcome according to treatment subgroups. | Within the validation cohort, the LPS positivity rate was 23%, and LPS detection was correlated with impaired OS in the gemcitabine subgroup (n = 94; HR 1.993, p = 0.008) whereas no difference in OS was observed in the non-gemcitabine subgroup (n = 19; HR 2.596, p = 0.219).",Not found in abstract / unknown,Not found in abstract / unknown,CONCLUSIONS: The detection of intratumoural LPS as surrogate marker for gram-negative bacterial colonisation may serve as a negative predictor for gemcitabine efficacy in advanced PDAC.,Not found in abstract / unknown,Not found in abstract / unknown,Not found in abstract / unknown,Not found in abstract / unknown,Not found in abstract / unknown,Not found in abstract / unknown
ITB-000903,Metagenomic analysis unveils the microbial landscape of pancreatic tumors.,Clinical statistics,,,Automatic candidate; requires manual review,"Furthermore, we analyzed the microbial composition between different groups of patients with different tumor differentiation stages. | Collectively, these findings demonstrate that PDAC lesions harbor relatively different microbiota compared with their normal tumor adjacent tissues, and this information may be helpful for the diagnosis and prognosis of PADC patients.","Although studies have identified pancreatic ductal adenocarcinoma (PDAC)-associated bacterial communities in the oral and gut samples, herein, we hypothesize that the prevalence of microbiota in pancreatic tumor tissues is different as compared with their matched adjacent, histologically normal appearing tissues, and these microbial molecular signatures can be highly useful for PDAC diagnosis/prognosis. | Additionally, we evaluated the correlation of programmed death-ligand (PDL1) expression with the abundance of bacterial genera in tumor lesions. | Our results indicated that three genera such as Streptomyces, Cutibacterium, and Delftia have a positive correlation with PD-L1 expression.",Not found in abstract / unknown,Not found in abstract / unknown,Not found in abstract / unknown,Not found in abstract / unknown,Not found in abstract / unknown,Not found in abstract / unknown,Not found in abstract / unknown,Not found in abstract / unknown,Not found in abstract / unknown
ITB-000921,Electro-antibacterial therapy (EAT) to enhance intracellular bacteria clearance in pancreatic cancer cells.,Unresolved,,,Automatic candidate; requires manual review,Not found in abstract / unknown,Not found in abstract / unknown,Not found in abstract / unknown,Not found in abstract / unknown,"We explore various parameters, including electric field strength, pulse width, and pulse number to assess the permeability of pancreatic cancer cells infected with F. nucleatum, compared to non-infected cells of the same type. | Our results reveal distinct differences in cell permeability between infected and non-infected cells, identifying a unique biophysical marker for host cells infected with F. nucleatum.",Not found in abstract / unknown,Not found in abstract / unknown,Not found in abstract / unknown,Not found in abstract / unknown,Not found in abstract / unknown,Not found in abstract / unknown
ITB-000932,Multimodal immune phenotyping reveals microbial-T cell interactions that shape pancreatic cancer.,Unresolved,,,Automatic candidate; requires manual review,Not found in abstract / unknown,"Distinct intra-tumoral niches are defined by T cells, with T cell-enriched and T cell-poor regions displaying unique bacterial communities that are associated with immunologically active and quiescent phenotypes, respectively, but are independent of the gut microbiome.",Not found in abstract / unknown,Not found in abstract / unknown,Not found in abstract / unknown,Not found in abstract / unknown,Not found in abstract / unknown,Mouse models of pancreatic cancer recapitulate the immune-microbial spatial coupling seen in humans.,Not found in abstract / unknown,Not found in abstract / unknown,Not found in abstract / unknown
ITB-000765,Intratumor microbiota as a novel potential prognostic indicator in mesothelioma.,Clinical statistics,,,Automatic candidate; requires manual review,"METHODS: TCGA data on 86 MMe patients from cBioPortal underwent bespoke analysis. | Median overall survival was used to divide patients into ""Low Survivors"" and ""High Survivors"". | RESULTS: 107 genera signatures were significantly associated with patient survival (positively or negatively), whilst clinical characteristic comparison between the two groups demonstrated that epithelioid histology was more common in ""High Survivors"" versus biphasic in ""Low Survivors"". | Finally, to validate the independent prognostic value of the microbiome, multiple linear regression modelling as well as Cox proportional hazards modelling were employed, with both approaches demonstrating that the microbiome was a better prognostic indicator than patient age or stage of the cancer.","Decontamination analysis refined the list of signatures, which were validated as an independent prognostic indicator through multiple linear regression modelling and Cox proportional hazards modelling. | RESULTS: 107 genera signatures were significantly associated with patient survival (positively or negatively), whilst clinical characteristic comparison between the two groups demonstrated that epithelioid histology was more common in ""High Survivors"" versus biphasic in ""Low Survivors"". | Finally, to validate the independent prognostic value of the microbiome, multiple linear regression modelling as well as Cox proportional hazards modelling were employed, with both approaches demonstrating that the microbiome was a better prognostic indicator than patient age or stage of the cancer.",Not found in abstract / unknown,Not found in abstract / unknown,Not found in abstract / unknown,Not found in abstract / unknown,Not found in abstract / unknown,Further in vitro studies are needed to elucidate the molecular mechanisms and functional links that may lead to altered survival.,Not found in abstract / unknown,Not found in abstract / unknown,Not found in abstract / unknown
ITB-000314,High Level Immunoglobulin Gene Expression and Reduced Intra-tumoral Bacteria Associated With the Transition from Initial to Progressive Diffuse Intrinsic Pontine Glioma.,Unresolved,,,Automatic candidate; requires manual review,Not found in abstract / unknown,Not found in abstract / unknown,Not found in abstract / unknown,Not found in abstract / unknown,Not found in abstract / unknown,Not found in abstract / unknown,Not found in abstract / unknown,Not found in abstract / unknown,Not found in abstract / unknown,Not found in abstract / unknown,Not found in abstract / unknown
ITB-000315,Deciphering the impact of intra-tumoral bacterial infiltration on multi-omics profiles in low-grade gliomas.,Clinical statistics,,,Automatic candidate; requires manual review,"This study delves into the intricate relationship between microbial infiltration in glioma samples and tumor multi-omics characteristics, aiming to elucidate its impact on tumor behavior and patient prognosis. | METHODS: We included low-grade glioma (LGG) samples from The Cancer Genome Atlas (TCGA) as analysis cohort and used LGG tumor samples from patients who underwent surgical treatment as validation cohort. | For the TCGA samples, utilizing advanced machine learning algorithms, this study identified distinct patterns of bacterial infiltration within the LGG population and constructed a prognostically relevant intra-tumoral bacteria risk model (PRIBR Index). | RESULTS: A total of 32 common differentially expressed genes were identified between the TCGA-LGG samples and the clinical samples when comparing the high-risk and low-risk groups. | Patients in this group exhibited shorter survival periods, potentially attributable to the heightened expression of negative immune checkpoints.","The high-risk group demonstrated elevated bacterial infiltration levels, which were associated with increased infiltration of inflammatory factors.",Not found in abstract / unknown,Not found in abstract / unknown,Not found in abstract / unknown,Not found in abstract / unknown,Not found in abstract / unknown,Not found in abstract / unknown,Not found in abstract / unknown,Not found in abstract / unknown,Not found in abstract / unknown
ITB-000316,Intratumoral Bacterial-Targeted Cascade-Responsive Sonoafterglow Nanoprobes for Immune Reprogramming and Visualization in Glioblastoma,Unresolved,,,Automatic candidate; requires manual review,Not found in abstract / unknown,Not found in abstract / unknown,Not found in abstract / unknown,Not found in abstract / unknown,Not found in abstract / unknown,Not found in abstract / unknown,Not found in abstract / unknown,Not found in abstract / unknown,Not found in abstract / unknown,Not found in abstract / unknown,Not found in abstract / unknown
ITB-000317,Multi-omics analysis reveals the interplay between intratumoral bacteria and glioma.,Clinical statistics,,,Automatic candidate; requires manual review,"We parallelly performed microbial profiling, transcriptome sequencing, and metabolomics detection on tumor and adjacent normal brain tissues obtained from 50 glioma patients. | Through in vivo and in vitro experiments, we identified the crucial role of Fn in promoting glioma progression, suggesting that Fn could be a potential diagnostic and therapeutic target for glioma patients.","Integrated microbiomics, transcriptomics, and metabolomics revealed that genes associated with intratumoral microbes were enriched in multiple synapse-associated pathways and that metabolites associated with intratumoral microbes were (R)-N-methylsalsolinol, N-acetylaspartylglutamic acid, and N-acetyl-l-aspartic acid. | Further mediation analysis suggested that the intratumoral microbiome may affect the expression of neuron-related genes through bacteria-associated metabolites. | IMPORTANCE: Our study adopted a multi-omics approach to unravel the impact of intratumoral microbes on neuron-related gene expression through bacteria-associated metabolites.",Not found in abstract / unknown,Not found in abstract / unknown,Not found in abstract / unknown,Not found in abstract / unknown,Not found in abstract / unknown,"In addition, both in vivo and in vitro models of glioma show that Fusobacterium nucleatum promotes glioma proliferation and upregulates CCL2, CXCL1, and CXCL2 levels. | Through in vivo and in vitro experiments, we identified the crucial role of Fn in promoting glioma progression, suggesting that Fn could be a potential diagnostic and therapeutic target for glioma patients.",Not found in abstract / unknown,Not found in abstract / unknown,Not found in abstract / unknown
ITB-000318,Characterization of the tumor microbiome of brain metastases and glioblastoma reveals tumor-type-specific and location-specific microbial signatures.,Unresolved,,,Automatic candidate; requires manual review,Not found in abstract / unknown,Pathway analysis revealed enrichment of bacterial metabolic pathways associated with tumor spread and metastasis in brain metastases while GBM was enriched with pathways supporting alternative phosphorus use.,Not found in abstract / unknown,Not found in abstract / unknown,Not found in abstract / unknown,Not found in abstract / unknown,Not found in abstract / unknown,Not found in abstract / unknown,Not found in abstract / unknown,Not found in abstract / unknown,Not found in abstract / unknown
ITB-000319,Specific Intratumoral Microbiome Signatures in Human Glioblastoma and Meningioma: Evidence for a Gut-Brain Microbial Axis.,Clinical statistics,,,Automatic candidate; requires manual review,"We performed 16S rRNA gene sequencing of the gut microbiota (GM) and intratumoral microbiome (ItM) from fresh tissue samples of 9 patients with GBM and 18 with MGM. 12 age- and sex-matched healthy controls (HCs) were also enrolled. | GM profiling revealed reduced alpha diversity and distinct microbial communities in BT patients versus HCs. | GBM patients showed reductions in Peptostreptococcaceae and the Eubacterium hallii group, while MGM patients had increased Synergistia and Erysipelatoclostridium. | Compared with MGM, GBM patients were enriched in Peptostreptococcales-Tissierellales, Coprobacillus, and Peptoniphilus but depleted in Weissella. | Venn analysis revealed 176 genera shared across groups with unique taxa distinguishing tumor patients and HCs. | This study provides novel insights by (i) characterizing ItM from fresh samples, (ii) comparing ItM profiles of GBM and MGM, (iii) linking GM and ItM within the same patients, and (iv) suggesting potential clinical implications for BT management.",Not found in abstract / unknown,Not found in abstract / unknown,Not found in abstract / unknown,Not found in abstract / unknown,Not found in abstract / unknown,Not found in abstract / unknown,Not found in abstract / unknown,Not found in abstract / unknown,Not found in abstract / unknown,Not found in abstract / unknown
ITB-000875,Microbial signals in primary and metastatic brain tumors.,Clinical statistics,,,Automatic candidate; requires manual review,"This prospective, multi-institutional study included a total of 243 samples from 221 patients, comprising 168 glioma and brain metastases samples and 75 non-cancerous or tumor-adjacent tissues.","Gliomas and brain metastases are associated with poor prognosis, necessitating a deeper understanding of brain tumor biology and the development of effective therapeutic strategies. | Custom 16S and metagenomic sequencing workflows identified taxa associated with intratumoral bacterial signals in the tumor microenvironment; however, standard culture methods did not yield readily cultivable microbiota. | Spatial analyses revealed significant correlations between bacterial 16S signals and antimicrobial and immunometabolic signatures at regional, neighborhood and cellular levels.",Not found in abstract / unknown,Not found in abstract / unknown,Not found in abstract / unknown,Not found in abstract / unknown,Not found in abstract / unknown,Not found in abstract / unknown,Not found in abstract / unknown,Not found in abstract / unknown,Not found in abstract / unknown
ITB-000228,Dysbiosis signatures of the microbial profile in tissue from bladder cancer.,Clinical statistics,,,Automatic candidate; requires manual review,METHODS: Tissue samples of cancerous bladder mucosa were collected from patients diagnosed with bladder cancer (22 carcinoma tissues and 12 adjacent normal tissues).,"PICRUSt analysis revealed that several pathways involved in the metabolism of harmful chemical compounds were enriched in the cancer tissues, thereby providing evidence that environmental factors are strongly associated with bladder cancer etiology.",Not found in abstract / unknown,Not found in abstract / unknown,Not found in abstract / unknown,Not found in abstract / unknown,Not found in abstract / unknown,Not found in abstract / unknown,Not found in abstract / unknown,Not found in abstract / unknown,Not found in abstract / unknown
ITB-000229,Bladder cancer-related microbiota: examining differences in urine and tissue samples.,Clinical statistics,,,Automatic candidate; requires manual review,"The microbiota isolated from the urine of bladder carcinoma patients exhibits significantly increased compositional abundance of some bacterial genera compared to the urine of healthy patients. | Our aim was to compare the microbiota composition of cancerous tissues and urine samples collected from the same set of patients in order to improve the accuracy of diagnostic measures. | Tissue samples were collected from patients during cancer tissue removal by transurethral resection. | In parallel, urine samples were obtained by transurethral resectoscopy from the same patients. | In the case of four patients, duplicate microbiota analysis from distant parts of the cancerous tissues was highly reproducible, and independent of the site of tissue collection of any given patient. | To our knowledge, this is the first study comparing urinary and bladder mucosa-associated microbiota profiles in bladder cancer patients.","To our knowledge, this is the first study comparing urinary and bladder mucosa-associated microbiota profiles in bladder cancer patients.",Not found in abstract / unknown,Not found in abstract / unknown,Not found in abstract / unknown,Not found in abstract / unknown,Not found in abstract / unknown,Not found in abstract / unknown,Not found in abstract / unknown,Not found in abstract / unknown,Not found in abstract / unknown
ITB-000230,The Bladder Microbiome Is Associated with Epithelial-Mesenchymal Transition in Muscle Invasive Urothelial Bladder Carcinoma.,Clinical statistics,,,Automatic candidate; requires manual review,"In this study, we profiled the abundance of individual microbe species in the tumor samples of over 400 muscle invasive bladder carcinoma (MIBC) patients.","We then correlated microbe abundance to the expression of EMT-associated genes and genes in the extracellular matrix (ECM), which are key players in EMT. | We discovered that a variety of microbes, including E. coli, butyrate-producing bacterium SM4/1, and a species of Oscillatoria, were associated with expression of classical EMT-associated genes, including E-cadherin, vimentin, SNAI2, SNAI3, and TWIST1. | We also found significant correlations between microbial abundance and the expression of genes in the ECM, specifically collagens and elastin. | Lastly, we found that a large number of microbes exhibiting significant correlations to EMT are also associated with clinical prognosis and outcomes.",Not found in abstract / unknown,Not found in abstract / unknown,Not found in abstract / unknown,Not found in abstract / unknown,Not found in abstract / unknown,Not found in abstract / unknown,Not found in abstract / unknown,Not found in abstract / unknown,Not found in abstract / unknown
ITB-000231,Bladder Tissue Microbiome Composition in Patients of Bladder Cancer or Benign Prostatic Hyperplasia and Related Human Beta Defensin Levels.,Clinical statistics,,,Automatic candidate; requires manual review,"Tissue samples for analyses were removed during transurethral resection from 55 bladder carcinoma and 12 prostatic hyperplasia patients. | Levels of HBD mRNA expression were measured with qPCR from the same samples, and urinary amounts of HBD1, 2 and 3 were detected with ELISA in these patients, in addition to 34 healthy volunteers. | The antibacterial and antitumor defensin (HBD1) showed decreased levels in cancer patients, while others (HBD2 and 3) were considerably increased.","Balance between the microbiome associated with bladder mucosa and human beta defensin (HBD) levels in urine is a dynamic, sensitive and host-specific relationship. | Mann-Whitney U test, Wilcoxon rank sum test (alpha diversity) and PERMANOVA analysis (beta diversity) were performed. | To enhance the success of immunotherapies and to develop adjuvant antitumor therapies, it is important to gain insight into the interactions between defensins and the tumor-associated microbiome.",Not found in abstract / unknown,Not found in abstract / unknown,Not found in abstract / unknown,Not found in abstract / unknown,Not found in abstract / unknown,Not found in abstract / unknown,Not found in abstract / unknown,Not found in abstract / unknown,Not found in abstract / unknown
ITB-000232,Change in Tissue Microbiome and Related Human Beta Defensin Levels Induced by Antibiotic Use in Bladder Carcinoma.,Unresolved,,,Automatic candidate; requires manual review,Not found in abstract / unknown,Not found in abstract / unknown,Not found in abstract / unknown,Not found in abstract / unknown,"However, antibiotic treatment within 3 months of analysis resulted in a significantly modified microbiome composition. | Regardless of the antibiotic treatment, hBD1 expression of the tumor cells consistently doubled. | Apparently, antibiotic treatment within 3 months of sample analysis induced microbiome changes and defensin expression levels, depending on the identity of the applied antibiotic.",Not found in abstract / unknown,Not found in abstract / unknown,Not found in abstract / unknown,Not found in abstract / unknown,Not found in abstract / unknown,Not found in abstract / unknown
ITB-000233,Microbiota-induced inflammatory responses in bladder tumors promote epithelial-mesenchymal transition and enhanced immune infiltration.,Clinical statistics,,,Automatic candidate; requires manual review,"To address this, we collected samples from 402 patients with UCB, including paired host transcriptome and tumor microbiome data, from The Cancer Genome Atlas (TCGA). | Moreover, the inflammatory response induced by these two intratumoral bacteria further enhanced intratumoral immune infiltration, affecting patient survival and response to immunotherapy. | In addition, an independent immunotherapy cohort of 348 patients with bladder cancer was used to validate our results.",We found that the intratumoral microbiome profiles were significantly correlated with the expression pattern of epithelial-mesenchymal transition (EMT)-related genes.,Not found in abstract / unknown,Not found in abstract / unknown,Not found in abstract / unknown,Not found in abstract / unknown,Not found in abstract / unknown,Not found in abstract / unknown,Not found in abstract / unknown,Not found in abstract / unknown,Not found in abstract / unknown
ITB-000234,Changes in the Urinary Microbiome After Transurethral Resection of Non-muscle-Invasive Bladder Cancer: Insights from a Prospective Observational Study.,Clinical statistics,,,Automatic candidate; requires manual review,"BACKGROUND: This study aimed to characterize the urinary and tumor microbiomes in patients with non-muscle-invasive bladder cancer (NMIBC) before and after transurethral resection of the bladder tumor (TURBT). | METHODS: This single-center prospective study included 26 samples from 11 patients with low-grade Ta papillary NMIBC. | The enrichment of the abundance of Corynebacterium and Anaerococcus species in urine collected at TURBT was observed in patients who experienced recurrence within the follow-up period. | CONCLUSIONS: In patients with low-grade NMIBC, the urine microbiome undergoes changes over time after removal of the tumor.",Not found in abstract / unknown,Not found in abstract / unknown,Not found in abstract / unknown,Not found in abstract / unknown,Not found in abstract / unknown,Not found in abstract / unknown,Not found in abstract / unknown,Not found in abstract / unknown,Not found in abstract / unknown,Not found in abstract / unknown
ITB-000235,An exploratory study investigating the impact of the bladder tumor microbiome on Bacillus Calmette Guerin (BCG) response in non-muscle invasive bladder cancer.,Clinical statistics,,,Automatic candidate; requires manual review,MATERIALS AND METHODS: Patients with archival pre-treatment biopsy samples (2012-2018) were identified retrospectively.,Not found in abstract / unknown,Not found in abstract / unknown,Not found in abstract / unknown,Not found in abstract / unknown,Not found in abstract / unknown,Not found in abstract / unknown,Not found in abstract / unknown,Not found in abstract / unknown,Not found in abstract / unknown,Not found in abstract / unknown
ITB-000236,Intratumoral microbiota as a novel prognostic indicator in bladder cancer.,Clinical statistics,,,Automatic candidate; requires manual review,"To investigate the relationships among the intratumoral microbiota, tumor immunity, and prognosis in bladder cancer patients, we analyzed bladder cancer-specific differentially expressed immune- and antimicrobial-related genes from the ImmPort, TISIDB, and TCGA databases. | The scoring system allows subgrouping of bladder cancer patients, with significant differences in prognosis, immune cell infiltration, tumor mutation burden, and immune checkpoints among different groups. | Further FISH and immunofluorescence co-staining experiments initially verified that the specific distribution of microorganisms and M2 macrophages in bladder cancer may be closely related to the poor prognosis of patients.",Not found in abstract / unknown,Not found in abstract / unknown,Not found in abstract / unknown,Not found in abstract / unknown,Not found in abstract / unknown,Not found in abstract / unknown,Not found in abstract / unknown,Not found in abstract / unknown,Not found in abstract / unknown,Not found in abstract / unknown
ITB-000237,Bladder cancer microbiome and its association with chemoresponse.,Clinical statistics,,,Automatic candidate; requires manual review,"METHODS AND MATERIALS: To begin to annotate the urinary microbiome present in bladder cancers, we analyzed human genome-filtered sequencing data from the Cancer Genome Atlas (TCGA) from 116 tumors (duplicates from 22 tumors), 22 adjacent normal bladder tissues, and 99 blood samples to classify reads originating from known microbiota. | We also performed 16S rRNA sequencing on urine samples from 55 patients with urothelial carcinoma and 13 non-cancer patients. | Additionally, we compared microbiome from matched urine samples and archival diagnostic tumor samples from 21 bladder cancer patients. | RESULTS: Twenty-seven viral and bacterial species were found to be enriched in the tumor samples from TCGA cohort, including sex-specific enrichment of Lactobacillus and Prevotella in female bladder cancer patients which also are prevalent in the normal female genitourinary tract. | We found key differences in urinary microbiota profiles that distinguish cancer patients from healthy control. | We also found Granulicatella and Proteus were enriched in patients who did not respond to neoadjuvant chemotherapy while E. | Because bladder cancer patients undergoing surgical procedures are exposed to a single dose of peri-procedure antibiotics, we took advantage of a 'natural experiment' to measure microbial changes in urology patients receiving a single dose of antibiotics for skin procedures, finding that there are very few changes that persist for 1 month. | Lastly, urine from bladder cancer patients harbored abundant Gammaproteobacteria, which in cell culture experiments, detoxified gemcitabine, a commonly used therapy in bladder cancer.",Not found in abstract / unknown,Not found in abstract / unknown,Not found in abstract / unknown,Not found in abstract / unknown,Not found in abstract / unknown,Not found in abstract / unknown,"For our animal experiments, starting at 8-12 weeks of age, male (n=33) and female (n=22) C57BL/6 mice were administered 0.05% N-butyl-N-(4-hydroxybutyl)-nitrosamine (BBN) in drinking water for 12 weeks then switched to regular water. | Control mice drank regular water. | Finally, because of our findings, we tested the effects of E.coli infection on gemcitabine toxicity in bladder cancer cell lines. | Additionally, we measured microbial changes during BBN-induced carcinogenesis in a mouse model and observed that changes are more likely related to BBN exposure itself rather than carcinogenesis as changes induced by BBN resolve after BBN withdrawal.",Not found in abstract / unknown,Not found in abstract / unknown,Not found in abstract / unknown
ITB-000238,"Comparison of Tissue and Urine Microbiota in Male, Intervention Naive Patients with and without Non-Invasive Bladder Cancer.",Clinical statistics,,,Automatic candidate; requires manual review,INTRODUCTION: To investigate the presence of dysbiosis in patients with naive bladder cancer. | METHODS: Twelve male patients with non-invasive bladder cancer and twelve age-matched healthy males had midstream urine and tissue samples taken. | CONCLUSIONS: Our research is the first microbiota study of bladder cancer done with naive patients who have never had an endourological intervention.,Not found in abstract / unknown,Not found in abstract / unknown,Not found in abstract / unknown,Not found in abstract / unknown,Not found in abstract / unknown,Not found in abstract / unknown,Not found in abstract / unknown,Not found in abstract / unknown,Not found in abstract / unknown,Not found in abstract / unknown
ITB-000239,Fusobacterium nucleatum promotes bladder cancer progression and immune escape by activating the IL22/STAT3/PD-L1 signaling cascade.,Clinical statistics,,,Automatic candidate; requires manual review,METHODS: Fecal samples from BC patients (n = 73) and healthy controls (n = 39) were analyzed for Fn abundance using qRT-PCR. | RESULTS: Fn levels were significantly elevated in BC patients' feces.,Fn activated the IL22/STAT3/PD-L1 pathway and showed positive correlations with these markers in BC tissues.,Not found in abstract / unknown,Not found in abstract / unknown,Not found in abstract / unknown,Not found in abstract / unknown,Not found in abstract / unknown,"The in vitro cultured human BC cell line (T24) were co-cultured with Fn, followed by CCK-8, colony formation, and Transwell assays to assess cell viability, proliferation, and invasion and migration, respectively. | In vivo studies using a BC mouse model examined tumor progression and immune markers through flow cytometry, focusing on CD8+ T cells and regulatory T cell (Treg) populations. | The in vivo experiments confirmed that Fn promoted IL22/STAT3/PD-L1 expression, altered immune cell ratios, and increased ki67 expression levels. | CONCLUSION: Fn promotes the IL22/STAT3/PD-L1 cascade signaling, thereby facilitating in vivo progression and immune evasion of BC.",Not found in abstract / unknown,Not found in abstract / unknown,Not found in abstract / unknown
ITB-000242,Does the urinary microbiome reflect the bladder-cancer-associated microbiome? Characterizing the microbiome in urine and cancer tissue in bladder cancer.,Clinical statistics,,,Automatic candidate; requires manual review,"METHODS: Bladder cancer tissue and transurethral urine specimens were collected simultaneously from consecutive patients with bladder cancer at the time of transurethral resection of bladder tumor (TURBT) or radical cystectomy (RC). | RESULTS: Twenty-one patients were included in the study (15 males and 6 females). | Transurethral urine samples were available for all but 3 patients, where voided samples were used. | Nineteen patients had high grade urothelial carcinoma and 2 had low grade. | CONCLUSION: In this cohort, bladder-cancer tissue associated microbiome exhibited a distinct microbial signature when compared to urine. | Validation in larger, standardized cohorts with contamination control is warranted.","CONCLUSION: In this cohort, bladder-cancer tissue associated microbiome exhibited a distinct microbial signature when compared to urine. | These results suggest that the urinary microbiome may not provide an accurate representation of the bladder-cancer associated microbiome.",Not found in abstract / unknown,Not found in abstract / unknown,Not found in abstract / unknown,Not found in abstract / unknown,Not found in abstract / unknown,Not found in abstract / unknown,Not found in abstract / unknown,Not found in abstract / unknown,Not found in abstract / unknown
ITB-000244,Pseudomonas aeruginosa Exacerbates Bladder Cancer Progression by Activating Cancer-Driven Immunosuppression.,Clinical statistics,,,Automatic candidate; requires manual review,"Pseudomonas aeruginosa infection is still a serious problem among immunocompromised patients who have advanced urinary tract malignancies, yet the impact of P. aeruginosa on disease progression remains poorly defined.",Not found in abstract / unknown,Not found in abstract / unknown,Not found in abstract / unknown,Not found in abstract / unknown,Not found in abstract / unknown,Not found in abstract / unknown,"In this study, we show that urinary tract infections caused by P. aeruginosa exacerbated bladder cancer progression in murine models, primarily by inducing an immunosuppressive tumor microenvironment.",Not found in abstract / unknown,Not found in abstract / unknown,Not found in abstract / unknown
ITB-000883,Lipid peroxidation and antioxidant enzyme activities in cancerous bladder tissue and their relation with bacterial infection: a controlled clinical study.,Clinical statistics,,,Automatic candidate; requires manual review,"We measured thiobarbituric acid reactive substances (TBARs) and activities of xanthine oxidase (XO), superoxide dismutase (SOD), glutathione peroxidase (GSH-PX), and catalase (CAT) in cancerous tissues of 25 bladder cancer patients, in noncancerous adjacent bladder tissues of 13 out of these 25 patients, and in control bladder tissues of 15 patients with a non-neoplastic genitourinary disease.","GSH-PX level of tumor tissue was correlated significantly with tumor grade (r=-0.425, P=0.034).",Not found in abstract / unknown,Not found in abstract / unknown,Not found in abstract / unknown,Not found in abstract / unknown,Not found in abstract / unknown,Not found in abstract / unknown,Not found in abstract / unknown,Not found in abstract / unknown,Not found in abstract / unknown
ITB-000913,Uncovering Microbial Composition of the Tissue Microenvironment in Bladder Cancer using RNA Sequencing Data.,Clinical statistics,,,Automatic candidate; requires manual review,"Pseudomonas, Porphyrobacter, and Acinetobacter were enriched in tumor tissues, while Mycolicibacterium and Streptomyces were enriched in patients who showed durable response to BCG therapy.",Not found in abstract / unknown,Not found in abstract / unknown,Not found in abstract / unknown,Not found in abstract / unknown,Not found in abstract / unknown,Not found in abstract / unknown,Not found in abstract / unknown,Not found in abstract / unknown,Not found in abstract / unknown,Not found in abstract / unknown
ITB-000224,Cross-laboratory replication of pseudomyxoma peritonei tumor microbiome reveals reproducible microbial signatures.,Unresolved,,,Automatic candidate; requires manual review,"We found evidence of reproducible microbial signatures between the replicates of six different PMP tumors that include a set of core taxa that may be introduced from surgical contamination, as well as patient-specific taxa that are also commonly implicated in colorectal cancer.","Our findings demonstrate how independent sample replication can be a powerful approach to investigate low-biomass microbial communities associated with tumor tissues that will improve low microbial biomass research.IMPORTANCERecent work has demonstrated that microbial communities colonize over 30 different types of tumor tissues. | A current major challenge in characterizing low-biomass, tumor-associated microbiomes is the introduction of environmental contamination during collection, handling, DNA extraction, PCR, and sequencing. | Using this replication approach, we show that pseudomyxoma peritonei (PMP) tumors host reproducible microbial communities, including organisms that have previously been associated with colorectal cancer.",Not found in abstract / unknown,Not found in abstract / unknown,Not found in abstract / unknown,Not found in abstract / unknown,Not found in abstract / unknown,Not found in abstract / unknown,Not found in abstract / unknown,Not found in abstract / unknown,Not found in abstract / unknown
ITB-000479,Human Microbiome Fusobacterium Nucleatum in Esophageal Cancer Tissue Is Associated with Prognosis.,Unresolved,,,Automatic candidate; requires manual review,Not found in abstract / unknown,"F. nucleatum DNA positivity was significantly associated with tumor stage, but not with sex, age, performance status, tobacco use, alcohol use, histology, tumor location, or preoperative treatment. | F. nucleatum DNA positivity was also significantly associated with cancer-specific survival [log-rank P = 0.0039; univariate HR = 2.01; 95% confidence interval (CI), 1.22-3.23; P = 0.0068; multivariate HR = 1.78; 95% CI, 1.06-2.94; P = 0.031]. | CONCLUSIONS: F. nucleatum in esophageal cancer tissues was associated with shorter survival, suggesting a potential role as a prognostic biomarker.",Not found in abstract / unknown,Not found in abstract / unknown,Not found in abstract / unknown,Not found in abstract / unknown,Not found in abstract / unknown,Not found in abstract / unknown,Not found in abstract / unknown,Not found in abstract / unknown,Not found in abstract / unknown
ITB-000480,A Comparison of Biopsy and Mucosal Swab Specimens for Examining the Microbiota of Upper Gastrointestinal Carcinoma.,Clinical statistics,,,Automatic candidate; requires manual review,"We compared biopsies and mucosal swab specimens for microbial sampling from patients with UGI carcinoma. | METHODS: A total of 67 patients with esophageal squamous cell carcinoma (ESCC) and 36 patients with gastric cardia adenocarcinoma (GCA) were recruited in the Linxian Cancer Hospital (Henan, China).","Paired specimens were correlated for both sample types from ESCC (ρ > 0.6, P 0.05). | There was a high correlation for weighted UniFrac and Bray-Curtis distance only in ESCC paired specimens (ρ > 0.6, P = 0.001).",Not found in abstract / unknown,Not found in abstract / unknown,Not found in abstract / unknown,Not found in abstract / unknown,Not found in abstract / unknown,Not found in abstract / unknown,Not found in abstract / unknown,Not found in abstract / unknown,Not found in abstract / unknown
ITB-000481,Intratumoral Fusobacterium Nucleatum Levels Predict Therapeutic Response to Neoadjuvant Chemotherapy in Esophageal Squamous Cell Carcinoma.,Clinical statistics,,,Automatic candidate; requires manual review,"Although Fusobacterium nucleatum (F. nucleatum) is associated with poor prognosis in multiple cancers, its clinical significance in predicting response to chemotherapy in patients with esophageal squamous cell carcinoma (ESCC) remains unclear. | EXPERIMENTAL DESIGN: The F. nucleatum levels were quantified by qPCR assays in tumor tissues from 551 patients with ESCC from two independent cohorts, including 101 patients who received neoadjuvant chemotherapy prior to curative resection. | RESULTS: High burden of F. nucleatum in patients with ESCC associated with poor RFS in both training [log-rank P = 0.02; HR = 1.61; P = 0.03] and validation cohorts (log-rank P = 0.003; HR = 1.96; P = 0.004). | Importantly, patients with ESCC with high levels of F. nucleatum displayed poor chemotherapeutic response for all three evaluation methods: RECIST (P = 0.04), SUVmax change in PET/CT (P = 0.0004), and TRG (P = 0.003). | CONCLUSIONS: We conclude that high levels of intratumoral F. nucleatum have a prognostic significance for predicting poor RFS in patients with ESCC. | More importantly, our data indicates that higher F. nucleatum burden correlates with poor response to neoadjuvant chemotherapy, suggesting the possibility that an antibiotic intervention against this bacterium may significantly improve therapeutic response in patients with ESCC.","Although Fusobacterium nucleatum (F. nucleatum) is associated with poor prognosis in multiple cancers, its clinical significance in predicting response to chemotherapy in patients with esophageal squamous cell carcinoma (ESCC) remains unclear. | Associations between F. nucleatum burden and recurrence-free survival (RFS), as well with chemotherapeutic response were evaluated using response evaluation criteria in solid tumors (RECISTs), primary tumor metabolic response defined by maximum standardized uptake value (SUVmax) changes in positron emission tomography-CT (PET/CT), and pathologic tumor regression grade (TRG). | RESULTS: High burden of F. nucleatum in patients with ESCC associated with poor RFS in both training [log-rank P = 0.02; HR = 1.61; P = 0.03] and validation cohorts (log-rank P = 0.003; HR = 1.96; P = 0.004).",Not found in abstract / unknown,Not found in abstract / unknown,Not found in abstract / unknown,Not found in abstract / unknown,Not found in abstract / unknown,Not found in abstract / unknown,Not found in abstract / unknown,Not found in abstract / unknown,Not found in abstract / unknown
ITB-000482,"The Intratumor Microbiota Signatures Associate With Subtype, Tumor Stage, and Survival Status of Esophageal Carcinoma.",Clinical statistics,,,Automatic candidate; requires manual review,"In this study, we identified the intratumor microbiome signature and investigated the correlation between microbes and clinical characteristics of patients with ESCA, on the basis of data and information obtained from The Cancer Microbiome Atlas (TCMA) and The Cancer Genome Atlas (TCGA) databases. | Correlation analysis demonstrated that compositions of microbes Fusobacteria/Fusobacteriia/Fusobacteriales, Lactobacillales/Lactobacillaceae/Lactobacillus, Clostridia/Clostridiales, Proteobacteria, and Negativicutes were correlated with the clinical characteristics of ESCA patients.","In this study, we identified the intratumor microbiome signature and investigated the correlation between microbes and clinical characteristics of patients with ESCA, on the basis of data and information obtained from The Cancer Microbiome Atlas (TCMA) and The Cancer Genome Atlas (TCGA) databases. | Correlation analysis demonstrated that compositions of microbes Fusobacteria/Fusobacteriia/Fusobacteriales, Lactobacillales/Lactobacillaceae/Lactobacillus, Clostridia/Clostridiales, Proteobacteria, and Negativicutes were correlated with the clinical characteristics of ESCA patients.",Not found in abstract / unknown,Not found in abstract / unknown,Not found in abstract / unknown,Not found in abstract / unknown,Not found in abstract / unknown,Not found in abstract / unknown,Not found in abstract / unknown,Not found in abstract / unknown,Not found in abstract / unknown
ITB-000483,Tumor-Associated Microbiota in Esophageal Squamous Cell Carcinoma.,Clinical statistics,,,Automatic candidate; requires manual review,"The esophageal microbiota was prospectively investigated in 18 patients with ESCC and 11 patients with physiological normal (PN) esophagus by 16S rRNA gene profiling, using next-generation sequencing. | The microbiota composition in tumor tissues of ESCC patients were significantly different from that of patients with PN tissues.",Not found in abstract / unknown,Not found in abstract / unknown,Not found in abstract / unknown,Not found in abstract / unknown,Not found in abstract / unknown,Not found in abstract / unknown,Not found in abstract / unknown,Not found in abstract / unknown,Not found in abstract / unknown,Not found in abstract / unknown
ITB-000484,Identification of tissue-specific microbial profile of esophageal squamous cell carcinoma by full-length 16S rDNA sequencing.,Clinical statistics,,,Automatic candidate; requires manual review,"In this study, we recruited patients with esophageal squamous cell carcinoma (ESCC) and collected 51 pairs of tumor and adjacent non-tumor tissues for full-length 16S rDNAsequencing and qPCR to compare the differences in microbial community structure.",Not found in abstract / unknown,Not found in abstract / unknown,Not found in abstract / unknown,Not found in abstract / unknown,Not found in abstract / unknown,Not found in abstract / unknown,Not found in abstract / unknown,Not found in abstract / unknown,Not found in abstract / unknown,Not found in abstract / unknown
ITB-000485,An international report on bacterial communities in esophageal squamous cell carcinoma.,Clinical statistics,,,Automatic candidate; requires manual review,"We performed an integrated analysis of four independent sequencing efforts of ESCC tumors from patients from high- and low-incidence regions of the world. | Using whole genome sequencing (WGS) and RNA sequencing (RNAseq) of ESCC tumors from 61 patients in Tanzania, we identified a community of bacteria, including members of the genera Fusobacterium, Selenomonas, Prevotella, Streptococcus, Porphyromonas, Veillonella and Campylobacter, present at high abundance in ESCC tumors. | We then characterized the microbiome of 238 ESCC tumor specimens collected in two additional independent sequencing efforts consisting of patients from other high-ESCC incidence regions (Tanzania, Malawi, Kenya, Iran, China). | Because these genera are traditionally considered members of the oral microbiota, we next explored whether there was a relationship between the synchronous saliva and tumor microbiomes of ESCC patients in Tanzania. | Together, these data indicate that cancer-associated oral bacteria are associated with ESCC tumors at the time of diagnosis and support a model in which oral bacteria are present in high abundance in both saliva and tumors of some ESCC patients.","Emerging research has identified a potential association between poor oral health and ESCC. | This analysis revealed similar ESCC-associated bacterial communities in these cancers. | Together, these data indicate that cancer-associated oral bacteria are associated with ESCC tumors at the time of diagnosis and support a model in which oral bacteria are present in high abundance in both saliva and tumors of some ESCC patients.",Not found in abstract / unknown,Not found in abstract / unknown,Not found in abstract / unknown,Not found in abstract / unknown,Not found in abstract / unknown,Not found in abstract / unknown,Not found in abstract / unknown,Not found in abstract / unknown,Not found in abstract / unknown
ITB-000486,Comparison of tumor-associated and nontumor-associated esophageal mucosa microbiota in patients with esophageal squamous cell carcinoma.,Unresolved,,,Automatic candidate; requires manual review,Not found in abstract / unknown,The altered bacterial microbiota is correlated with different tumor stages and some microbes may take part in the carcinogenesis and development of ESCC.,Not found in abstract / unknown,Not found in abstract / unknown,Not found in abstract / unknown,Not found in abstract / unknown,Not found in abstract / unknown,Not found in abstract / unknown,Not found in abstract / unknown,Not found in abstract / unknown,Not found in abstract / unknown
ITB-000487,Intratumoral microbiome impacts immune infiltrates in tumor microenvironment and predicts prognosis in esophageal squamous cell carcinoma patients.,Clinical statistics,,,Automatic candidate; requires manual review,"METHODS: 16S rDNA amplicon sequencing was performed on surgically resected samples from 98 ESCC patients to analyze intratumoral microbiome abundance and composition. | RESULTS: Patients with higher intratumoral Shannon index had significantly worse surgical outcomes. | When patients were divided into short-term survivors and long-term survivors based on the median survival time, both intratumoral alpha-diversity and beta-diversity were found to be significantly inconsistent, and the relative abundance of Lactobacillus and Leptotrichia emerged as the two microorganisms that probably influenced the survival of ESCC patients. | Only Lactobacillus in ESCC was validated to significantly worsen patients' prognoses and to be positively correlated with the Shannon index. | Multivariate analysis revealed that the intratumoral Shannon index, the relative abundance of Lactobacillus, and the pathologic tumor-node-metastasis (pTNM) stage were independently associated with patients' overall survival. | CONCLUSIONS: A high abundance of intratumoral Lactobacillus and bacterial alpha-diversity was associated with the formation of the immunosuppressive TME and predicted poor long-term survival in ESCC patients.","Only Lactobacillus in ESCC was validated to significantly worsen patients' prognoses and to be positively correlated with the Shannon index. | Multivariate analysis revealed that the intratumoral Shannon index, the relative abundance of Lactobacillus, and the pathologic tumor-node-metastasis (pTNM) stage were independently associated with patients' overall survival. | Furthermore, the relative abundance of both Lactobacillus and Shannon index was positively correlated with the proportions of PD-L1+ epithelial cells (ECs) and tumor-associated macrophages (TAMs). | The Shannon index was negatively correlated with the proportions of natural killer (NK) cells in the TME. | CONCLUSIONS: A high abundance of intratumoral Lactobacillus and bacterial alpha-diversity was associated with the formation of the immunosuppressive TME and predicted poor long-term survival in ESCC patients.",Not found in abstract / unknown,Not found in abstract / unknown,Not found in abstract / unknown,Not found in abstract / unknown,Not found in abstract / unknown,Not found in abstract / unknown,Not found in abstract / unknown,Not found in abstract / unknown,Not found in abstract / unknown
ITB-000488,Intratumour Fusobacterium nucleatum and immune response to oesophageal cancer.,Unresolved,,,Automatic candidate; requires manual review,Not found in abstract / unknown,"RESULTS: F. nucleatum was significantly and inversely associated only with the peritumoural lymphocytic reaction (P = 0.0002). | A multivariable model yielded a similar finding (multivariable odds ratio, 0.34; 95% confidence interval 0.16-0.69; P = 0.002). | CONCLUSIONS: Intratumour F. nucleatum is associated with a diminished peritumoural lymphocytic reaction, providing a platform for further investigations on the potential interactive roles between intratumour F. nucleatum and host immunity.",Not found in abstract / unknown,Not found in abstract / unknown,Not found in abstract / unknown,Not found in abstract / unknown,Not found in abstract / unknown,Not found in abstract / unknown,Not found in abstract / unknown,Not found in abstract / unknown,Not found in abstract / unknown
ITB-000489,Fusobacterium nucleatum Infection Induces Malignant Proliferation of Esophageal Squamous Cell Carcinoma Cell by Putrescine Production.,Unresolved,,,Automatic candidate; requires manual review,Not found in abstract / unknown,"In those clinical samples, the abundance of Fn was found to be higher in tumors than in adjacent normal tissues, and a high abundance of Fn was correlated with shorter survival.",Not found in abstract / unknown,Not found in abstract / unknown,Not found in abstract / unknown,Not found in abstract / unknown,Not found in abstract / unknown,"Furthermore, using in vitro experiments, we demonstrated that Fn can invade ESCC cells, enhancing their proliferation capacity.",Not found in abstract / unknown,Not found in abstract / unknown,Not found in abstract / unknown
ITB-000490,Specific Intratumor Bacteria Genera and TRG Recombinations Associated with Greater Survival Probability in Alimentary Tract Cancers.,Clinical statistics,,,Automatic candidate; requires manual review,CONCLUSIONS: This is the first report of associations between low biomass bacterial samples from primary tumor samples with patient survival and with an increased gamma-delta T cell infiltrate.,"We aimed to investigate whether intratumoral bacterial RNA sequence abundance in gastric and esophageal cancers is associated with T-cell infiltrate features. | RESULTS: Increasing levels of the Klebsiella genus were associated with a better OS probability (hazard ratio, 0.5), via a Cox proportional hazards model. | The higher Klebsiella abundance was associated with a significantly increased overall (p = 0.0001) and disease-specific survival (p = 0.0289) probability for the STAD dataset. | CONCLUSIONS: This is the first report of associations between low biomass bacterial samples from primary tumor samples with patient survival and with an increased gamma-delta T cell infiltrate.",Not found in abstract / unknown,Not found in abstract / unknown,Not found in abstract / unknown,Not found in abstract / unknown,Not found in abstract / unknown,Not found in abstract / unknown,Not found in abstract / unknown,Not found in abstract / unknown,Not found in abstract / unknown
ITB-000491,Intratumoral Microbiota Composition Regulates Chemoimmunotherapy Response in Esophageal Squamous Cell Carcinoma.,Mechanistic studies,Clinical statistics,,Automatic candidate; requires manual review,"The microbiomes of patients can impact therapy response, and previous studies have demonstrated that intestinal microbiota influences cancer immunotherapy by activating gut immunity. | Here, we investigated the effects of intratumoral microbiota on the response of patients with ESCC to NACI. | SIGNIFICANCE: Analysis of intratumoral microbiota in patients with esophageal cancer identifies a microbiota signature that is associated with chemoimmunotherapy response and reveals that Streptococcus induces a favorable response by stimulating CD8+ T-cell infiltration.",The enrichment of Streptococcus positively correlated with GrzB+ and CD8+ T-cell infiltration in tumor tissues. | SIGNIFICANCE: Analysis of intratumoral microbiota in patients with esophageal cancer identifies a microbiota signature that is associated with chemoimmunotherapy response and reveals that Streptococcus induces a favorable response by stimulating CD8+ T-cell infiltration.,Not found in abstract / unknown,Not found in abstract / unknown,"Mice that underwent fecal microbial transplantation or intestinal colonization with Streptococcus from responders showed enrichment of Streptococcus in tumor tissues, elevated tumor-infiltrating CD8+ T cells, and a favorable response to anti-PD-1 treatment.",Not found in abstract / unknown,Not found in abstract / unknown,"Mice that underwent fecal microbial transplantation or intestinal colonization with Streptococcus from responders showed enrichment of Streptococcus in tumor tissues, elevated tumor-infiltrating CD8+ T cells, and a favorable response to anti-PD-1 treatment.",Not found in abstract / unknown,Not found in abstract / unknown,Not found in abstract / unknown
ITB-000492,Fusobacterium periodonticum BCT protein targeting glucose metabolism to promote the epithelial-mesenchymal transition of esophageal cancer cells by lactic acid.,Unresolved,,,Automatic candidate; requires manual review,Not found in abstract / unknown,Not found in abstract / unknown,Not found in abstract / unknown,Not found in abstract / unknown,Not found in abstract / unknown,Not found in abstract / unknown,Not found in abstract / unknown,Not found in abstract / unknown,Not found in abstract / unknown,Not found in abstract / unknown,Not found in abstract / unknown
ITB-000493,Co-enrichment of cancer-associated bacterial taxa is correlated with immune cell infiltrates in esophageal tumor tissue.,Clinical statistics,,,Automatic candidate; requires manual review,"We extracted DNA from tumor and non-tumor tissue of 212 patients in the NCI-MD case control study and sequenced the 16S rRNA gene (V3-4), with TCGA ESCA RNA-seq (n = 172) and WGS (n = 123) non-human reads used as validation. | We identified four taxa, Campylobacter, Prevotella, Streptococcus, and Fusobacterium as highly enriched in esophageal cancer across all cohorts. | Using SparCC, we discovered that Fusobacterium and Prevotella were also co-enriched across all cohorts.","Esophageal carcinoma (ESCA) is a leading cause of cancer-related death worldwide, and certain oral and intestinal pathogens have been associated with cancer development and progression. | We then analyzed immune cell infiltration to determine if these dysbiotic taxa were associated with immune signatures.",Not found in abstract / unknown,Not found in abstract / unknown,Not found in abstract / unknown,Not found in abstract / unknown,Not found in abstract / unknown,Not found in abstract / unknown,Not found in abstract / unknown,Not found in abstract / unknown,Not found in abstract / unknown
ITB-000494,Tumor-Resident Microbiota-Based Risk Model Predicts Neoadjuvant Therapy Response of Locally Advanced Esophageal Squamous Cell Carcinoma Patients.,Clinical statistics,,,Automatic candidate; requires manual review,"Few predictive biomarkers exist for identifying patients who may benefit from neoadjuvant therapy (NAT). | The intratumoral microbial composition is comprehensively profiled to predict the efficacy and prognosis of patients with esophageal squamous cell carcinoma (ESCC) who underwent NAT and curative esophagectomy. | The MRP model also predicts disease-free survival (p = 0.00074 in the internal validation set and p = 0.0017 in the independent validation set) and overall survival (p = 0.00023 in the internal validation set and p = 0.11 in the independent validation set) of patients. | The MRP-plus model basing on MRP, tumor stage, and tumor size can also predict the patients who can benefit from NAT.",Not found in abstract / unknown,Not found in abstract / unknown,Not found in abstract / unknown,Not found in abstract / unknown,Not found in abstract / unknown,Not found in abstract / unknown,Not found in abstract / unknown,Not found in abstract / unknown,Not found in abstract / unknown,Not found in abstract / unknown
ITB-000495,Co-Infection by Porphyromonas gingivalis and Fusobacterium nucleatum Increases PD-L1 Expression in Esophageal Cancer Tissues.,Unresolved,,,Automatic candidate; requires manual review,Not found in abstract / unknown,Not found in abstract / unknown,Not found in abstract / unknown,Not found in abstract / unknown,Not found in abstract / unknown,Not found in abstract / unknown,Not found in abstract / unknown,Not found in abstract / unknown,Not found in abstract / unknown,Not found in abstract / unknown,Not found in abstract / unknown
ITB-000497,Intratumor Lactobacillus drives ferroptosis resistance via D-lactate-STAT3 K631 lactylation in esophageal squamous cell carcinoma.,Mechanistic studies,Clinical statistics,,Automatic candidate; requires manual review,"Here, 16S rRNA gene sequencing of 102 multiregional tissue blocks from 27 patients with ESCC, integrated with untargeted metabolomics, RNA sequencing, and mass spectrometry, identified Lactobacillus, particularly Lactobacillus reuteri, as a tumor-enriched taxon associated with adverse survival. | These translatable results emphasize the need for context-specific evaluation of Lactobacillus-containing probiotic supplementation in patients with ESCC.","Here, 16S rRNA gene sequencing of 102 multiregional tissue blocks from 27 patients with ESCC, integrated with untargeted metabolomics, RNA sequencing, and mass spectrometry, identified Lactobacillus, particularly Lactobacillus reuteri, as a tumor-enriched taxon associated with adverse survival.",Not found in abstract / unknown,Not found in abstract / unknown,Not found in abstract / unknown,"Disrupting bacterial D-lactate production using a ldhD-deficient L. reuteri mutant or blocking host STAT3 lactylation using STAT3-knockout cells reconstituted with wild-type STAT3 or lactylation-defective STAT3 K631R, abolished the pro-tumor and antiferroptotic effects in vitro and in vivo.","Disrupting bacterial D-lactate production using a ldhD-deficient L. reuteri mutant or blocking host STAT3 lactylation using STAT3-knockout cells reconstituted with wild-type STAT3 or lactylation-defective STAT3 K631R, abolished the pro-tumor and antiferroptotic effects in vitro and in vivo.","Mechanistic studies in ESCC cell lines and nude-mouse xenografts revealed a distinctive dynamic: in contrast to host-derived L-lactate, L. reuteri-derived D-lactate induced site-specific STAT3 lactylation at lysine 631, thereby promoting STAT3 dimerization and nuclear translocation. | Disrupting bacterial D-lactate production using a ldhD-deficient L. reuteri mutant or blocking host STAT3 lactylation using STAT3-knockout cells reconstituted with wild-type STAT3 or lactylation-defective STAT3 K631R, abolished the pro-tumor and antiferroptotic effects in vitro and in vivo.",Not found in abstract / unknown,Not found in abstract / unknown,Not found in abstract / unknown
ITB-000498,Intratumoral Parvimonas micra promotes esophageal squamous cell carcinoma via p-cresol-induced Treg differentiation.,Clinical statistics,,,Automatic candidate; requires manual review,"Here, we performed metagenomic sequencing on 119 paired tumor-normal tissues from patients with ESCC and single-cell RNA sequencing on 45 samples to investigate microbe-host interactions.","We identified Parvimonas micra (P. micra), an anaerobic oral-derived bacterium, as significantly enriched in tumor tissues and associated with poor prognosis. | Moreover, the abundance of P. micra correlated with increased regulatory T cell (Treg cell) infiltration in the ESCC tumor microenvironment.",Not found in abstract / unknown,Not found in abstract / unknown,Not found in abstract / unknown,Not found in abstract / unknown,Not found in abstract / unknown,Not found in abstract / unknown,Not found in abstract / unknown,Not found in abstract / unknown,Not found in abstract / unknown
ITB-000499,Intratumoral Fusobacterium nucleatum Drives Cancer-Associated Fibroblasts Enrichment and Immune Exclusion in Esophageal Squamous Cell Carcinoma.,Clinical statistics,,,Automatic candidate; requires manual review,"METHODS: We performed integrative analyses using metagenomic profiling and transcriptomic deconvolution, and histopathological assessment of 93 The Cancer Genome Atlas (TCGA)-ESCC cases and an independent cohort of 126 resected tumors. | Clinically, among elderly patients with poor performance status, the prevalence of F. nucleatum positivity was significantly higher.","Stromal analysis revealed a marked increase in cancer-associated fibroblasts (CAFs) in F. nucleatum-positive tumors, confirmed by transcriptomic deconvolution and α-SMA immunohistochemistry.",Not found in abstract / unknown,Not found in abstract / unknown,These findings highlight F. nucleatum as a potential biomarker of tumor immune dynamics and suggest the importance of maintaining good oral hygiene to reduce F. nucleatum colonization.,Not found in abstract / unknown,Not found in abstract / unknown,Not found in abstract / unknown,Not found in abstract / unknown,Not found in abstract / unknown,Not found in abstract / unknown
ITB-000501,Tumor-Intrinsic Microbiome-Based Subtyping of Esophageal Cancer as Predictive Biomarkers for Postoperative Survival.,Clinical statistics,,,Automatic candidate; requires manual review,"OBJECTIVE: This study aims to investigate the impact of different treatment regimens on the intratumoral microbiota (ITM) composition in esophageal cancer patients and its association with prognosis. | METHODS: Tumor tissue samples from 107 esophagectomy patients were analyzed by using 5R 16S rRNA sequencing. | Patients were classified into esophagotype A and B via hierarchical clustering, and the relationship between microbiota and prognosis was assessed through Kaplan-Meier survival analysis and Cox regression. | Survival analysis revealed that patients with esophagotype B had significantly worse outcomes compared with esophagotype A.","OBJECTIVE: This study aims to investigate the impact of different treatment regimens on the intratumoral microbiota (ITM) composition in esophageal cancer patients and its association with prognosis. | Patients were classified into esophagotype A and B via hierarchical clustering, and the relationship between microbiota and prognosis was assessed through Kaplan-Meier survival analysis and Cox regression. | Multivariable Cox regression confirmed microbial clustering within esophageal cancer subtypes as an independent prognostic factor.",Not found in abstract / unknown,Not found in abstract / unknown,Not found in abstract / unknown,Not found in abstract / unknown,Not found in abstract / unknown,Not found in abstract / unknown,Not found in abstract / unknown,Not found in abstract / unknown,Not found in abstract / unknown
ITB-000855,Intracellular Fusobacterium nucleatum infection attenuates antitumor immunity in esophageal squamous cell carcinoma.,Clinical statistics,,,Automatic candidate; requires manual review,"In this study, we find that Fn DNA is enriched in the nonresponder (NR) group among ESCC patients receiving PD-1 inhibitor and that the serum antibody level of Fn is significantly higher in the NR group than in the responder (R) group.",Not found in abstract / unknown,Not found in abstract / unknown,Not found in abstract / unknown,Not found in abstract / unknown,Not found in abstract / unknown,Not found in abstract / unknown,Not found in abstract / unknown,Not found in abstract / unknown,Not found in abstract / unknown,Not found in abstract / unknown
ITB-000870,Fusobacterium nucleatum-induced mitophagy in macrophages supports intracellular bacterial persistence and promotes esophageal squamous cell carcinoma metastasis.,Unresolved,,,Automatic candidate; requires manual review,Not found in abstract / unknown,Not found in abstract / unknown,Not found in abstract / unknown,Not found in abstract / unknown,Not found in abstract / unknown,Not found in abstract / unknown,Not found in abstract / unknown,Treatment with a mitochondrial division inhibitor (mdivi-1) reduced the intracellular Fn concentration and inhibited Fn-positive tumor metastasis in mice.,Not found in abstract / unknown,Not found in abstract / unknown,Not found in abstract / unknown
ITB-000589,Tumor Microbiome in Nasopharyngeal Carcinoma and Its Association With Prognosis.,Clinical statistics,,,Automatic candidate; requires manual review,"METHODS: We collected 64 samples including tissues from 50 patients with NPC (NPC group) and 14 patients with chronic nasopharyngitis (control group) receiver operating characteristics and we applied 16S ribosome RNA gene sequencing of all samples to assess microbiome profiles and immunohistochemistry to detect tumor microbiome in NPC. | RESULTS: Patients in the control group harbored higher species diversity than those in the NPC group; however, the beta diversity was more distinct in the NPC group. | Furthermore, Turicibacter was confirmed as a potentially independent prognostic factor for NPC patients, and the progression-free survival (PFS) was markedly prolonged in patients with a low relative abundance of Turicibacter compared to patients with a high relative abundance of this genus (cutoff: 0.0046, hazard ratio: 5.10, 95% confidence interval: 2.04-12.77, p = 0.004). | Turicibacter potentially served as a independently prognostic indicator for NPC patients.","Furthermore, Turicibacter was confirmed as a potentially independent prognostic factor for NPC patients, and the progression-free survival (PFS) was markedly prolonged in patients with a low relative abundance of Turicibacter compared to patients with a high relative abundance of this genus (cutoff: 0.0046, hazard ratio: 5.10, 95% confidence interval: 2.04-12.77, p = 0.004). | CONCLUSIONS: The present study provided strong evidence of a correlation between tumor microbiome and NPC; the tumor microbiome may be considered a biomarker for early NPC diagnosis.","METHODS: We collected 64 samples including tissues from 50 patients with NPC (NPC group) and 14 patients with chronic nasopharyngitis (control group) receiver operating characteristics and we applied 16S ribosome RNA gene sequencing of all samples to assess microbiome profiles and immunohistochemistry to detect tumor microbiome in NPC. | The area under the receiver operating characteristics (ROC) curve (AUC) was calculated using the relative abundance of these three significant genera, and a value of 0.842 was achieved.",Not found in abstract / unknown,Not found in abstract / unknown,Not found in abstract / unknown,Not found in abstract / unknown,Not found in abstract / unknown,Not found in abstract / unknown,Not found in abstract / unknown,Not found in abstract / unknown
ITB-000590,Association of Intratumoral Microbiota With Prognosis in Patients With Nasopharyngeal Carcinoma From 2 Hospitals in China.,Clinical statistics,,,Automatic candidate; requires manual review,"OBJECTIVE: To evaluate the clinical significance of intratumoral microbiota for individual prognostication in patients with NPC. | DESIGN, SETTING, AND PARTICIPANTS: This retrospective cohort study included NPC biopsy samples from 2 hospitals: Sun Yat-sen University Cancer Center (Guangzhou, China) and Zhejiang Cancer Hospital (Hangzhou, China) between January 2004 and November 2016, with follow-up through November 2020. | A total of 802 patients were included according to the following criteria: with histologically proven NPC, without distant metastasis at initial diagnosis, had not received antitumor treatment before biopsy sampling, aged between 18 and 70 years, with complete medical records and regular follow-up, without a history of cancer, and successfully extracted enough DNA for experiments. | To assess the existence and load of intratumoral microbiota in 96 patients with NPC with or without tumor relapse, 16S rRNA sequencing and quantitative polymerase chain reaction were used. | The associations between intratumoral bacterial load and clinical outcome were evaluated in 241 fresh-frozen NPC samples (training cohort) and validated in paraffin-embedded NPC samples of internal (n = 233) and external (n = 232) validation cohorts. | RESULTS: A total of 802 patients with NPC (mean [SD] age, 46.2 [10.6] years; 594 [74.1%] male) were enrolled. | Patients with a high bacterial load in the training cohort had inferior rates of disease-free survival (hazard ratio [HR], 2.90; 95% CI, 1.72-4.90; P < .001), distant metastasis-free survival (HR, 3.18; 95% CI, 1.58-6.39; P < .001), and overall survival (HR, 3.41; 95% CI, 1.90-6.11, P < .001) than those with a low bacterial load, a finding that was validated by the internal and external validation cohorts. | CONCLUSIONS AND RELEVANCE: Intratumoral bacterial load was a robust prognostic tool for patients with NPC in this cohort study, indicating potential guidance for treatment decisions in patients at different levels of risk of malignant progression.","The associations between intratumoral bacterial load and clinical outcome were evaluated in 241 fresh-frozen NPC samples (training cohort) and validated in paraffin-embedded NPC samples of internal (n = 233) and external (n = 232) validation cohorts. | Patients with a high bacterial load in the training cohort had inferior rates of disease-free survival (hazard ratio [HR], 2.90; 95% CI, 1.72-4.90; P < .001), distant metastasis-free survival (HR, 3.18; 95% CI, 1.58-6.39; P < .001), and overall survival (HR, 3.41; 95% CI, 1.90-6.11, P < .001) than those with a low bacterial load, a finding that was validated by the internal and external validation cohorts. | Transcriptome and digital pathology analyses demonstrated that a higher intratumoral bacterial load was negatively associated with T-lymphocyte infiltration.",Not found in abstract / unknown,"Patients with a high bacterial load in the training cohort had inferior rates of disease-free survival (hazard ratio [HR], 2.90; 95% CI, 1.72-4.90; P < .001), distant metastasis-free survival (HR, 3.18; 95% CI, 1.58-6.39; P < .001), and overall survival (HR, 3.41; 95% CI, 1.90-6.11, P < .001) than those with a low bacterial load, a finding that was validated by the internal and external validation cohorts.",Not found in abstract / unknown,Not found in abstract / unknown,Not found in abstract / unknown,Not found in abstract / unknown,Not found in abstract / unknown,Not found in abstract / unknown,Not found in abstract / unknown
ITB-000591,Intratumoral microbiota associates with systemic immune inflammation state in nasopharyngeal carcinoma.,Clinical statistics,,,Automatic candidate; requires manual review,The head and neck squamous cell carcinoma (HNSC) transcriptome and the paired HNSC microbiome data from TCGA were utilized to validate the analyses.,"However, the association between the intratumoral microbiota and host systemic inflammation and immune status in nasopharyngeal carcinoma (NPC) remain uncertain. | Correlation analyses between microbes and these indices were performed to identify microbes associated with inflammation and immune status. | Corynebacterium and Brevundimonas significantly impacted the T stage of tumors, with a high load of Corynebacterium within tumors associated with a better prognosis CONCLUSION: Our analysis indicates that Proteobacteria play a crucial role in the inflammatory state of NPC, while Bacteroidetes are more sensitive to the tumor immune status.",Not found in abstract / unknown,Not found in abstract / unknown,Not found in abstract / unknown,Not found in abstract / unknown,Not found in abstract / unknown,Not found in abstract / unknown,Not found in abstract / unknown,Not found in abstract / unknown,Not found in abstract / unknown
ITB-000592,Microbiota and metabolomic profiling coupled with machine learning to identify biomarkers and drug targets in nasopharyngeal carcinoma.,Clinical statistics,,,Automatic candidate; requires manual review,"METHODS: This study included 22 NPC patients stratified into radiotherapy-responsive (R, n = 12) and radiotherapy-non-responsive (NR, n = 10) groups.","The tumor-associated microbiota and metabolites have emerged as potential modulators of radiotherapy outcomes. | The XGBoost algorithm was applied to identify microbial taxa associated with radiotherapy response, and quantitative PCR (qPCR) was used to validate key findings.",Not found in abstract / unknown,Not found in abstract / unknown,Not found in abstract / unknown,Not found in abstract / unknown,Not found in abstract / unknown,Not found in abstract / unknown,Not found in abstract / unknown,Not found in abstract / unknown,Not found in abstract / unknown
ITB-000593,Culturomics reveals Fusobacterium-Prevotella mutualism as a hallmark of nasopharyngeal tumor microbiota.,Clinical statistics,,,Automatic candidate; requires manual review,"By analyzing a multicenter NPC cohort, we showed that Fusobacterium and Prevotella co-colonization in NPC tumors correlated with unfavorable clinical outcomes after conventional radiochemotherapy. | Overall, this study establishes a comprehensive nasopharyngeal bacterial catalog through culturomics, which offers valuable insights into microbiome-derived biomarker discovery and immunotherapy patient stratification in clinical practice.","By analyzing a multicenter NPC cohort, we showed that Fusobacterium and Prevotella co-colonization in NPC tumors correlated with unfavorable clinical outcomes after conventional radiochemotherapy.",Not found in abstract / unknown,Not found in abstract / unknown,"By analyzing a multicenter NPC cohort, we showed that Fusobacterium and Prevotella co-colonization in NPC tumors correlated with unfavorable clinical outcomes after conventional radiochemotherapy.",Not found in abstract / unknown,Not found in abstract / unknown,Not found in abstract / unknown,Not found in abstract / unknown,Not found in abstract / unknown,Not found in abstract / unknown
ITB-000866,Leucine restriction ameliorates Fusobacterium nucleatum-driven malignant progression and radioresistance in nasopharyngeal carcinoma.,Clinical statistics,,,Automatic candidate; requires manual review,Radiotherapy resistance is the main cause of treatment failure among patients with nasopharyngeal carcinoma (NPC). | We found that Fn is prevalent in the tumor tissue of patients with NPC and is associated with radioresistance. | These findings demonstrate that Fn has the potential to be a predictive marker for radioresistance and to help guide individualized treatment for patients with NPC.,We found that Fn is prevalent in the tumor tissue of patients with NPC and is associated with radioresistance.,Not found in abstract / unknown,Not found in abstract / unknown,Not found in abstract / unknown,Not found in abstract / unknown,Not found in abstract / unknown,"Treatment with the mitochondria-targeted antibiotics or dietary restriction of leucine reduced intratumoral Fn load, resensitizing tumors to radiotherapy in vivo.",Not found in abstract / unknown,Not found in abstract / unknown,Not found in abstract / unknown
